Workbook

Sheet BD
S1: Alto : | Y1: H | Z1: =MID(AA1,1,2) -> 22 | AA1: 2200
S2: Ancho : | Y2: W | Z2: =MID(AA2,1,2) -> 72 | AA2: 720
S3: Profundo: | Y3: D | Z3: =MID(AA3,1,2) -> 60 | AA3: 600
S4: IP: | AA4: 30 | AD4: 1 | AE4: 2 | AF4: 3 | AG4: 4 | AH4: 5 | AI4: 6 | AJ4: 7 | AK4: 8 | AL4: 9 | AM4: 10 | AN4: 11 | AO4: 12 | AP4: 13 | AQ4: 14 | AR4: 15 | AS4: 16 | AT4: 17 | AU4: 18 | AV4: 19 | AW4: 20 | AX4: 21 | BH4: Caracteristicas | BL4: HBB | CF4: VBB
B5: Codigo | C5: Categoria | D5: Codigo | E5: SubCodigo1 | F5: SubCodigo2 | G5: Alto | I5: Ancho | K5: Profundo | M5: Criterio1 | N5: Criterio2 | O5: Criterio3 | P5: Criterio4 | Q5: Definición | U5: Categoria | V5: Criterio5 | W5: Criterio1 | X5: Criterio2 | Y5: Criterio3 | Z5: CodigoB | AA5: Codigo | AD5: REFERENCIA | AE5: Info | AG5: Tipo | AH5: Linea | AI5: Orientacion | AJ5: Montaje | AK5: Operacion0 | AL5: Ancho | AM5: Profundo | AN5: Topping | AO5: REFERENCIA | AV5: FM | AW5: PM | AX5: Definicion | BJ5: Icc | BK5: In | BL5: W (mm) | BM5: Codigo | BN5: Interruptor | BO5: 100 A | BP5: 250 A | BQ5: 400 A | BR5: 630 A | BS5: 800 A | BT5: 1000 A | BU5: 1250 A | BV5: 1600 A | BW5: 2000 A | BX5: 2500 A | BY5: 3200 A | BZ5: 4000 A | CF5: L(mm) | CG5: Codigo | CH5: Interruptor | CI5: 100 A | CJ5: 250 A | CK5: 400 A | CL5: 630 A | CM5: 800 A | CN5: 1000 A | CO5: 1250 A | CP5: 1600 A
A6: 1 | B6: =MID(H6,1,2)&MID(J6,1,2)&MID(L6,1,2)&MID(C6,1,2)&MID(M6,1,1)&MID(N6,1,1)&MID(O6,1,1)&MID(P6,1,3) -> 182040Ma | C6: Marco | D6: 017000 | E6: 014000 | F6: 010020 | G6: =IF(H6<>"","H:","") -> H: | H6: 1800 | I6: =IF(J6<>"","W:","") -> W: | J6: 200 | K6: =IF(L6<>"","D:","") -> D: | L6: 400 | Q6: =IF(B6<>"",(C6&M6&N6&O6&P6&" / "&G6&H6&I6&J6&K6&L6&" mm"),"") -> Marco / H:1800W:200D:400 mm | S6: 1.1.1. | T6: Marco | U6: Ma | V6: =Z1&Z2&Z3 -> 227260 | Z6: =V6&U6&MID(W6,1,1)&MID(X6,1,1)&MID(Y6,1,3) -> 227260Ma | AA6: =VLOOKUP(Z6,$B$6:$D$470,3,FALSE) -> 017033 | AD6: =AO6&AP6&AQ6&AR6&AS6&AT6&AN6&AU6 -> IMBVFPW2- | AE6: UF. | AF6: de | AG6: Integrada | AH6: Mini Breaker | AI6: Vertical | AJ6: Fijo | AK6: Palanca | AL6: W:400 | AN6: - | AO6: =MID(AG6,1,1) -> I | AP6: {=IFERROR(_xlfn.IFS(AH6="Mini Breaker ","MB",AH6="GoPact ","GP",AH6="EZC 100 ","EZ1",AH6="EZC 250 ","EZ2",AH6="CVS/NSX 250 ","CV2",AH6="CVS/NSX/EZC 630 ","CV6",AH6="NS 1600 ","NS1",AH6="NW/MTZ 4000 ","NW4",AH6="Conmutador PEQ. ","CP",AH6="Conmutador MED. ","CM",AH6="Conmutador GRA. ","CG",AH6="Contactores ","CK"),"")} -> MB | AQ6: {=_xlfn.IFS(AI6="Horizontal ","H",AI6="Horizontal COMPUESTA ","HC",AI6="Vertical ","V",AI6="Vertical Compacta ","VC",AI6="Vertical Extendida ","VE")} -> V | AR6: =MID(AJ6,1,1) -> F | AS6: =MID(AK6,1,1) -> P | AT6: {=IFERROR(_xlfn.IFS(AL6="W:200 ","W1",AL6="W:400 ","W2",AL6="W:720 ","W3",AL6="W:800 ","W4",AL6="W:1120 ","W5"),"")} -> W2 | AU6: {=IFERROR(_xlfn.IFS(AM6="D:400 ","D1",AM6="D:600 ","D2",AM6="D:1000 ","D3"),"")} | AV6: 021125 | AW6: 024000 | AX6: =AE6&AF6&AH6&AI6&AJ6&AK6&AL6&AM6&AN6 -> UF. de Mini Breaker Vertical Fijo Palanca W:400 - | BB6: =BC6&BD6&BE6&BF6 -> 1AH | BC6: {=_xlfn.IFS(BJ6="10 - 25",1,BJ6="10 - 40",2,BJ6="10 - 65",3,BJ6="10 - 85",4)} -> 1 | BD6: {=_xlfn.IFS(BK6="630","A",BK6="1250","B",BK6="1600","C",BK6="2000","D",BK6="2500","E",BK6="3200","F",BK6="4000","G",BK6="5000","H",BK6="6300","I",BK6="7000","J")} -> A | BE6: H | BF6: {=IFERROR(_xlfn.IFS(BL6="400 + 400","X",BL6="720","Y",BL6="1120","Z"),"")} | BH6: TC | BJ6: 10 - 25 | BK6: 630 | BL6: - | BM6: - | BN6: EZC | BO6: - | BP6: - | BQ6: - | BR6: - | BS6: - | BT6: - | BU6: - | BV6: - | BW6: - | BX6: - | BY6: - | BZ6: - | CB6: =BC6&BD6&CC6&CD6 -> 1AVM | CC6: V | CD6: {=IFERROR(_xlfn.IFS(CF6="1/4","M",CF6="1/2","N",CF6="3/4","O",CF6="1","P"),"")} -> M | CF6: 1/4 | CG6: 037000 | CH6: EZC | CI6: 047001 | CJ6: 047002 | CK6: 047003 | CL6: 047004 | CM6: - | CN6: - | CO6: - | CP6: -
A7: 2 | B7: =MID(H7,1,2)&MID(J7,1,2)&MID(L7,1,2)&MID(C7,1,2)&MID(M7,1,1)&MID(N7,1,1)&MID(O7,1,1)&MID(P7,1,3) -> 182060Ma | C7: Marco | D7: 017001 | E7: 014001 | F7: 010020 | G7: =IF(H7<>"","H:","") -> H: | H7: 1800 | I7: =IF(J7<>"","W:","") -> W: | J7: 200 | K7: =IF(L7<>"","D:","") -> D: | L7: 600 | Q7: =IF(B7<>"",(C7&M7&N7&O7&P7&" / "&G7&H7&I7&J7&K7&L7&" mm"),"") -> Marco / H:1800W:200D:600 mm | S7: 1.1.2. | T7: Puerta/Marco liso | U7: Pu | V7: =Z1&Z2 -> 2272 | W7: Plena | Z7: =V7&U7&MID(W7,1,1)&MID(X7,1,1)&MID(Y7,1,3) -> 2272PuP | AA7: =VLOOKUP(Z7,$B$6:$D$470,3,FALSE) -> 014109 | AD7: =AO7&AP7&AQ7&AR7&AS7&AT7&AN7&AU7 -> IMBVFPW3- | AE7: UF. | AF7: de | AG7: Integrada | AH7: Mini Breaker | AI7: Vertical | AJ7: Fijo | AK7: Palanca | AL7: W:720 | AN7: - | AO7: =MID(AG7,1,1) -> I | AP7: {=IFERROR(_xlfn.IFS(AH7="Mini Breaker ","MB",AH7="GoPact ","GP",AH7="EZC 100 ","EZ1",AH7="EZC 250 ","EZ2",AH7="CVS/NSX 250 ","CV2",AH7="CVS/NSX/EZC 630 ","CV6",AH7="NS 1600 ","NS1",AH7="NW/MTZ 4000 ","NW4",AH7="Conmutador PEQ. ","CP",AH7="Conmutador MED. ","CM",AH7="Conmutador GRA. ","CG",AH7="Contactores ","CK"),"")} -> MB | AQ7: {=_xlfn.IFS(AI7="Horizontal ","H",AI7="Horizontal COMPUESTA ","HC",AI7="Vertical ","V",AI7="Vertical Compacta ","VC",AI7="Vertical Extendida ","VE")} -> V | AR7: =MID(AJ7,1,1) -> F | AS7: =MID(AK7,1,1) -> P | AT7: {=IFERROR(_xlfn.IFS(AL7="W:200 ","W1",AL7="W:400 ","W2",AL7="W:720 ","W3",AL7="W:800 ","W4",AL7="W:1120 ","W5"),"")} -> W3 | AU7: {=IFERROR(_xlfn.IFS(AM7="D:400 ","D1",AM7="D:600 ","D2",AM7="D:1000 ","D3"),"")} | AV7: 021050 | AW7: 024001 | AX7: =AE7&AF7&AH7&AI7&AJ7&AK7&AL7&AM7&AN7 -> UF. de Mini Breaker Vertical Fijo Palanca W:720 - | BB7: =BC7&BD7&BE7&BF7 -> 1AH | BC7: =BC6 -> 1 | BD7: =BD6 -> A | BE7: =BE6 -> H | BF7: {=IFERROR(_xlfn.IFS(BL7="400 + 400","X",BL7="720","Y",BL7="1120","Z"),"")} | BL7: - | BM7: - | BN7: CVS | BO7: - | BP7: - | BQ7: - | BR7: - | BS7: - | BT7: - | BU7: - | BV7: - | BW7: - | BX7: - | BY7: - | BZ7: - | CB7: =BC7&BD7&CC7&CD7 -> 1AVN | CC7: V | CD7: {=IFERROR(_xlfn.IFS(CF7="1/4","M",CF7="1/2","N",CF7="3/4","O",CF7="1","P"),"")} -> N | CF7: 1/2 | CG7: 037001 | CH7: CVS | CI7: 047005 | CJ7: 047006 | CK7: 047007 | CL7: 047008 | CM7: - | CN7: - | CO7: - | CP7: -
A8: 3 | B8: =MID(H8,1,2)&MID(J8,1,2)&MID(L8,1,2)&MID(C8,1,2)&MID(M8,1,1)&MID(N8,1,1)&MID(O8,1,1)&MID(P8,1,3) -> 182010Ma | C8: Marco | D8: 017002 | E8: 014002 | F8: 010020 | G8: =IF(H8<>"","H:","") -> H: | H8: 1800 | I8: =IF(J8<>"","W:","") -> W: | J8: 200 | K8: =IF(L8<>"","D:","") -> D: | L8: 1000 | Q8: =IF(B8<>"",(C8&M8&N8&O8&P8&" / "&G8&H8&I8&J8&K8&L8&" mm"),"") -> Marco / H:1800W:200D:1000 mm | S8: 1.1.3. | T8: Kit paneles laterales | U8: PaL | V8: =Z1&Z3 -> 2260 | W8: Pleno | Z8: =V8&U8&MID(W8,1,1)&MID(X8,1,1)&MID(Y8,1,3) -> 2260PaLP | AA8: =VLOOKUP(Z8,$B$6:$D$470,3,FALSE) -> 014032 | AD8: =AO8&AP8&AQ8&AR8&AS8&AT8&AN8&AU8 -> ICV2VCFPW3- | AE8: UF. | AF8: de | AG8: Integrada | AH8: CVS/NSX 250 | AI8: Vertical Compacta | AJ8: Fijo | AK8: Palanca | AL8: W:720 | AN8: - | AO8: =MID(AG8,1,1) -> I | AP8: {=IFERROR(_xlfn.IFS(AH8="Mini Breaker ","MB",AH8="GoPact ","GP",AH8="EZC 100 ","EZ1",AH8="EZC 250 ","EZ2",AH8="CVS/NSX 250 ","CV2",AH8="CVS/NSX/EZC 630 ","CV6",AH8="NS 1600 ","NS1",AH8="NW/MTZ 4000 ","NW4",AH8="Conmutador PEQ. ","CP",AH8="Conmutador MED. ","CM",AH8="Conmutador GRA. ","CG",AH8="Contactores ","CK"),"")} -> CV2 | AQ8: {=_xlfn.IFS(AI8="Horizontal ","H",AI8="Horizontal COMPUESTA ","HC",AI8="Vertical ","V",AI8="Vertical Compacta ","VC",AI8="Vertical Extendida ","VE")} -> VC | AR8: =MID(AJ8,1,1) -> F | AS8: =MID(AK8,1,1) -> P | AT8: {=IFERROR(_xlfn.IFS(AL8="W:200 ","W1",AL8="W:400 ","W2",AL8="W:720 ","W3",AL8="W:800 ","W4",AL8="W:1120 ","W5"),"")} -> W3 | AU8: {=IFERROR(_xlfn.IFS(AM8="D:400 ","D1",AM8="D:600 ","D2",AM8="D:1000 ","D3"),"")} | AV8: 021058 | AW8: 024002 | AX8: =AE8&AF8&AH8&AI8&AJ8&AK8&AL8&AM8&AN8 -> UF. de CVS/NSX 250 Vertical Compacta Fijo Palanca W:720 - | BB8: =BC8&BD8&BE8&BF8 -> 1AH | BC8: =BC7 -> 1 | BD8: =BD6 -> A | BE8: =BE7 -> H | BF8: {=IFERROR(_xlfn.IFS(BL8="400 + 400","X",BL8="720","Y",BL8="1120","Z"),"")} | BL8: - | BM8: - | BN8: NSX | BO8: - | BP8: - | BQ8: - | BR8: - | BS8: - | BT8: - | BU8: - | BV8: - | BW8: - | BX8: - | BY8: - | BZ8: - | CB8: =BC8&BD8&CC8&CD8 -> 1AVO | CC8: V | CD8: {=IFERROR(_xlfn.IFS(CF8="1/4","M",CF8="1/2","N",CF8="3/4","O",CF8="1","P"),"")} -> O | CF8: 3/4 | CG8: 037002 | CH8: NSX
A9: 4 | B9: =MID(H9,1,2)&MID(J9,1,2)&MID(L9,1,2)&MID(C9,1,2)&MID(M9,1,1)&MID(N9,1,1)&MID(O9,1,1)&MID(P9,1,3) -> 184040Ma | C9: Marco | D9: 017003 | E9: 014000 | F9: 010021 | G9: =IF(H9<>"","H:","") -> H: | H9: 1800 | I9: =IF(J9<>"","W:","") -> W: | J9: 400 | K9: =IF(L9<>"","D:","") -> D: | L9: 400 | Q9: =IF(B9<>"",(C9&M9&N9&O9&P9&" / "&G9&H9&I9&J9&K9&L9&" mm"),"") -> Marco / H:1800W:400D:400 mm | S9: 1.1.4. | T9: Panel posterior | U9: PaP | V9: =Z1&Z2 -> 2272 | W9: Pleno | Z9: =V9&U9&MID(W9,1,1)&MID(X9,1,1)&MID(Y9,1,3) -> 2272PaPP | AA9: =VLOOKUP(Z9,$B$6:$D$470,3,FALSE) -> 014061 | AD9: =AO9&AP9&AQ9&AR9&AS9&AT9&AN9&AU9 -> ICV2VEFPW3- | AE9: UF. | AF9: de | AG9: Integrada | AH9: CVS/NSX 250 | AI9: Vertical Extendida | AJ9: Fijo | AK9: Palanca | AL9: W:720 | AN9: - | AO9: =MID(AG9,1,1) -> I | AP9: {=IFERROR(_xlfn.IFS(AH9="Mini Breaker ","MB",AH9="GoPact ","GP",AH9="EZC 100 ","EZ1",AH9="EZC 250 ","EZ2",AH9="CVS/NSX 250 ","CV2",AH9="CVS/NSX/EZC 630 ","CV6",AH9="NS 1600 ","NS1",AH9="NW/MTZ 4000 ","NW4",AH9="Conmutador PEQ. ","CP",AH9="Conmutador MED. ","CM",AH9="Conmutador GRA. ","CG",AH9="Contactores ","CK"),"")} -> CV2 | AQ9: {=_xlfn.IFS(AI9="Horizontal ","H",AI9="Horizontal COMPUESTA ","HC",AI9="Vertical ","V",AI9="Vertical Compacta ","VC",AI9="Vertical Extendida ","VE")} -> VE | AR9: =MID(AJ9,1,1) -> F | AS9: =MID(AK9,1,1) -> P | AT9: {=IFERROR(_xlfn.IFS(AL9="W:200 ","W1",AL9="W:400 ","W2",AL9="W:720 ","W3",AL9="W:800 ","W4",AL9="W:1120 ","W5"),"")} -> W3 | AU9: {=IFERROR(_xlfn.IFS(AM9="D:400 ","D1",AM9="D:600 ","D2",AM9="D:1000 ","D3"),"")} | AV9: 021099 | AW9: 024003 | AX9: =AE9&AF9&AH9&AI9&AJ9&AK9&AL9&AM9&AN9 -> UF. de CVS/NSX 250 Vertical Extendida Fijo Palanca W:720 - | BB9: =BC9&BD9&BE9&BF9 -> 1AH | BC9: =BC8 -> 1 | BD9: =BD6 -> A | BE9: =BE8 -> H | BF9: {=IFERROR(_xlfn.IFS(BL9="400 + 400","X",BL9="720","Y",BL9="1120","Z"),"")} | BL9: - | BM9: - | BN9: - | BO9: - | BP9: - | BQ9: - | BR9: - | BS9: - | BT9: - | BU9: - | BV9: - | BW9: - | BX9: - | BY9: - | BZ9: - | CB9: =BC9&BD9&CC9&CD9 -> 1AVP | CC9: V | CD9: {=IFERROR(_xlfn.IFS(CF9="1/4","M",CF9="1/2","N",CF9="3/4","O",CF9="1","P"),"")} -> P | CF9: 1 | CG9: 037003 | CH9: - | CI9: - | CJ9: - | CK9: - | CL9: - | CM9: - | CN9: - | CO9: - | CP9: -
A10: 5 | B10: =MID(H10,1,2)&MID(J10,1,2)&MID(L10,1,2)&MID(C10,1,2)&MID(M10,1,1)&MID(N10,1,1)&MID(O10,1,1)&MID(P10,1,3) -> 184060Ma | C10: Marco | D10: 017004 | E10: 014001 | F10: 010021 | G10: =IF(H10<>"","H:","") -> H: | H10: 1800 | I10: =IF(J10<>"","W:","") -> W: | J10: 400 | K10: =IF(L10<>"","D:","") -> D: | L10: 600 | Q10: =IF(B10<>"",(C10&M10&N10&O10&P10&" / "&G10&H10&I10&J10&K10&L10&" mm"),"") -> Marco / H:1800W:400D:600 mm | S10: 1.1.5. | T10: Panel superior | U10: Pa | V10: =Z2&Z3 -> 7260 | W10: Superior | Z10: =V10&U10&MID(W10,1,1)&MID(X10,1,1)&MID(Y10,1,3) -> 7260PaS | AA10: =VLOOKUP(Z10,$B$6:$D$470,3,FALSE) -> 010057 | AD10: =AO10&AP10&AQ10&AR10&AS10&AT10&AN10&AU10 -> ICV2VCFMW3- | AE10: UF. | AF10: de | AG10: Integrada | AH10: CVS/NSX 250 | AI10: Vertical Compacta | AJ10: Fijo | AK10: Motorizado | AL10: W:720 | AN10: - | AO10: =MID(AG10,1,1) -> I | AP10: {=IFERROR(_xlfn.IFS(AH10="Mini Breaker ","MB",AH10="GoPact ","GP",AH10="EZC 100 ","EZ1",AH10="EZC 250 ","EZ2",AH10="CVS/NSX 250 ","CV2",AH10="CVS/NSX/EZC 630 ","CV6",AH10="NS 1600 ","NS1",AH10="NW/MTZ 4000 ","NW4",AH10="Conmutador PEQ. ","CP",AH10="Conmutador MED. ","CM",AH10="Conmutador GRA. ","CG",AH10="Contactores ","CK"),"")} -> CV2 | AQ10: {=_xlfn.IFS(AI10="Horizontal ","H",AI10="Horizontal COMPUESTA ","HC",AI10="Vertical ","V",AI10="Vertical Compacta ","VC",AI10="Vertical Extendida ","VE")} -> VC | AR10: =MID(AJ10,1,1) -> F | AS10: =MID(AK10,1,1) -> M | AT10: {=IFERROR(_xlfn.IFS(AL10="W:200 ","W1",AL10="W:400 ","W2",AL10="W:720 ","W3",AL10="W:800 ","W4",AL10="W:1120 ","W5"),"")} -> W3 | AU10: {=IFERROR(_xlfn.IFS(AM10="D:400 ","D1",AM10="D:600 ","D2",AM10="D:1000 ","D3"),"")} | AV10: 021129 | AW10: 024002 | AX10: =AE10&AF10&AH10&AI10&AJ10&AK10&AL10&AM10&AN10 -> UF. de CVS/NSX 250 Vertical Compacta Fijo Motorizado W:720 - | BB10: =BC10&BD10&BE10&BF10 -> 2BHY | BC10: {=_xlfn.IFS(BJ10="10 - 25",1,BJ10="10 - 40",2,BJ10="10 - 65",3,BJ10="10 - 85",4)} -> 2 | BD10: {=_xlfn.IFS(BK10="630","A",BK10="1250","B",BK10="1600","C",BK10="2000","D",BK10="2500","E",BK10="3200","F",BK10="4000","G",BK10="5000","H",BK10="6300","I",BK10="7000","J")} -> B | BE10: H | BF10: {=IFERROR(_xlfn.IFS(BL10="400 + 400","X",BL10="720","Y",BL10="1120","Z"),"")} -> Y | BH10: TC | BI10: TM | BJ10: 10 - 40 | BK10: 1250 | BL10: 720 | BM10: 038000 | BN10: EZC | BO10: 048001 | BP10: 048002 | BQ10: 048003 | BR10: 048004 | BS10: - | BT10: - | BU10: - | BV10: - | BW10: - | BX10: - | BY10: - | BZ10: - | CB10: =BC10&BD10&CC10&CD10 -> 2BVM | CC10: V | CD10: {=IFERROR(_xlfn.IFS(CF10="1/4","M",CF10="1/2","N",CF10="3/4","O",CF10="1","P"),"")} -> M | CF10: 1/4 | CG10: 037004 | CH10: EZC | CI10: 047009 | CJ10: 047010 | CK10: 047011 | CL10: 047012 | CM10: - | CN10: - | CO10: - | CP10: -
A11: 6 | B11: =MID(H11,1,2)&MID(J11,1,2)&MID(L11,1,2)&MID(C11,1,2)&MID(M11,1,1)&MID(N11,1,1)&MID(O11,1,1)&MID(P11,1,3) -> 184010Ma | C11: Marco | D11: 017005 | E11: 014002 | F11: 010021 | G11: =IF(H11<>"","H:","") -> H: | H11: 1800 | I11: =IF(J11<>"","W:","") -> W: | J11: 400 | K11: =IF(L11<>"","D:","") -> D: | L11: 1000 | Q11: =IF(B11<>"",(C11&M11&N11&O11&P11&" / "&G11&H11&I11&J11&K11&L11&" mm"),"") -> Marco / H:1800W:400D:1000 mm | S11: 1.1.6. | T11: Base inferior | U11: Ba | V11: =Z2&Z3 -> 7260 | W11: Estructural | Z11: =V11&U11&MID(W11,1,1)&MID(X11,1,1)&MID(Y11,1,3) -> 7260BaE | AA11: =VLOOKUP(Z11,$B$6:$D$470,3,FALSE) -> 015007 | AD11: =AO11&AP11&AQ11&AR11&AS11&AT11&AN11&AU11 -> ICV2VEFMW3- | AE11: UF. | AF11: de | AG11: Integrada | AH11: CVS/NSX 250 | AI11: Vertical Extendida | AJ11: Fijo | AK11: Motorizado | AL11: W:720 | AN11: - | AO11: =MID(AG11,1,1) -> I | AP11: {=IFERROR(_xlfn.IFS(AH11="Mini Breaker ","MB",AH11="GoPact ","GP",AH11="EZC 100 ","EZ1",AH11="EZC 250 ","EZ2",AH11="CVS/NSX 250 ","CV2",AH11="CVS/NSX/EZC 630 ","CV6",AH11="NS 1600 ","NS1",AH11="NW/MTZ 4000 ","NW4",AH11="Conmutador PEQ. ","CP",AH11="Conmutador MED. ","CM",AH11="Conmutador GRA. ","CG",AH11="Contactores ","CK"),"")} -> CV2 | AQ11: {=_xlfn.IFS(AI11="Horizontal ","H",AI11="Horizontal COMPUESTA ","HC",AI11="Vertical ","V",AI11="Vertical Compacta ","VC",AI11="Vertical Extendida ","VE")} -> VE | AR11: =MID(AJ11,1,1) -> F | AS11: =MID(AK11,1,1) -> M | AT11: {=IFERROR(_xlfn.IFS(AL11="W:200 ","W1",AL11="W:400 ","W2",AL11="W:720 ","W3",AL11="W:800 ","W4",AL11="W:1120 ","W5"),"")} -> W3 | AU11: {=IFERROR(_xlfn.IFS(AM11="D:400 ","D1",AM11="D:600 ","D2",AM11="D:1000 ","D3"),"")} | AV11: 021130 | AW11: 024003 | AX11: =AE11&AF11&AH11&AI11&AJ11&AK11&AL11&AM11&AN11 -> UF. de CVS/NSX 250 Vertical Extendida Fijo Motorizado W:720 - | BB11: =BC11&BD11&BE11&BF11 -> 2BHZ | BC11: =BC10 -> 2 | BD11: =BD10 -> B | BE11: =BE10 -> H | BF11: {=IFERROR(_xlfn.IFS(BL11="400 + 400","X",BL11="720","Y",BL11="1120","Z"),"")} -> Z | BL11: 1120 | BM11: 038001 | BN11: CVS | BO11: 048005 | BP11: 048006 | BQ11: 048007 | BR11: 048008 | BS11: - | BT11: - | BU11: - | BV11: - | BW11: - | BX11: - | BY11: - | BZ11: - | CB11: =BC11&BD11&CC11&CD11 -> 2BVN | CC11: V | CD11: {=IFERROR(_xlfn.IFS(CF11="1/4","M",CF11="1/2","N",CF11="3/4","O",CF11="1","P"),"")} -> N | CF11: 1/2 | CG11: 037005 | CH11: CVS | CI11: 047013 | CJ11: 047014 | CK11: 047015 | CL11: 047016 | CM11: - | CN11: - | CO11: - | CP11: -
A12: 7 | B12: =MID(H12,1,2)&MID(J12,1,2)&MID(L12,1,2)&MID(C12,1,2)&MID(M12,1,1)&MID(N12,1,1)&MID(O12,1,1)&MID(P12,1,3) -> 187240Ma | C12: Marco | D12: 017006 | E12: 014000 | F12: 010022 | G12: =IF(H12<>"","H:","") -> H: | H12: 1800 | I12: =IF(J12<>"","W:","") -> W: | J12: 720 | K12: =IF(L12<>"","D:","") -> D: | L12: 400 | Q12: =IF(B12<>"",(C12&M12&N12&O12&P12&" / "&G12&H12&I12&J12&K12&L12&" mm"),"") -> Marco / H:1800W:720D:400 mm | S12: 1.1.7. | T12: Kit tapa zocalos laterales | U12: Zo | V12: =Z3 -> 60 | W12: Laterales | Z12: =V12&U12&MID(W12,1,1)&MID(X12,1,1)&MID(Y12,1,3) -> 60ZoL | AA12: =VLOOKUP(Z12,$B$6:$D$470,3,FALSE) -> 010177 | AD12: =AO12&AP12&AQ12&AR12&AS12&AT12&AN12&AU12 -> ICV2VFPW2- | AE12: UF. | AF12: de | AG12: Integrada | AH12: CVS/NSX 250 | AI12: Vertical | AJ12: Fijo | AK12: Palanca | AL12: W:400 | AN12: - | AO12: =MID(AG12,1,1) -> I | AP12: {=IFERROR(_xlfn.IFS(AH12="Mini Breaker ","MB",AH12="GoPact ","GP",AH12="EZC 100 ","EZ1",AH12="EZC 250 ","EZ2",AH12="CVS/NSX 250 ","CV2",AH12="CVS/NSX/EZC 630 ","CV6",AH12="NS 1600 ","NS1",AH12="NW/MTZ 4000 ","NW4",AH12="Conmutador PEQ. ","CP",AH12="Conmutador MED. ","CM",AH12="Conmutador GRA. ","CG",AH12="Contactores ","CK"),"")} -> CV2 | AQ12: {=_xlfn.IFS(AI12="Horizontal ","H",AI12="Horizontal COMPUESTA ","HC",AI12="Vertical ","V",AI12="Vertical Compacta ","VC",AI12="Vertical Extendida ","VE")} -> V | AR12: =MID(AJ12,1,1) -> F | AS12: =MID(AK12,1,1) -> P | AT12: {=IFERROR(_xlfn.IFS(AL12="W:200 ","W1",AL12="W:400 ","W2",AL12="W:720 ","W3",AL12="W:800 ","W4",AL12="W:1120 ","W5"),"")} -> W2 | AU12: {=IFERROR(_xlfn.IFS(AM12="D:400 ","D1",AM12="D:600 ","D2",AM12="D:1000 ","D3"),"")} | AV12: 021133 | AW12: 024004 | AX12: =AE12&AF12&AH12&AI12&AJ12&AK12&AL12&AM12&AN12 -> UF. de CVS/NSX 250 Vertical Fijo Palanca W:400 - | BB12: =BC12&BD12&BE12&BF12 -> 2BHX | BC12: =BC11 -> 2 | BD12: =BD10 -> B | BE12: =BE11 -> H | BF12: {=IFERROR(_xlfn.IFS(BL12="400 + 400","X",BL12="720","Y",BL12="1120","Z"),"")} -> X | BL12: 400 + 400 | BM12: 038002 | BN12: NSX | BO12: 048005 | BP12: 048006 | BQ12: 048007 | BR12: 048008 | BS12: - | BT12: - | BU12: - | BV12: - | BW12: - | BX12: - | BY12: - | BZ12: - | CB12: =BC12&BD12&CC12&CD12 -> 2BVO | CC12: V | CD12: {=IFERROR(_xlfn.IFS(CF12="1/4","M",CF12="1/2","N",CF12="3/4","O",CF12="1","P"),"")} -> O | CF12: 3/4 | CG12: 037006 | CH12: NSX
A13: 8 | B13: =MID(H13,1,2)&MID(J13,1,2)&MID(L13,1,2)&MID(C13,1,2)&MID(M13,1,1)&MID(N13,1,1)&MID(O13,1,1)&MID(P13,1,3) -> 187260Ma | C13: Marco | D13: 017007 | E13: 014001 | F13: 010022 | G13: =IF(H13<>"","H:","") -> H: | H13: 1800 | I13: =IF(J13<>"","W:","") -> W: | J13: 720 | K13: =IF(L13<>"","D:","") -> D: | L13: 600 | Q13: =IF(B13<>"",(C13&M13&N13&O13&P13&" / "&G13&H13&I13&J13&K13&L13&" mm"),"") -> Marco / H:1800W:720D:600 mm | S13: 1.1.8. | T13: Kit tapa zocalos Frontales | U13: Zo | V13: =Z2 -> 72 | W13: Frontales | Z13: =V13&U13&MID(W13,1,1)&MID(X13,1,1)&MID(Y13,1,3) -> 72ZoF | AA13: =VLOOKUP(Z13,$B$6:$D$470,3,FALSE) -> 010178 | AD13: =AO13&AP13&AQ13&AR13&AS13&AT13&AN13&AU13 -> ICV2VFMW2- | AE13: UF. | AF13: de | AG13: Integrada | AH13: CVS/NSX 250 | AI13: Vertical | AJ13: Fijo | AK13: Motorizado | AL13: W:400 | AN13: - | AO13: =MID(AG13,1,1) -> I | AP13: {=IFERROR(_xlfn.IFS(AH13="Mini Breaker ","MB",AH13="GoPact ","GP",AH13="EZC 100 ","EZ1",AH13="EZC 250 ","EZ2",AH13="CVS/NSX 250 ","CV2",AH13="CVS/NSX/EZC 630 ","CV6",AH13="NS 1600 ","NS1",AH13="NW/MTZ 4000 ","NW4",AH13="Conmutador PEQ. ","CP",AH13="Conmutador MED. ","CM",AH13="Conmutador GRA. ","CG",AH13="Contactores ","CK"),"")} -> CV2 | AQ13: {=_xlfn.IFS(AI13="Horizontal ","H",AI13="Horizontal COMPUESTA ","HC",AI13="Vertical ","V",AI13="Vertical Compacta ","VC",AI13="Vertical Extendida ","VE")} -> V | AR13: =MID(AJ13,1,1) -> F | AS13: =MID(AK13,1,1) -> M | AT13: {=IFERROR(_xlfn.IFS(AL13="W:200 ","W1",AL13="W:400 ","W2",AL13="W:720 ","W3",AL13="W:800 ","W4",AL13="W:1120 ","W5"),"")} -> W2 | AU13: {=IFERROR(_xlfn.IFS(AM13="D:400 ","D1",AM13="D:600 ","D2",AM13="D:1000 ","D3"),"")} | AV13: 021134 | AW13: 024004 | AX13: =AE13&AF13&AH13&AI13&AJ13&AK13&AL13&AM13&AN13 -> UF. de CVS/NSX 250 Vertical Fijo Motorizado W:400 - | BB13: =BC13&BD13&BE13&BF13 -> 2BH | BC13: =BC12 -> 2 | BD13: =BD10 -> B | BE13: =BE12 -> H | BF13: {=IFERROR(_xlfn.IFS(BL13="400 + 400","X",BL13="720","Y",BL13="1120","Z"),"")} | BL13: - | BM13: - | BN13: NS | BO13: - | BP13: - | BQ13: - | BR13: - | BS13: 048009 | BT13: 048009 | BU13: 048009 | BV13: - | BW13: - | BX13: - | BY13: - | BZ13: - | CB13: =BC13&BD13&CC13&CD13 -> 2BVP | CC13: V | CD13: {=IFERROR(_xlfn.IFS(CF13="1/4","M",CF13="1/2","N",CF13="3/4","O",CF13="1","P"),"")} -> P | CF13: 1 | CG13: 037007 | CH13: NS | CI13: - | CJ13: - | CK13: - | CL13: - | CM13: 047017 | CN13: 047017 | CO13: 047018 | CP13: -
A14: 9 | B14: =MID(H14,1,2)&MID(J14,1,2)&MID(L14,1,2)&MID(C14,1,2)&MID(M14,1,1)&MID(N14,1,1)&MID(O14,1,1)&MID(P14,1,3) -> 187210Ma | C14: Marco | D14: 017008 | E14: 014002 | F14: 010022 | G14: =IF(H14<>"","H:","") -> H: | H14: 1800 | I14: =IF(J14<>"","W:","") -> W: | J14: 720 | K14: =IF(L14<>"","D:","") -> D: | L14: 1000 | Q14: =IF(B14<>"",(C14&M14&N14&O14&P14&" / "&G14&H14&I14&J14&K14&L14&" mm"),"") -> Marco / H:1800W:720D:1000 mm | S14: 1.1.9. | T14: Pane linferior | U14: Pa | V14: =Z2&Z3 -> 7260 | W14: Inferior | Z14: =V14&U14&MID(W14,1,1)&MID(X14,1,1)&MID(Y14,1,3) -> 7260PaI | AA14: =VLOOKUP(Z14,$B$6:$D$470,3,FALSE) -> 014257 | AD14: =AO14&AP14&AQ14&AR14&AS14&AT14&AN14&AU14 -> ICV2HFPW3- | AE14: UF. | AF14: de | AG14: Integrada | AH14: CVS/NSX 250 | AI14: Horizontal | AJ14: Fijo | AK14: Palanca | AL14: W:720 | AN14: - | AO14: =MID(AG14,1,1) -> I | AP14: {=IFERROR(_xlfn.IFS(AH14="Mini Breaker ","MB",AH14="GoPact ","GP",AH14="EZC 100 ","EZ1",AH14="EZC 250 ","EZ2",AH14="CVS/NSX 250 ","CV2",AH14="CVS/NSX/EZC 630 ","CV6",AH14="NS 1600 ","NS1",AH14="NW/MTZ 4000 ","NW4",AH14="Conmutador PEQ. ","CP",AH14="Conmutador MED. ","CM",AH14="Conmutador GRA. ","CG",AH14="Contactores ","CK"),"")} -> CV2 | AQ14: {=_xlfn.IFS(AI14="Horizontal ","H",AI14="Horizontal COMPUESTA ","HC",AI14="Vertical ","V",AI14="Vertical Compacta ","VC",AI14="Vertical Extendida ","VE")} -> H | AR14: =MID(AJ14,1,1) -> F | AS14: =MID(AK14,1,1) -> P | AT14: {=IFERROR(_xlfn.IFS(AL14="W:200 ","W1",AL14="W:400 ","W2",AL14="W:720 ","W3",AL14="W:800 ","W4",AL14="W:1120 ","W5"),"")} -> W3 | AU14: {=IFERROR(_xlfn.IFS(AM14="D:400 ","D1",AM14="D:600 ","D2",AM14="D:1000 ","D3"),"")} | AV14: 021084 | AW14: 024005 | AX14: =AE14&AF14&AH14&AI14&AJ14&AK14&AL14&AM14&AN14 -> UF. de CVS/NSX 250 Horizontal Fijo Palanca W:720 - | BB14: =BC14&BD14&BE14&BF14 -> 2BH | BC14: =BC13 -> 2 | BD14: =BD10 -> B | BE14: =BE13 -> H | BF14: {=IFERROR(_xlfn.IFS(BL14="400 + 400","X",BL14="720","Y",BL14="1120","Z"),"")} | BL14: - | BM14: - | BN14: NW | BO14: - | BP14: - | BQ14: - | BR14: - | BS14: 048010 | BT14: 048011 | BU14: 048012 | BV14: - | BW14: - | BX14: - | BY14: - | BZ14: - | CB14: =BC14&BD14&CC14&CD14 -> 2BV | CC14: V | CD14: {=IFERROR(_xlfn.IFS(CF14="1/4","M",CF14="1/2","N",CF14="3/4","O",CF14="1","P"),"")} | CF14: - | CG14: - | CH14: - | CI14: - | CJ14: - | CK14: - | CL14: - | CM14: - | CN14: - | CO14: - | CP14: -
A15: 10 | B15: =MID(H15,1,2)&MID(J15,1,2)&MID(L15,1,2)&MID(C15,1,2)&MID(M15,1,1)&MID(N15,1,1)&MID(O15,1,1)&MID(P15,1,3) -> 181140Ma | C15: Marco | D15: 017009 | E15: 014000 | F15: 010024 | G15: =IF(H15<>"","H:","") -> H: | H15: 1800 | I15: =IF(J15<>"","W:","") -> W: | J15: 1120 | K15: =IF(L15<>"","D:","") -> D: | L15: 400 | Q15: =IF(B15<>"",(C15&M15&N15&O15&P15&" / "&G15&H15&I15&J15&K15&L15&" mm"),"") -> Marco / H:1800W:1120D:400 mm | S15: 1.1.10. | T15: Paral interno vertical total | U15: PaIV | V15: =Z1 -> 22 | W15: Total | Z15: =V15&U15&MID(W15,1,1)&MID(X15,1,1)&MID(Y15,1,3) -> 22PaIVT | AA15: =VLOOKUP(Z15,$B$6:$D$470,3,FALSE) -> 014154 | AD15: =AO15&AP15&AQ15&AR15&AS15&AT15&AN15&AU15 -> ICV2HFMW3- | AE15: UF. | AF15: de | AG15: Integrada | AH15: CVS/NSX 250 | AI15: Horizontal | AJ15: Fijo | AK15: Motorizado | AL15: W:720 | AN15: - | AO15: =MID(AG15,1,1) -> I | AP15: {=IFERROR(_xlfn.IFS(AH15="Mini Breaker ","MB",AH15="GoPact ","GP",AH15="EZC 100 ","EZ1",AH15="EZC 250 ","EZ2",AH15="CVS/NSX 250 ","CV2",AH15="CVS/NSX/EZC 630 ","CV6",AH15="NS 1600 ","NS1",AH15="NW/MTZ 4000 ","NW4",AH15="Conmutador PEQ. ","CP",AH15="Conmutador MED. ","CM",AH15="Conmutador GRA. ","CG",AH15="Contactores ","CK"),"")} -> CV2 | AQ15: {=_xlfn.IFS(AI15="Horizontal ","H",AI15="Horizontal COMPUESTA ","HC",AI15="Vertical ","V",AI15="Vertical Compacta ","VC",AI15="Vertical Extendida ","VE")} -> H | AR15: =MID(AJ15,1,1) -> F | AS15: =MID(AK15,1,1) -> M | AT15: {=IFERROR(_xlfn.IFS(AL15="W:200 ","W1",AL15="W:400 ","W2",AL15="W:720 ","W3",AL15="W:800 ","W4",AL15="W:1120 ","W5"),"")} -> W3 | AU15: {=IFERROR(_xlfn.IFS(AM15="D:400 ","D1",AM15="D:600 ","D2",AM15="D:1000 ","D3"),"")} | AV15: 025500 | AW15: 024005 | AX15: =AE15&AF15&AH15&AI15&AJ15&AK15&AL15&AM15&AN15 -> UF. de CVS/NSX 250 Horizontal Fijo Motorizado W:720 - | BB15: =BC15&BD15&BE15&BF15 -> 2CHY | BC15: {=_xlfn.IFS(BJ15="10 - 25",1,BJ15="10 - 40",2,BJ15="10 - 65",3,BJ15="10 - 85",4)} -> 2 | BD15: {=_xlfn.IFS(BK15="630","A",BK15="1250","B",BK15="1600","C",BK15="2000","D",BK15="2500","E",BK15="3200","F",BK15="4000","G",BK15="5000","H",BK15="6300","I",BK15="7000","J")} -> C | BE15: H | BF15: {=IFERROR(_xlfn.IFS(BL15="400 + 400","X",BL15="720","Y",BL15="1120","Z"),"")} -> Y | BJ15: 10 - 40 | BK15: 1600 | BL15: 720 | BM15: 038003 | BN15: EZC | BO15: 048001 | BP15: 048002 | BQ15: 048003 | BR15: 048004 | BS15: - | BT15: - | BU15: - | BV15: - | BW15: - | BX15: - | BY15: - | BZ15: - | CB15: =BC15&BD15&CC15&CD15 -> 2CVM | CC15: V | CD15: {=IFERROR(_xlfn.IFS(CF15="1/4","M",CF15="1/2","N",CF15="3/4","O",CF15="1","P"),"")} -> M | CF15: 1/4 | CG15: 037008 | CH15: EZC | CI15: 047009 | CJ15: 047010 | CK15: 047011 | CL15: 047012 | CM15: - | CN15: - | CO15: - | CP15: -
A16: 11 | B16: =MID(H16,1,2)&MID(J16,1,2)&MID(L16,1,2)&MID(C16,1,2)&MID(M16,1,1)&MID(N16,1,1)&MID(O16,1,1)&MID(P16,1,3) -> 181160Ma | C16: Marco | D16: 017010 | E16: 014001 | F16: 010024 | G16: =IF(H16<>"","H:","") -> H: | H16: 1800 | I16: =IF(J16<>"","W:","") -> W: | J16: 1120 | K16: =IF(L16<>"","D:","") -> D: | L16: 600 | Q16: =IF(B16<>"",(C16&M16&N16&O16&P16&" / "&G16&H16&I16&J16&K16&L16&" mm"),"") -> Marco / H:1800W:1120D:600 mm | S16: 1.1.11. | T16: Paral interno vertical intermedio | U16: PaI | V16: 600 | W16: Vertical | Z16: =MID(V16,1,2)&U16&MID(W16,1,1)&MID(X16,1,1)&MID(Y16,1,3) -> 60PaIV | AA16: =VLOOKUP(Z16,$B$6:$D$470,3,FALSE) -> 014150 | AD16: =AO16&AP16&AQ16&AR16&AS16&AT16&AN16&AU16 -> ICV2HFPW3DPS | AE16: UF. | AF16: de | AG16: Integrada | AH16: CVS/NSX 250 | AI16: Horizontal | AJ16: Fijo | AK16: Palanca | AL16: W:720 | AN16: DPS | AO16: =MID(AG16,1,1) -> I | AP16: {=IFERROR(_xlfn.IFS(AH16="Mini Breaker ","MB",AH16="GoPact ","GP",AH16="EZC 100 ","EZ1",AH16="EZC 250 ","EZ2",AH16="CVS/NSX 250 ","CV2",AH16="CVS/NSX/EZC 630 ","CV6",AH16="NS 1600 ","NS1",AH16="NW/MTZ 4000 ","NW4",AH16="Conmutador PEQ. ","CP",AH16="Conmutador MED. ","CM",AH16="Conmutador GRA. ","CG",AH16="Contactores ","CK"),"")} -> CV2 | AQ16: {=_xlfn.IFS(AI16="Horizontal ","H",AI16="Horizontal COMPUESTA ","HC",AI16="Vertical ","V",AI16="Vertical Compacta ","VC",AI16="Vertical Extendida ","VE")} -> H | AR16: =MID(AJ16,1,1) -> F | AS16: =MID(AK16,1,1) -> P | AT16: {=IFERROR(_xlfn.IFS(AL16="W:200 ","W1",AL16="W:400 ","W2",AL16="W:720 ","W3",AL16="W:800 ","W4",AL16="W:1120 ","W5"),"")} -> W3 | AU16: {=IFERROR(_xlfn.IFS(AM16="D:400 ","D1",AM16="D:600 ","D2",AM16="D:1000 ","D3"),"")} | AV16: 021085 | AW16: 024006 | AX16: =AE16&AF16&AH16&AI16&AJ16&AK16&AL16&AM16&AN16 -> UF. de CVS/NSX 250 Horizontal Fijo Palanca W:720 DPS | BB16: =BC16&BD16&BE16&BF16 -> 2CHZ | BC16: =BC15 -> 2 | BD16: =BD15 -> C | BE16: =BE15 -> H | BF16: {=IFERROR(_xlfn.IFS(BL16="400 + 400","X",BL16="720","Y",BL16="1120","Z"),"")} -> Z | BL16: 1120 | BM16: 038004 | BN16: CVS | BO16: 048005 | BP16: 048006 | BQ16: 048007 | BR16: 048008 | BS16: - | BT16: - | BU16: - | BV16: - | BW16: - | BX16: - | BY16: - | BZ16: - | CB16: =BC16&BD16&CC16&CD16 -> 2CVN | CC16: V | CD16: {=IFERROR(_xlfn.IFS(CF16="1/4","M",CF16="1/2","N",CF16="3/4","O",CF16="1","P"),"")} -> N | CF16: 1/2 | CG16: 037009 | CH16: CVS | CI16: 047013 | CJ16: 047014 | CK16: 047015 | CL16: 047016 | CM16: - | CN16: - | CO16: - | CP16: -
A17: 12 | B17: =MID(H17,1,2)&MID(J17,1,2)&MID(L17,1,2)&MID(C17,1,2)&MID(M17,1,1)&MID(N17,1,1)&MID(O17,1,1)&MID(P17,1,3) -> 181110Ma | C17: Marco | D17: 017011 | E17: 014002 | F17: 010024 | G17: =IF(H17<>"","H:","") -> H: | H17: 1800 | I17: =IF(J17<>"","W:","") -> W: | J17: 1120 | K17: =IF(L17<>"","D:","") -> D: | L17: 1000 | Q17: =IF(B17<>"",(C17&M17&N17&O17&P17&" / "&G17&H17&I17&J17&K17&L17&" mm"),"") -> Marco / H:1800W:1120D:1000 mm | S17: 1.1.12. | T17: Paral interno horizontal | U17: PaI | V17: 600 | W17: Horizontal | Z17: =MID(V17,1,2)&U17&MID(W17,1,1)&MID(X17,1,1)&MID(Y17,1,3) -> 60PaIH | AA17: =VLOOKUP(Z17,$B$6:$D$470,3,FALSE) -> 10285 | AD17: =AO17&AP17&AQ17&AR17&AS17&AT17&AN17&AU17 -> ICV2HFPW3HWA | AE17: UF. | AF17: de | AG17: Integrada | AH17: CVS/NSX 250 | AI17: Horizontal | AJ17: Fijo | AK17: Palanca | AL17: W:720 | AN17: HWA | AO17: =MID(AG17,1,1) -> I | AP17: {=IFERROR(_xlfn.IFS(AH17="Mini Breaker ","MB",AH17="GoPact ","GP",AH17="EZC 100 ","EZ1",AH17="EZC 250 ","EZ2",AH17="CVS/NSX 250 ","CV2",AH17="CVS/NSX/EZC 630 ","CV6",AH17="NS 1600 ","NS1",AH17="NW/MTZ 4000 ","NW4",AH17="Conmutador PEQ. ","CP",AH17="Conmutador MED. ","CM",AH17="Conmutador GRA. ","CG",AH17="Contactores ","CK"),"")} -> CV2 | AQ17: {=_xlfn.IFS(AI17="Horizontal ","H",AI17="Horizontal COMPUESTA ","HC",AI17="Vertical ","V",AI17="Vertical Compacta ","VC",AI17="Vertical Extendida ","VE")} -> H | AR17: =MID(AJ17,1,1) -> F | AS17: =MID(AK17,1,1) -> P | AT17: {=IFERROR(_xlfn.IFS(AL17="W:200 ","W1",AL17="W:400 ","W2",AL17="W:720 ","W3",AL17="W:800 ","W4",AL17="W:1120 ","W5"),"")} -> W3 | AU17: {=IFERROR(_xlfn.IFS(AM17="D:400 ","D1",AM17="D:600 ","D2",AM17="D:1000 ","D3"),"")} | AV17: 021087 | AW17: 024007 | AX17: =AE17&AF17&AH17&AI17&AJ17&AK17&AL17&AM17&AN17 -> UF. de CVS/NSX 250 Horizontal Fijo Palanca W:720 HWA | BB17: =BC17&BD17&BE17&BF17 -> 2CHX | BC17: =BC16 -> 2 | BD17: =BD16 -> C | BE17: =BE16 -> H | BF17: {=IFERROR(_xlfn.IFS(BL17="400 + 400","X",BL17="720","Y",BL17="1120","Z"),"")} -> X | BL17: 400 + 400 | BM17: 038005 | BN17: NSX | BO17: 048005 | BP17: 048006 | BQ17: 048007 | BR17: 048008 | BS17: - | BT17: - | BU17: - | BV17: - | BW17: - | BX17: - | BY17: - | BZ17: - | CB17: =BC17&BD17&CC17&CD17 -> 2CVO | CC17: V | CD17: {=IFERROR(_xlfn.IFS(CF17="1/4","M",CF17="1/2","N",CF17="3/4","O",CF17="1","P"),"")} -> O | CF17: 3/4 | CG17: 037010 | CH17: NSX
A18: 13 | B18: =MID(H18,1,2)&MID(J18,1,2)&MID(L18,1,2)&MID(C18,1,2)&MID(M18,1,1)&MID(N18,1,1)&MID(O18,1,1)&MID(P18,1,3) -> 202040Ma | C18: Marco | D18: 017012 | E18: 014003 | F18: 010020 | G18: =IF(H18<>"","H:","") -> H: | H18: 2000 | I18: =IF(J18<>"","W:","") -> W: | J18: 200 | K18: =IF(L18<>"","D:","") -> D: | L18: 400 | Q18: =IF(B18<>"",(C18&M18&N18&O18&P18&" / "&G18&H18&I18&J18&K18&L18&" mm"),"") -> Marco / H:2000W:200D:400 mm | S18: 1.1.13. | T18: Ducto de cables | U18: DuC | V18: =Z2 -> 72 | Z18: =V18&U18&MID(W18,1,1)&MID(X18,1,1)&MID(Y18,1,3) -> 72DuC | AA18: =VLOOKUP(Z18,$B$6:$D$470,3,FALSE) -> 014301 | AD18: =AO18&AP18&AQ18&AR18&AS18&AT18&AN18&AU18 -> ICV2HCFPW3- | AE18: UF. | AF18: de | AG18: Integrada | AH18: CVS/NSX 250 | AI18: Horizontal COMPUESTA | AJ18: Fijo | AK18: Palanca | AL18: W:720 | AN18: - | AO18: =MID(AG18,1,1) -> I | AP18: {=IFERROR(_xlfn.IFS(AH18="Mini Breaker ","MB",AH18="GoPact ","GP",AH18="EZC 100 ","EZ1",AH18="EZC 250 ","EZ2",AH18="CVS/NSX 250 ","CV2",AH18="CVS/NSX/EZC 630 ","CV6",AH18="NS 1600 ","NS1",AH18="NW/MTZ 4000 ","NW4",AH18="Conmutador PEQ. ","CP",AH18="Conmutador MED. ","CM",AH18="Conmutador GRA. ","CG",AH18="Contactores ","CK"),"")} -> CV2 | AQ18: {=_xlfn.IFS(AI18="Horizontal ","H",AI18="Horizontal COMPUESTA ","HC",AI18="Vertical ","V",AI18="Vertical Compacta ","VC",AI18="Vertical Extendida ","VE")} -> HC | AR18: =MID(AJ18,1,1) -> F | AS18: =MID(AK18,1,1) -> P | AT18: {=IFERROR(_xlfn.IFS(AL18="W:200 ","W1",AL18="W:400 ","W2",AL18="W:720 ","W3",AL18="W:800 ","W4",AL18="W:1120 ","W5"),"")} -> W3 | AU18: {=IFERROR(_xlfn.IFS(AM18="D:400 ","D1",AM18="D:600 ","D2",AM18="D:1000 ","D3"),"")} | AV18: 021061 | AW18: 024005 | AX18: =AE18&AF18&AH18&AI18&AJ18&AK18&AL18&AM18&AN18 -> UF. de CVS/NSX 250 Horizontal COMPUESTA Fijo Palanca W:720 - | BB18: =BC18&BD18&BE18&BF18 -> 2CH | BC18: =BC17 -> 2 | BD18: =BD17 -> C | BE18: =BE17 -> H | BF18: {=IFERROR(_xlfn.IFS(BL18="400 + 400","X",BL18="720","Y",BL18="1120","Z"),"")} | BL18: - | BM18: - | BN18: NS | BO18: - | BP18: - | BQ18: - | BR18: - | BS18: 048009 | BT18: 048009 | BU18: 048009 | BV18: 048013 | BW18: - | BX18: - | BY18: - | BZ18: - | CB18: =BC18&BD18&CC18&CD18 -> 2CVP | CC18: V | CD18: {=IFERROR(_xlfn.IFS(CF18="1/4","M",CF18="1/2","N",CF18="3/4","O",CF18="1","P"),"")} -> P | CF18: 1 | CG18: 037011 | CH18: NS | CI18: - | CJ18: - | CK18: - | CL18: - | CM18: 047017 | CN18: 047017 | CO18: 047018 | CP18: 047019
A19: 14 | B19: =MID(H19,1,2)&MID(J19,1,2)&MID(L19,1,2)&MID(C19,1,2)&MID(M19,1,1)&MID(N19,1,1)&MID(O19,1,1)&MID(P19,1,3) -> 202060Ma | C19: Marco | D19: 017013 | E19: 014004 | F19: 010020 | G19: =IF(H19<>"","H:","") -> H: | H19: 2000 | I19: =IF(J19<>"","W:","") -> W: | J19: 200 | K19: =IF(L19<>"","D:","") -> D: | L19: 600 | Q19: =IF(B19<>"",(C19&M19&N19&O19&P19&" / "&G19&H19&I19&J19&K19&L19&" mm"),"") -> Marco / H:2000W:200D:600 mm | S19: 1.1.14. | T19: Kit union posterior | U19: Ki | W19: Union | Z19: =V19&U19&MID(W19,1,1)&MID(X19,1,1)&MID(Y19,1,3) -> KiU | AA19: =VLOOKUP(Z19,$B$6:$D$470,3,FALSE) -> #N/A | AD19: =AO19&AP19&AQ19&AR19&AS19&AT19&AN19&AU19 -> ICV2HCFMW3- | AE19: UF. | AF19: de | AG19: Integrada | AH19: CVS/NSX 250 | AI19: Horizontal COMPUESTA | AJ19: Fijo | AK19: Motorizado | AL19: W:720 | AN19: - | AO19: =MID(AG19,1,1) -> I | AP19: {=IFERROR(_xlfn.IFS(AH19="Mini Breaker ","MB",AH19="GoPact ","GP",AH19="EZC 100 ","EZ1",AH19="EZC 250 ","EZ2",AH19="CVS/NSX 250 ","CV2",AH19="CVS/NSX/EZC 630 ","CV6",AH19="NS 1600 ","NS1",AH19="NW/MTZ 4000 ","NW4",AH19="Conmutador PEQ. ","CP",AH19="Conmutador MED. ","CM",AH19="Conmutador GRA. ","CG",AH19="Contactores ","CK"),"")} -> CV2 | AQ19: {=_xlfn.IFS(AI19="Horizontal ","H",AI19="Horizontal COMPUESTA ","HC",AI19="Vertical ","V",AI19="Vertical Compacta ","VC",AI19="Vertical Extendida ","VE")} -> HC | AR19: =MID(AJ19,1,1) -> F | AS19: =MID(AK19,1,1) -> M | AT19: {=IFERROR(_xlfn.IFS(AL19="W:200 ","W1",AL19="W:400 ","W2",AL19="W:720 ","W3",AL19="W:800 ","W4",AL19="W:1120 ","W5"),"")} -> W3 | AU19: {=IFERROR(_xlfn.IFS(AM19="D:400 ","D1",AM19="D:600 ","D2",AM19="D:1000 ","D3"),"")} | AV19: 025501 | AW19: 024005 | AX19: =AE19&AF19&AH19&AI19&AJ19&AK19&AL19&AM19&AN19 -> UF. de CVS/NSX 250 Horizontal COMPUESTA Fijo Motorizado W:720 - | BB19: =BC19&BD19&BE19&BF19 -> 2CH | BC19: =BC18 -> 2 | BD19: =BD18 -> C | BE19: =BE18 -> H | BF19: {=IFERROR(_xlfn.IFS(BL19="400 + 400","X",BL19="720","Y",BL19="1120","Z"),"")} | BL19: - | BM19: - | BN19: NW | BO19: - | BP19: - | BQ19: - | BR19: - | BS19: 048010 | BT19: 048011 | BU19: 048012 | BV19: - | BW19: - | BX19: - | BY19: - | BZ19: - | CB19: =BC19&BD19&CC19&CD19 -> 2CV | CC19: V | CD19: {=IFERROR(_xlfn.IFS(CF19="1/4","M",CF19="1/2","N",CF19="3/4","O",CF19="1","P"),"")} | CF19: - | CG19: - | CH19: - | CI19: - | CJ19: - | CK19: - | CL19: - | CM19: - | CN19: - | CO19: - | CP19: -
A20: 15 | B20: =MID(H20,1,2)&MID(J20,1,2)&MID(L20,1,2)&MID(C20,1,2)&MID(M20,1,1)&MID(N20,1,1)&MID(O20,1,1)&MID(P20,1,3) -> 202010Ma | C20: Marco | D20: 017014 | E20: 014005 | F20: 010020 | G20: =IF(H20<>"","H:","") -> H: | H20: 2000 | I20: =IF(J20<>"","W:","") -> W: | J20: 200 | K20: =IF(L20<>"","D:","") -> D: | L20: 1000 | Q20: =IF(B20<>"",(C20&M20&N20&O20&P20&" / "&G20&H20&I20&J20&K20&L20&" mm"),"") -> Marco / H:2000W:200D:1000 mm | S20: 1.1.15. | T20: Segregación frontal* | U20: Se | V20: =Z1&Z2 -> 2272 | W20: Frontales | Z20: =V20&U20&MID(W20,1,1)&MID(X20,1,1)&MID(Y20,1,3) -> 2272SeF | AA20: =VLOOKUP(Z20,$B$6:$D$470,3,FALSE) -> #N/A | AD20: =AO20&AP20&AQ20&AR20&AS20&AT20&AN20&AU20 -> IEZ1VCFPW3- | AE20: UF. | AF20: de | AG20: Integrada | AH20: EZC 100 | AI20: Vertical Compacta | AJ20: Fijo | AK20: Palanca | AL20: W:720 | AN20: - | AO20: =MID(AG20,1,1) -> I | AP20: {=IFERROR(_xlfn.IFS(AH20="Mini Breaker ","MB",AH20="GoPact ","GP",AH20="EZC 100 ","EZ1",AH20="EZC 250 ","EZ2",AH20="CVS/NSX 250 ","CV2",AH20="CVS/NSX/EZC 630 ","CV6",AH20="NS 1600 ","NS1",AH20="NW/MTZ 4000 ","NW4",AH20="Conmutador PEQ. ","CP",AH20="Conmutador MED. ","CM",AH20="Conmutador GRA. ","CG",AH20="Contactores ","CK"),"")} -> EZ1 | AQ20: {=_xlfn.IFS(AI20="Horizontal ","H",AI20="Horizontal COMPUESTA ","HC",AI20="Vertical ","V",AI20="Vertical Compacta ","VC",AI20="Vertical Extendida ","VE")} -> VC | AR20: =MID(AJ20,1,1) -> F | AS20: =MID(AK20,1,1) -> P | AT20: {=IFERROR(_xlfn.IFS(AL20="W:200 ","W1",AL20="W:400 ","W2",AL20="W:720 ","W3",AL20="W:800 ","W4",AL20="W:1120 ","W5"),"")} -> W3 | AU20: {=IFERROR(_xlfn.IFS(AM20="D:400 ","D1",AM20="D:600 ","D2",AM20="D:1000 ","D3"),"")} | AV20: 021102 | AW20: 024008 | AX20: =AE20&AF20&AH20&AI20&AJ20&AK20&AL20&AM20&AN20 -> UF. de EZC 100 Vertical Compacta Fijo Palanca W:720 - | BB20: =BC20&BD20&BE20&BF20 -> 3DHY | BC20: {=_xlfn.IFS(BJ20="10 - 25",1,BJ20="10 - 40",2,BJ20="10 - 65",3,BJ20="10 - 85",4)} -> 3 | BD20: {=_xlfn.IFS(BK20="630","A",BK20="1250","B",BK20="1600","C",BK20="2000","D",BK20="2500","E",BK20="3200","F",BK20="4000","G",BK20="5000","H",BK20="6300","I",BK20="7000","J")} -> D | BE20: H | BF20: {=IFERROR(_xlfn.IFS(BL20="400 + 400","X",BL20="720","Y",BL20="1120","Z"),"")} -> Y | BH20: TM | BJ20: 10 - 65 | BK20: 2000 | BL20: 720 | BM20: 038006 | BN20: - | BO20: - | BP20: - | BQ20: - | BR20: - | BS20: - | BT20: - | BU20: - | BV20: - | BW20: - | BX20: - | BY20: - | BZ20: - | CB20: =BC20&BD20&CC20&CD20 -> 3DVM | CC20: V | CD20: {=IFERROR(_xlfn.IFS(CF20="1/4","M",CF20="1/2","N",CF20="3/4","O",CF20="1","P"),"")} -> M | CF20: 1/4 | CG20: 037012 | CH20: EZC | CI20: 047020 | CJ20: 047021 | CK20: 047022 | CL20: 047023 | CM20: - | CN20: - | CO20: - | CP20: -
A21: 16 | B21: =MID(H21,1,2)&MID(J21,1,2)&MID(L21,1,2)&MID(C21,1,2)&MID(M21,1,1)&MID(N21,1,1)&MID(O21,1,1)&MID(P21,1,3) -> 204040Ma | C21: Marco | D21: 017015 | E21: 014003 | F21: 010021 | G21: =IF(H21<>"","H:","") -> H: | H21: 2000 | I21: =IF(J21<>"","W:","") -> W: | J21: 400 | K21: =IF(L21<>"","D:","") -> D: | L21: 400 | Q21: =IF(B21<>"",(C21&M21&N21&O21&P21&" / "&G21&H21&I21&J21&K21&L21&" mm"),"") -> Marco / H:2000W:400D:400 mm | AD21: =AO21&AP21&AQ21&AR21&AS21&AT21&AN21&AU21 -> IEZ1VEFPW3- | AE21: UF. | AF21: de | AG21: Integrada | AH21: EZC 100 | AI21: Vertical Extendida | AJ21: Fijo | AK21: Palanca | AL21: W:720 | AN21: - | AO21: =MID(AG21,1,1) -> I | AP21: {=IFERROR(_xlfn.IFS(AH21="Mini Breaker ","MB",AH21="GoPact ","GP",AH21="EZC 100 ","EZ1",AH21="EZC 250 ","EZ2",AH21="CVS/NSX 250 ","CV2",AH21="CVS/NSX/EZC 630 ","CV6",AH21="NS 1600 ","NS1",AH21="NW/MTZ 4000 ","NW4",AH21="Conmutador PEQ. ","CP",AH21="Conmutador MED. ","CM",AH21="Conmutador GRA. ","CG",AH21="Contactores ","CK"),"")} -> EZ1 | AQ21: {=_xlfn.IFS(AI21="Horizontal ","H",AI21="Horizontal COMPUESTA ","HC",AI21="Vertical ","V",AI21="Vertical Compacta ","VC",AI21="Vertical Extendida ","VE")} -> VE | AR21: =MID(AJ21,1,1) -> F | AS21: =MID(AK21,1,1) -> P | AT21: {=IFERROR(_xlfn.IFS(AL21="W:200 ","W1",AL21="W:400 ","W2",AL21="W:720 ","W3",AL21="W:800 ","W4",AL21="W:1120 ","W5"),"")} -> W3 | AU21: {=IFERROR(_xlfn.IFS(AM21="D:400 ","D1",AM21="D:600 ","D2",AM21="D:1000 ","D3"),"")} | AV21: 021104 | AW21: 024009 | AX21: =AE21&AF21&AH21&AI21&AJ21&AK21&AL21&AM21&AN21 -> UF. de EZC 100 Vertical Extendida Fijo Palanca W:720 - | BB21: =BC21&BD21&BE21&BF21 -> 3DHZ | BC21: =BC20 -> 3 | BD21: =BD20 -> D | BE21: =BE20 -> H | BF21: {=IFERROR(_xlfn.IFS(BL21="400 + 400","X",BL21="720","Y",BL21="1120","Z"),"")} -> Z | BL21: 1120 | BM21: 038007 | BN21: - | BO21: - | BP21: - | BQ21: - | BR21: - | BS21: - | BT21: - | BU21: - | BV21: - | BW21: - | BX21: - | BY21: - | BZ21: - | CB21: =BC21&BD21&CC21&CD21 -> 3DVN | CC21: V | CD21: {=IFERROR(_xlfn.IFS(CF21="1/4","M",CF21="1/2","N",CF21="3/4","O",CF21="1","P"),"")} -> N | CF21: 1/2 | CG21: 037013 | CH21: CVS | CI21: 047024 | CJ21: 047025 | CK21: 047026 | CL21: 047027 | CM21: - | CN21: - | CO21: - | CP21: -
A22: 17 | B22: =MID(H22,1,2)&MID(J22,1,2)&MID(L22,1,2)&MID(C22,1,2)&MID(M22,1,1)&MID(N22,1,1)&MID(O22,1,1)&MID(P22,1,3) -> 204060Ma | C22: Marco | D22: 017016 | E22: 014004 | F22: 010021 | G22: =IF(H22<>"","H:","") -> H: | H22: 2000 | I22: =IF(J22<>"","W:","") -> W: | J22: 400 | K22: =IF(L22<>"","D:","") -> D: | L22: 600 | Q22: =IF(B22<>"",(C22&M22&N22&O22&P22&" / "&G22&H22&I22&J22&K22&L22&" mm"),"") -> Marco / H:2000W:400D:600 mm | S22: 1.2.1. | T22: Hablador | Z22: =V22&U22&MID(W22,1,1)&MID(X22,1,1)&MID(Y22,1,3) | AA22: SinReferencia | AD22: =AO22&AP22&AQ22&AR22&AS22&AT22&AN22&AU22 -> IEZ1HFPW3- | AE22: UF. | AF22: de | AG22: Integrada | AH22: EZC 100 | AI22: Horizontal | AJ22: Fijo | AK22: Palanca | AL22: W:720 | AN22: - | AO22: =MID(AG22,1,1) -> I | AP22: {=IFERROR(_xlfn.IFS(AH22="Mini Breaker ","MB",AH22="GoPact ","GP",AH22="EZC 100 ","EZ1",AH22="EZC 250 ","EZ2",AH22="CVS/NSX 250 ","CV2",AH22="CVS/NSX/EZC 630 ","CV6",AH22="NS 1600 ","NS1",AH22="NW/MTZ 4000 ","NW4",AH22="Conmutador PEQ. ","CP",AH22="Conmutador MED. ","CM",AH22="Conmutador GRA. ","CG",AH22="Contactores ","CK"),"")} -> EZ1 | AQ22: {=_xlfn.IFS(AI22="Horizontal ","H",AI22="Horizontal COMPUESTA ","HC",AI22="Vertical ","V",AI22="Vertical Compacta ","VC",AI22="Vertical Extendida ","VE")} -> H | AR22: =MID(AJ22,1,1) -> F | AS22: =MID(AK22,1,1) -> P | AT22: {=IFERROR(_xlfn.IFS(AL22="W:200 ","W1",AL22="W:400 ","W2",AL22="W:720 ","W3",AL22="W:800 ","W4",AL22="W:1120 ","W5"),"")} -> W3 | AU22: {=IFERROR(_xlfn.IFS(AM22="D:400 ","D1",AM22="D:600 ","D2",AM22="D:1000 ","D3"),"")} | AV22: 021075 | AW22: 024010 | AX22: =AE22&AF22&AH22&AI22&AJ22&AK22&AL22&AM22&AN22 -> UF. de EZC 100 Horizontal Fijo Palanca W:720 - | BB22: =BC22&BD22&BE22&BF22 -> 3DH | BC22: =BC21 -> 3 | BD22: =BD21 -> D | BE22: =BE21 -> H | BF22: {=IFERROR(_xlfn.IFS(BL22="400 + 400","X",BL22="720","Y",BL22="1120","Z"),"")} | BL22: - | BM22: - | BN22: - | BO22: - | BP22: - | BQ22: - | BR22: - | BS22: - | BT22: - | BU22: - | BV22: - | BW22: - | BX22: - | BY22: - | BZ22: - | CB22: =BC22&BD22&CC22&CD22 -> 3DVO | CC22: V | CD22: {=IFERROR(_xlfn.IFS(CF22="1/4","M",CF22="1/2","N",CF22="3/4","O",CF22="1","P"),"")} -> O | CF22: 3/4 | CG22: 037014 | CH22: NSX
A23: 18 | B23: =MID(H23,1,2)&MID(J23,1,2)&MID(L23,1,2)&MID(C23,1,2)&MID(M23,1,1)&MID(N23,1,1)&MID(O23,1,1)&MID(P23,1,3) -> 204010Ma | C23: Marco | D23: 017017 | E23: 014005 | F23: 010021 | G23: =IF(H23<>"","H:","") -> H: | H23: 2000 | I23: =IF(J23<>"","W:","") -> W: | J23: 400 | K23: =IF(L23<>"","D:","") -> D: | L23: 1000 | Q23: =IF(B23<>"",(C23&M23&N23&O23&P23&" / "&G23&H23&I23&J23&K23&L23&" mm"),"") -> Marco / H:2000W:400D:1000 mm | S23: 1.2.2. | T23: Kit de cancamos | U23: CaE | Z23: =V23&U23&MID(W23,1,1)&MID(X23,1,1)&MID(Y23,1,3) -> CaE | AA23: =VLOOKUP(Z23,$B$6:$D$470,3,FALSE) -> 014501 | AD23: =AO23&AP23&AQ23&AR23&AS23&AT23&AN23&AU23 -> IEZ1HFPW3DPS | AE23: UF. | AF23: de | AG23: Integrada | AH23: EZC 100 | AI23: Horizontal | AJ23: Fijo | AK23: Palanca | AL23: W:720 | AN23: DPS | AO23: =MID(AG23,1,1) -> I | AP23: {=IFERROR(_xlfn.IFS(AH23="Mini Breaker ","MB",AH23="GoPact ","GP",AH23="EZC 100 ","EZ1",AH23="EZC 250 ","EZ2",AH23="CVS/NSX 250 ","CV2",AH23="CVS/NSX/EZC 630 ","CV6",AH23="NS 1600 ","NS1",AH23="NW/MTZ 4000 ","NW4",AH23="Conmutador PEQ. ","CP",AH23="Conmutador MED. ","CM",AH23="Conmutador GRA. ","CG",AH23="Contactores ","CK"),"")} -> EZ1 | AQ23: {=_xlfn.IFS(AI23="Horizontal ","H",AI23="Horizontal COMPUESTA ","HC",AI23="Vertical ","V",AI23="Vertical Compacta ","VC",AI23="Vertical Extendida ","VE")} -> H | AR23: =MID(AJ23,1,1) -> F | AS23: =MID(AK23,1,1) -> P | AT23: {=IFERROR(_xlfn.IFS(AL23="W:200 ","W1",AL23="W:400 ","W2",AL23="W:720 ","W3",AL23="W:800 ","W4",AL23="W:1120 ","W5"),"")} -> W3 | AU23: {=IFERROR(_xlfn.IFS(AM23="D:400 ","D1",AM23="D:600 ","D2",AM23="D:1000 ","D3"),"")} | AV23: 021055 | AW23: 024011 | AX23: =AE23&AF23&AH23&AI23&AJ23&AK23&AL23&AM23&AN23 -> UF. de EZC 100 Horizontal Fijo Palanca W:720 DPS | BB23: =BC23&BD23&BE23&BF23 -> 3DH | BC23: =BC22 -> 3 | BD23: =BD22 -> D | BE23: =BE22 -> H | BF23: {=IFERROR(_xlfn.IFS(BL23="400 + 400","X",BL23="720","Y",BL23="1120","Z"),"")} | BL23: - | BM23: - | BN23: - | BO23: - | BP23: - | BQ23: - | BR23: - | BS23: - | BT23: - | BU23: - | BV23: - | BW23: - | BX23: - | BY23: - | BZ23: - | CB23: =BC23&BD23&CC23&CD23 -> 3DVP | CC23: V | CD23: {=IFERROR(_xlfn.IFS(CF23="1/4","M",CF23="1/2","N",CF23="3/4","O",CF23="1","P"),"")} -> P | CF23: 1 | CG23: 037015 | CH23: NS | CI23: - | CJ23: - | CK23: - | CL23: - | CM23: 047028 | CN23: 047028 | CO23: 047029 | CP23: 047030
A24: 19 | B24: =MID(H24,1,2)&MID(J24,1,2)&MID(L24,1,2)&MID(C24,1,2)&MID(M24,1,1)&MID(N24,1,1)&MID(O24,1,1)&MID(P24,1,3) -> 207240Ma | C24: Marco | D24: 017018 | E24: 014003 | F24: 010022 | G24: =IF(H24<>"","H:","") -> H: | H24: 2000 | I24: =IF(J24<>"","W:","") -> W: | J24: 720 | K24: =IF(L24<>"","D:","") -> D: | L24: 400 | Q24: =IF(B24<>"",(C24&M24&N24&O24&P24&" / "&G24&H24&I24&J24&K24&L24&" mm"),"") -> Marco / H:2000W:720D:400 mm | S24: 1.2.3. | T24: Angulo de izaje | U24: AnI | Z24: =V24&U24&MID(W24,1,1)&MID(X24,1,1)&MID(Y24,1,3) -> AnI | AA24: =VLOOKUP(Z24,$B$6:$D$470,3,FALSE) -> 014502 | AD24: =AO24&AP24&AQ24&AR24&AS24&AT24&AN24&AU24 -> IEZ1HFPW3HWA | AE24: UF. | AF24: de | AG24: Integrada | AH24: EZC 100 | AI24: Horizontal | AJ24: Fijo | AK24: Palanca | AL24: W:720 | AN24: HWA | AO24: =MID(AG24,1,1) -> I | AP24: {=IFERROR(_xlfn.IFS(AH24="Mini Breaker ","MB",AH24="GoPact ","GP",AH24="EZC 100 ","EZ1",AH24="EZC 250 ","EZ2",AH24="CVS/NSX 250 ","CV2",AH24="CVS/NSX/EZC 630 ","CV6",AH24="NS 1600 ","NS1",AH24="NW/MTZ 4000 ","NW4",AH24="Conmutador PEQ. ","CP",AH24="Conmutador MED. ","CM",AH24="Conmutador GRA. ","CG",AH24="Contactores ","CK"),"")} -> EZ1 | AQ24: {=_xlfn.IFS(AI24="Horizontal ","H",AI24="Horizontal COMPUESTA ","HC",AI24="Vertical ","V",AI24="Vertical Compacta ","VC",AI24="Vertical Extendida ","VE")} -> H | AR24: =MID(AJ24,1,1) -> F | AS24: =MID(AK24,1,1) -> P | AT24: {=IFERROR(_xlfn.IFS(AL24="W:200 ","W1",AL24="W:400 ","W2",AL24="W:720 ","W3",AL24="W:800 ","W4",AL24="W:1120 ","W5"),"")} -> W3 | AU24: {=IFERROR(_xlfn.IFS(AM24="D:400 ","D1",AM24="D:600 ","D2",AM24="D:1000 ","D3"),"")} | AV24: 021076 | AW24: 024012 | AX24: =AE24&AF24&AH24&AI24&AJ24&AK24&AL24&AM24&AN24 -> UF. de EZC 100 Horizontal Fijo Palanca W:720 HWA | BB24: =BC24&BD24&BE24&BF24 -> 3DH | BC24: =BC23 -> 3 | BD24: =BD23 -> D | BE24: =BE23 -> H | BF24: {=IFERROR(_xlfn.IFS(BL24="400 + 400","X",BL24="720","Y",BL24="1120","Z"),"")} | BN24: NW | BO24: - | BP24: - | BQ24: - | BR24: - | BS24: 048014 | BT24: 048015 | BU24: 048016 | BV24: 048017 | BW24: 048018 | BX24: - | BY24: - | BZ24: - | CB24: =BC24&BD24&CC24&CD24 -> 3DV | CC24: V | CD24: {=IFERROR(_xlfn.IFS(CF24="1/4","M",CF24="1/2","N",CF24="3/4","O",CF24="1","P"),"")} | CF24: - | CG24: - | CH24: - | CI24: - | CJ24: - | CK24: - | CL24: - | CM24: - | CN24: - | CO24: - | CP24: -
A25: 20 | B25: =MID(H25,1,2)&MID(J25,1,2)&MID(L25,1,2)&MID(C25,1,2)&MID(M25,1,1)&MID(N25,1,1)&MID(O25,1,1)&MID(P25,1,3) -> 207260Ma | C25: Marco | D25: 017019 | E25: 014004 | F25: 010022 | G25: =IF(H25<>"","H:","") -> H: | H25: 2000 | I25: =IF(J25<>"","W:","") -> W: | J25: 720 | K25: =IF(L25<>"","D:","") -> D: | L25: 600 | Q25: =IF(B25<>"",(C25&M25&N25&O25&P25&" / "&G25&H25&I25&J25&K25&L25&" mm"),"") -> Marco / H:2000W:720D:600 mm | S25: 1.2.4. | T25: Grua | Z25: =V25&U25&MID(W25,1,1)&MID(X25,1,1)&MID(Y25,1,3) | AA25: SinReferencia | AD25: =AO25&AP25&AQ25&AR25&AS25&AT25&AN25&AU25 -> IEZ2VCFPW3- | AE25: UF. | AF25: de | AG25: Integrada | AH25: EZC 250 | AI25: Vertical Compacta | AJ25: Fijo | AK25: Palanca | AL25: W:720 | AN25: - | AO25: =MID(AG25,1,1) -> I | AP25: {=IFERROR(_xlfn.IFS(AH25="Mini Breaker ","MB",AH25="GoPact ","GP",AH25="EZC 100 ","EZ1",AH25="EZC 250 ","EZ2",AH25="CVS/NSX 250 ","CV2",AH25="CVS/NSX/EZC 630 ","CV6",AH25="NS 1600 ","NS1",AH25="NW/MTZ 4000 ","NW4",AH25="Conmutador PEQ. ","CP",AH25="Conmutador MED. ","CM",AH25="Conmutador GRA. ","CG",AH25="Contactores ","CK"),"")} -> EZ2 | AQ25: {=_xlfn.IFS(AI25="Horizontal ","H",AI25="Horizontal COMPUESTA ","HC",AI25="Vertical ","V",AI25="Vertical Compacta ","VC",AI25="Vertical Extendida ","VE")} -> VC | AR25: =MID(AJ25,1,1) -> F | AS25: =MID(AK25,1,1) -> P | AT25: {=IFERROR(_xlfn.IFS(AL25="W:200 ","W1",AL25="W:400 ","W2",AL25="W:720 ","W3",AL25="W:800 ","W4",AL25="W:1120 ","W5"),"")} -> W3 | AU25: {=IFERROR(_xlfn.IFS(AM25="D:400 ","D1",AM25="D:600 ","D2",AM25="D:1000 ","D3"),"")} | AV25: 021106 | AW25: 024013 | AX25: =AE25&AF25&AH25&AI25&AJ25&AK25&AL25&AM25&AN25 -> UF. de EZC 250 Vertical Compacta Fijo Palanca W:720 - | BB25: =BC25&BD25&BE25&BF25 -> 3EHY | BC25: {=_xlfn.IFS(BJ25="10 - 25",1,BJ25="10 - 40",2,BJ25="10 - 65",3,BJ25="10 - 85",4)} -> 3 | BD25: {=_xlfn.IFS(BK25="630","A",BK25="1250","B",BK25="1600","C",BK25="2000","D",BK25="2500","E",BK25="3200","F",BK25="4000","G",BK25="5000","H",BK25="6300","I",BK25="7000","J")} -> E | BE25: H | BF25: {=IFERROR(_xlfn.IFS(BL25="400 + 400","X",BL25="720","Y",BL25="1120","Z"),"")} -> Y | BJ25: 10 - 65 | BK25: 2500 | BL25: 720 | BM25: 038008 | BN25: - | BO25: - | BP25: - | BQ25: - | BR25: - | BS25: - | BT25: - | BU25: - | BV25: - | BW25: - | BX25: - | BY25: - | BZ25: - | CB25: =BC25&BD25&CC25&CD25 -> 3EVM | CC25: V | CD25: {=IFERROR(_xlfn.IFS(CF25="1/4","M",CF25="1/2","N",CF25="3/4","O",CF25="1","P"),"")} -> M | CF25: 1/4 | CG25: 037016 | CH25: EZC | CI25: 047020 | CJ25: 047021 | CK25: 047022 | CL25: 047023 | CM25: - | CN25: - | CO25: - | CP25: -
A26: 21 | B26: =MID(H26,1,2)&MID(J26,1,2)&MID(L26,1,2)&MID(C26,1,2)&MID(M26,1,1)&MID(N26,1,1)&MID(O26,1,1)&MID(P26,1,3) -> 207210Ma | C26: Marco | D26: 017020 | E26: 014005 | F26: 010022 | G26: =IF(H26<>"","H:","") -> H: | H26: 2000 | I26: =IF(J26<>"","W:","") -> W: | J26: 720 | K26: =IF(L26<>"","D:","") -> D: | L26: 1000 | Q26: =IF(B26<>"",(C26&M26&N26&O26&P26&" / "&G26&H26&I26&J26&K26&L26&" mm"),"") -> Marco / H:2000W:720D:1000 mm | AD26: =AO26&AP26&AQ26&AR26&AS26&AT26&AN26&AU26 -> IEZ2VEFPW3- | AE26: UF. | AF26: de | AG26: Integrada | AH26: EZC 250 | AI26: Vertical Extendida | AJ26: Fijo | AK26: Palanca | AL26: W:720 | AN26: - | AO26: =MID(AG26,1,1) -> I | AP26: {=IFERROR(_xlfn.IFS(AH26="Mini Breaker ","MB",AH26="GoPact ","GP",AH26="EZC 100 ","EZ1",AH26="EZC 250 ","EZ2",AH26="CVS/NSX 250 ","CV2",AH26="CVS/NSX/EZC 630 ","CV6",AH26="NS 1600 ","NS1",AH26="NW/MTZ 4000 ","NW4",AH26="Conmutador PEQ. ","CP",AH26="Conmutador MED. ","CM",AH26="Conmutador GRA. ","CG",AH26="Contactores ","CK"),"")} -> EZ2 | AQ26: {=_xlfn.IFS(AI26="Horizontal ","H",AI26="Horizontal COMPUESTA ","HC",AI26="Vertical ","V",AI26="Vertical Compacta ","VC",AI26="Vertical Extendida ","VE")} -> VE | AR26: =MID(AJ26,1,1) -> F | AS26: =MID(AK26,1,1) -> P | AT26: {=IFERROR(_xlfn.IFS(AL26="W:200 ","W1",AL26="W:400 ","W2",AL26="W:720 ","W3",AL26="W:800 ","W4",AL26="W:1120 ","W5"),"")} -> W3 | AU26: {=IFERROR(_xlfn.IFS(AM26="D:400 ","D1",AM26="D:600 ","D2",AM26="D:1000 ","D3"),"")} | AV26: 021108 | AW26: 024014 | AX26: =AE26&AF26&AH26&AI26&AJ26&AK26&AL26&AM26&AN26 -> UF. de EZC 250 Vertical Extendida Fijo Palanca W:720 - | BB26: =BC26&BD26&BE26&BF26 -> 3EHZ | BC26: =BC25 -> 3 | BD26: =BD25 -> E | BE26: =BE25 -> H | BF26: {=IFERROR(_xlfn.IFS(BL26="400 + 400","X",BL26="720","Y",BL26="1120","Z"),"")} -> Z | BL26: 1120 | BM26: 038009 | BN26: - | BO26: - | BP26: - | BQ26: - | BR26: - | BS26: - | BT26: - | BU26: - | BV26: - | BW26: - | BX26: - | BY26: - | BZ26: - | CB26: =BC26&BD26&CC26&CD26 -> 3EVN | CC26: V | CD26: {=IFERROR(_xlfn.IFS(CF26="1/4","M",CF26="1/2","N",CF26="3/4","O",CF26="1","P"),"")} -> N | CF26: 1/2 | CG26: 037017 | CH26: CVS | CI26: 047024 | CJ26: 047025 | CK26: 047026 | CL26: 047027 | CM26: - | CN26: - | CO26: - | CP26: -
A27: 22 | B27: =MID(H27,1,2)&MID(J27,1,2)&MID(L27,1,2)&MID(C27,1,2)&MID(M27,1,1)&MID(N27,1,1)&MID(O27,1,1)&MID(P27,1,3) -> 208060Ma | C27: Marco | D27: 017021 | E27: 014004 | F27: 010023 | G27: =IF(H27<>"","H:","") -> H: | H27: 2000 | I27: =IF(J27<>"","W:","") -> W: | J27: 800 | K27: =IF(L27<>"","D:","") -> D: | L27: 600 | Q27: =IF(B27<>"",(C27&M27&N27&O27&P27&" / "&G27&H27&I27&J27&K27&L27&" mm"),"") -> Marco / H:2000W:800D:600 mm | S27: 1.3.1. | T27: Cubierta para modulo | AA27: SinReferencia | AD27: =AO27&AP27&AQ27&AR27&AS27&AT27&AN27&AU27 -> IEZ2HFPW3- | AE27: UF. | AF27: de | AG27: Integrada | AH27: EZC 250 | AI27: Horizontal | AJ27: Fijo | AK27: Palanca | AL27: W:720 | AN27: - | AO27: =MID(AG27,1,1) -> I | AP27: {=IFERROR(_xlfn.IFS(AH27="Mini Breaker ","MB",AH27="GoPact ","GP",AH27="EZC 100 ","EZ1",AH27="EZC 250 ","EZ2",AH27="CVS/NSX 250 ","CV2",AH27="CVS/NSX/EZC 630 ","CV6",AH27="NS 1600 ","NS1",AH27="NW/MTZ 4000 ","NW4",AH27="Conmutador PEQ. ","CP",AH27="Conmutador MED. ","CM",AH27="Conmutador GRA. ","CG",AH27="Contactores ","CK"),"")} -> EZ2 | AQ27: {=_xlfn.IFS(AI27="Horizontal ","H",AI27="Horizontal COMPUESTA ","HC",AI27="Vertical ","V",AI27="Vertical Compacta ","VC",AI27="Vertical Extendida ","VE")} -> H | AR27: =MID(AJ27,1,1) -> F | AS27: =MID(AK27,1,1) -> P | AT27: {=IFERROR(_xlfn.IFS(AL27="W:200 ","W1",AL27="W:400 ","W2",AL27="W:720 ","W3",AL27="W:800 ","W4",AL27="W:1120 ","W5"),"")} -> W3 | AU27: {=IFERROR(_xlfn.IFS(AM27="D:400 ","D1",AM27="D:600 ","D2",AM27="D:1000 ","D3"),"")} | AV27: 021078 | AW27: 024015 | AX27: =AE27&AF27&AH27&AI27&AJ27&AK27&AL27&AM27&AN27 -> UF. de EZC 250 Horizontal Fijo Palanca W:720 - | BB27: =BC27&BD27&BE27&BF27 -> 3EH | BC27: =BC26 -> 3 | BD27: =BD26 -> E | BE27: =BE26 -> H | BF27: {=IFERROR(_xlfn.IFS(BL27="400 + 400","X",BL27="720","Y",BL27="1120","Z"),"")} | BL27: - | BM27: - | BN27: - | BO27: - | BP27: - | BQ27: - | BR27: - | BS27: - | BT27: - | BU27: - | BV27: - | BW27: - | BX27: - | BY27: - | BZ27: - | CB27: =BC27&BD27&CC27&CD27 -> 3EVO | CC27: V | CD27: {=IFERROR(_xlfn.IFS(CF27="1/4","M",CF27="1/2","N",CF27="3/4","O",CF27="1","P"),"")} -> O | CF27: 3/4 | CG27: 037018 | CH27: NSX
A28: 23 | B28: =MID(H28,1,2)&MID(J28,1,2)&MID(L28,1,2)&MID(C28,1,2)&MID(M28,1,1)&MID(N28,1,1)&MID(O28,1,1)&MID(P28,1,3) -> 208010Ma | C28: Marco | D28: 017022 | E28: 014005 | F28: 010023 | G28: =IF(H28<>"","H:","") -> H: | H28: 2000 | I28: =IF(J28<>"","W:","") -> W: | J28: 800 | K28: =IF(L28<>"","D:","") -> D: | L28: 1000 | Q28: =IF(B28<>"",(C28&M28&N28&O28&P28&" / "&G28&H28&I28&J28&K28&L28&" mm"),"") -> Marco / H:2000W:800D:1000 mm | S28: 1.3.2. | T28: Cubierta para ventilación | AA28: SinReferencia | AD28: =AO28&AP28&AQ28&AR28&AS28&AT28&AN28&AU28 -> IEZ2HFPW3DPS | AE28: UF. | AF28: de | AG28: Integrada | AH28: EZC 250 | AI28: Horizontal | AJ28: Fijo | AK28: Palanca | AL28: W:720 | AN28: DPS | AO28: =MID(AG28,1,1) -> I | AP28: {=IFERROR(_xlfn.IFS(AH28="Mini Breaker ","MB",AH28="GoPact ","GP",AH28="EZC 100 ","EZ1",AH28="EZC 250 ","EZ2",AH28="CVS/NSX 250 ","CV2",AH28="CVS/NSX/EZC 630 ","CV6",AH28="NS 1600 ","NS1",AH28="NW/MTZ 4000 ","NW4",AH28="Conmutador PEQ. ","CP",AH28="Conmutador MED. ","CM",AH28="Conmutador GRA. ","CG",AH28="Contactores ","CK"),"")} -> EZ2 | AQ28: {=_xlfn.IFS(AI28="Horizontal ","H",AI28="Horizontal COMPUESTA ","HC",AI28="Vertical ","V",AI28="Vertical Compacta ","VC",AI28="Vertical Extendida ","VE")} -> H | AR28: =MID(AJ28,1,1) -> F | AS28: =MID(AK28,1,1) -> P | AT28: {=IFERROR(_xlfn.IFS(AL28="W:200 ","W1",AL28="W:400 ","W2",AL28="W:720 ","W3",AL28="W:800 ","W4",AL28="W:1120 ","W5"),"")} -> W3 | AU28: {=IFERROR(_xlfn.IFS(AM28="D:400 ","D1",AM28="D:600 ","D2",AM28="D:1000 ","D3"),"")} | AV28: 021080 | AW28: 024016 | AX28: =AE28&AF28&AH28&AI28&AJ28&AK28&AL28&AM28&AN28 -> UF. de EZC 250 Horizontal Fijo Palanca W:720 DPS | BB28: =BC28&BD28&BE28&BF28 -> 3EH | BC28: =BC27 -> 3 | BD28: =BD27 -> E | BE28: =BE27 -> H | BF28: {=IFERROR(_xlfn.IFS(BL28="400 + 400","X",BL28="720","Y",BL28="1120","Z"),"")} | BL28: - | BM28: - | BN28: - | BO28: - | BP28: - | BQ28: - | BR28: - | BS28: - | BT28: - | BU28: - | BV28: - | BW28: - | BX28: - | BY28: - | BZ28: - | CB28: =BC28&BD28&CC28&CD28 -> 3EVP | CC28: V | CD28: {=IFERROR(_xlfn.IFS(CF28="1/4","M",CF28="1/2","N",CF28="3/4","O",CF28="1","P"),"")} -> P | CF28: 1 | CG28: 037019 | CH28: NS | CI28: - | CJ28: - | CK28: - | CL28: - | CM28: 047028 | CN28: 047028 | CO28: 047029 | CP28: 047030
A29: 24 | B29: =MID(H29,1,2)&MID(J29,1,2)&MID(L29,1,2)&MID(C29,1,2)&MID(M29,1,1)&MID(N29,1,1)&MID(O29,1,1)&MID(P29,1,3) -> 201140Ma | C29: Marco | D29: 017023 | E29: 014003 | F29: 010024 | G29: =IF(H29<>"","H:","") -> H: | H29: 2000 | I29: =IF(J29<>"","W:","") -> W: | J29: 1120 | K29: =IF(L29<>"","D:","") -> D: | L29: 400 | Q29: =IF(B29<>"",(C29&M29&N29&O29&P29&" / "&G29&H29&I29&J29&K29&L29&" mm"),"") -> Marco / H:2000W:1120D:400 mm | S29: 1.4.1. | T29: Cubierta de ventilación | AA29: SinReferencia | AD29: =AO29&AP29&AQ29&AR29&AS29&AT29&AN29&AU29 -> ICV6VFPW3- | AE29: UF. | AF29: de | AG29: Integrada | AH29: CVS/NSX/EZC 630 | AI29: Vertical | AJ29: Fijo | AK29: Palanca | AL29: W:720 | AN29: - | AO29: =MID(AG29,1,1) -> I | AP29: {=IFERROR(_xlfn.IFS(AH29="Mini Breaker ","MB",AH29="GoPact ","GP",AH29="EZC 100 ","EZ1",AH29="EZC 250 ","EZ2",AH29="CVS/NSX 250 ","CV2",AH29="CVS/NSX/EZC 630 ","CV6",AH29="NS 1600 ","NS1",AH29="NW/MTZ 4000 ","NW4",AH29="Conmutador PEQ. ","CP",AH29="Conmutador MED. ","CM",AH29="Conmutador GRA. ","CG",AH29="Contactores ","CK"),"")} -> CV6 | AQ29: {=_xlfn.IFS(AI29="Horizontal ","H",AI29="Horizontal COMPUESTA ","HC",AI29="Vertical ","V",AI29="Vertical Compacta ","VC",AI29="Vertical Extendida ","VE")} -> V | AR29: =MID(AJ29,1,1) -> F | AS29: =MID(AK29,1,1) -> P | AT29: {=IFERROR(_xlfn.IFS(AL29="W:200 ","W1",AL29="W:400 ","W2",AL29="W:720 ","W3",AL29="W:800 ","W4",AL29="W:1120 ","W5"),"")} -> W3 | AU29: {=IFERROR(_xlfn.IFS(AM29="D:400 ","D1",AM29="D:600 ","D2",AM29="D:1000 ","D3"),"")} | AV29: 025505 | AW29: 024017 | AX29: =AE29&AF29&AH29&AI29&AJ29&AK29&AL29&AM29&AN29 -> UF. de CVS/NSX/EZC 630 Vertical Fijo Palanca W:720 - | BB29: =BC29&BD29&BE29&BF29 -> 3EH | BC29: =BC28 -> 3 | BD29: =BD28 -> E | BE29: =BE28 -> H | BF29: {=IFERROR(_xlfn.IFS(BL29="400 + 400","X",BL29="720","Y",BL29="1120","Z"),"")} | BN29: NW | BO29: - | BP29: - | BQ29: - | BR29: - | BS29: 048014 | BT29: 048015 | BU29: 048016 | BV29: 048017 | BW29: 048018 | BX29: 048019 | BY29: - | BZ29: - | CB29: =BC29&BD29&CC29&CD29 -> 3EV | CC29: V | CD29: {=IFERROR(_xlfn.IFS(CF29="1/4","M",CF29="1/2","N",CF29="3/4","O",CF29="1","P"),"")} | CF29: - | CG29: - | CH29: - | CI29: - | CJ29: - | CK29: - | CL29: - | CM29: - | CN29: - | CO29: - | CP29: -
A30: 25 | B30: =MID(H30,1,2)&MID(J30,1,2)&MID(L30,1,2)&MID(C30,1,2)&MID(M30,1,1)&MID(N30,1,1)&MID(O30,1,1)&MID(P30,1,3) -> 201160Ma | C30: Marco | D30: 017024 | E30: 014004 | F30: 010024 | G30: =IF(H30<>"","H:","") -> H: | H30: 2000 | I30: =IF(J30<>"","W:","") -> W: | J30: 1120 | K30: =IF(L30<>"","D:","") -> D: | L30: 600 | Q30: =IF(B30<>"",(C30&M30&N30&O30&P30&" / "&G30&H30&I30&J30&K30&L30&" mm"),"") -> Marco / H:2000W:1120D:600 mm | S30: 1.4.2. | T30: Segregación | AA30: SinReferencia | AD30: =AO30&AP30&AQ30&AR30&AS30&AT30&AN30&AU30 -> ICV6VFMW3- | AE30: UF. | AF30: de | AG30: Integrada | AH30: CVS/NSX/EZC 630 | AI30: Vertical | AJ30: Fijo | AK30: Motorizado | AL30: W:720 | AN30: - | AO30: =MID(AG30,1,1) -> I | AP30: {=IFERROR(_xlfn.IFS(AH30="Mini Breaker ","MB",AH30="GoPact ","GP",AH30="EZC 100 ","EZ1",AH30="EZC 250 ","EZ2",AH30="CVS/NSX 250 ","CV2",AH30="CVS/NSX/EZC 630 ","CV6",AH30="NS 1600 ","NS1",AH30="NW/MTZ 4000 ","NW4",AH30="Conmutador PEQ. ","CP",AH30="Conmutador MED. ","CM",AH30="Conmutador GRA. ","CG",AH30="Contactores ","CK"),"")} -> CV6 | AQ30: {=_xlfn.IFS(AI30="Horizontal ","H",AI30="Horizontal COMPUESTA ","HC",AI30="Vertical ","V",AI30="Vertical Compacta ","VC",AI30="Vertical Extendida ","VE")} -> V | AR30: =MID(AJ30,1,1) -> F | AS30: =MID(AK30,1,1) -> M | AT30: {=IFERROR(_xlfn.IFS(AL30="W:200 ","W1",AL30="W:400 ","W2",AL30="W:720 ","W3",AL30="W:800 ","W4",AL30="W:1120 ","W5"),"")} -> W3 | AU30: {=IFERROR(_xlfn.IFS(AM30="D:400 ","D1",AM30="D:600 ","D2",AM30="D:1000 ","D3"),"")} | AV30: 021136 | AW30: 024017 | AX30: =AE30&AF30&AH30&AI30&AJ30&AK30&AL30&AM30&AN30 -> UF. de CVS/NSX/EZC 630 Vertical Fijo Motorizado W:720 - | BB30: =BC30&BD30&BE30&BF30 -> 3FHY | BC30: {=_xlfn.IFS(BJ30="10 - 25",1,BJ30="10 - 40",2,BJ30="10 - 65",3,BJ30="10 - 85",4)} -> 3 | BD30: {=_xlfn.IFS(BK30="630","A",BK30="1250","B",BK30="1600","C",BK30="2000","D",BK30="2500","E",BK30="3200","F",BK30="4000","G",BK30="5000","H",BK30="6300","I",BK30="7000","J")} -> F | BE30: H | BF30: {=IFERROR(_xlfn.IFS(BL30="400 + 400","X",BL30="720","Y",BL30="1120","Z"),"")} -> Y | BJ30: 10 - 65 | BK30: 3200 | BL30: 720 | BM30: 038010 | BN30: NW | BO30: - | BP30: - | BQ30: - | BR30: - | BS30: 048020 | BT30: 048021 | BU30: 048022 | BV30: 048023 | BW30: 048024 | BX30: 048025 | BY30: 048026 | BZ30: - | CB30: =BC30&BD30&CC30&CD30 -> 3FV | CC30: V | CD30: {=IFERROR(_xlfn.IFS(CF30="1/4","M",CF30="1/2","N",CF30="3/4","O",CF30="1","P"),"")} | CF30: - | CG30: - | CH30: - | CI30: - | CJ30: - | CK30: - | CL30: - | CM30: - | CN30: - | CO30: - | CP30: -
A31: 26 | B31: =MID(H31,1,2)&MID(J31,1,2)&MID(L31,1,2)&MID(C31,1,2)&MID(M31,1,1)&MID(N31,1,1)&MID(O31,1,1)&MID(P31,1,3) -> 201110Ma | C31: Marco | D31: 017025 | E31: 014005 | F31: 010024 | G31: =IF(H31<>"","H:","") -> H: | H31: 2000 | I31: =IF(J31<>"","W:","") -> W: | J31: 1120 | K31: =IF(L31<>"","D:","") -> D: | L31: 1000 | Q31: =IF(B31<>"",(C31&M31&N31&O31&P31&" / "&G31&H31&I31&J31&K31&L31&" mm"),"") -> Marco / H:2000W:1120D:1000 mm | AD31: =AO31&AP31&AQ31&AR31&AS31&AT31&AN31&AU31 -> ICV6VFPW2- | AE31: UF. | AF31: de | AG31: Integrada | AH31: CVS/NSX/EZC 630 | AI31: Vertical | AJ31: Fijo | AK31: Palanca | AL31: W:400 | AN31: - | AO31: =MID(AG31,1,1) -> I | AP31: {=IFERROR(_xlfn.IFS(AH31="Mini Breaker ","MB",AH31="GoPact ","GP",AH31="EZC 100 ","EZ1",AH31="EZC 250 ","EZ2",AH31="CVS/NSX 250 ","CV2",AH31="CVS/NSX/EZC 630 ","CV6",AH31="NS 1600 ","NS1",AH31="NW/MTZ 4000 ","NW4",AH31="Conmutador PEQ. ","CP",AH31="Conmutador MED. ","CM",AH31="Conmutador GRA. ","CG",AH31="Contactores ","CK"),"")} -> CV6 | AQ31: {=_xlfn.IFS(AI31="Horizontal ","H",AI31="Horizontal COMPUESTA ","HC",AI31="Vertical ","V",AI31="Vertical Compacta ","VC",AI31="Vertical Extendida ","VE")} -> V | AR31: =MID(AJ31,1,1) -> F | AS31: =MID(AK31,1,1) -> P | AT31: {=IFERROR(_xlfn.IFS(AL31="W:200 ","W1",AL31="W:400 ","W2",AL31="W:720 ","W3",AL31="W:800 ","W4",AL31="W:1120 ","W5"),"")} -> W2 | AU31: {=IFERROR(_xlfn.IFS(AM31="D:400 ","D1",AM31="D:600 ","D2",AM31="D:1000 ","D3"),"")} | AV31: 025506 | AW31: 024018 | AX31: =AE31&AF31&AH31&AI31&AJ31&AK31&AL31&AM31&AN31 -> UF. de CVS/NSX/EZC 630 Vertical Fijo Palanca W:400 - | BB31: =BC31&BD31&BE31&BF31 -> 3FHZ | BC31: =BC30 -> 3 | BD31: =BD30 -> F | BE31: =BE30 -> H | BF31: {=IFERROR(_xlfn.IFS(BL31="400 + 400","X",BL31="720","Y",BL31="1120","Z"),"")} -> Z | BL31: 1120 | BM31: 038011 | BN31: - | BO31: - | BP31: - | BQ31: - | BR31: - | BS31: - | BT31: - | BU31: - | BV31: - | BW31: - | BX31: - | BY31: - | BZ31: - | CB31: =BC31&BD31&CC31&CD31 -> 3FV | CC31: V | CD31: {=IFERROR(_xlfn.IFS(CF31="1/4","M",CF31="1/2","N",CF31="3/4","O",CF31="1","P"),"")} | CF31: - | CG31: - | CH31: - | CI31: - | CJ31: - | CK31: - | CL31: - | CM31: - | CN31: - | CO31: - | CP31: -
A32: 27 | B32: =MID(H32,1,2)&MID(J32,1,2)&MID(L32,1,2)&MID(C32,1,2)&MID(M32,1,1)&MID(N32,1,1)&MID(O32,1,1)&MID(P32,1,3) -> 222040Ma | C32: Marco | D32: 017026 | E32: 014006 | F32: 010020 | G32: =IF(H32<>"","H:","") -> H: | H32: 2200 | I32: =IF(J32<>"","W:","") -> W: | J32: 200 | K32: =IF(L32<>"","D:","") -> D: | L32: 400 | Q32: =IF(B32<>"",(C32&M32&N32&O32&P32&" / "&G32&H32&I32&J32&K32&L32&" mm"),"") -> Marco / H:2200W:200D:400 mm | S32: 1.5.1. | T32: Cubierta de ventilación | Z32: =V32&U32&MID(W32,1,1)&MID(X32,1,1)&MID(Y32,1,3) | AA32: =VLOOKUP(Z32,$B$6:$D$470,3,FALSE) -> 0 | AD32: =AO32&AP32&AQ32&AR32&AS32&AT32&AN32&AU32 -> ICV6VFMW2- | AE32: UF. | AF32: de | AG32: Integrada | AH32: CVS/NSX/EZC 630 | AI32: Vertical | AJ32: Fijo | AK32: Motorizado | AL32: W:400 | AN32: - | AO32: =MID(AG32,1,1) -> I | AP32: {=IFERROR(_xlfn.IFS(AH32="Mini Breaker ","MB",AH32="GoPact ","GP",AH32="EZC 100 ","EZ1",AH32="EZC 250 ","EZ2",AH32="CVS/NSX 250 ","CV2",AH32="CVS/NSX/EZC 630 ","CV6",AH32="NS 1600 ","NS1",AH32="NW/MTZ 4000 ","NW4",AH32="Conmutador PEQ. ","CP",AH32="Conmutador MED. ","CM",AH32="Conmutador GRA. ","CG",AH32="Contactores ","CK"),"")} -> CV6 | AQ32: {=_xlfn.IFS(AI32="Horizontal ","H",AI32="Horizontal COMPUESTA ","HC",AI32="Vertical ","V",AI32="Vertical Compacta ","VC",AI32="Vertical Extendida ","VE")} -> V | AR32: =MID(AJ32,1,1) -> F | AS32: =MID(AK32,1,1) -> M | AT32: {=IFERROR(_xlfn.IFS(AL32="W:200 ","W1",AL32="W:400 ","W2",AL32="W:720 ","W3",AL32="W:800 ","W4",AL32="W:1120 ","W5"),"")} -> W2 | AU32: {=IFERROR(_xlfn.IFS(AM32="D:400 ","D1",AM32="D:600 ","D2",AM32="D:1000 ","D3"),"")} | AV32: 021137 | AW32: 024018 | AX32: =AE32&AF32&AH32&AI32&AJ32&AK32&AL32&AM32&AN32 -> UF. de CVS/NSX/EZC 630 Vertical Fijo Motorizado W:400 - | BB32: =BC32&BD32&BE32&BF32 -> 3GHY | BC32: {=_xlfn.IFS(BJ32="10 - 25",1,BJ32="10 - 40",2,BJ32="10 - 65",3,BJ32="10 - 85",4)} -> 3 | BD32: {=_xlfn.IFS(BK32="630","A",BK32="1250","B",BK32="1600","C",BK32="2000","D",BK32="2500","E",BK32="3200","F",BK32="4000","G",BK32="5000","H",BK32="6300","I",BK32="7000","J")} -> G | BE32: H | BF32: {=IFERROR(_xlfn.IFS(BL32="400 + 400","X",BL32="720","Y",BL32="1120","Z"),"")} -> Y | BJ32: 10 - 65 | BK32: 4000 | BL32: 720 | BM32: 038012 | BN32: NW | BO32: - | BP32: - | BQ32: - | BR32: - | BS32: 048020 | BT32: 048021 | BU32: 048022 | BV32: 048023 | BW32: 048024 | BX32: 048025 | BY32: 048026 | BZ32: 048027 | CB32: =BC32&BD32&CC32&CD32 -> 3GV | CC32: V | CD32: {=IFERROR(_xlfn.IFS(CF32="1/4","M",CF32="1/2","N",CF32="3/4","O",CF32="1","P"),"")} | CF32: - | CG32: - | CH32: - | CI32: - | CJ32: - | CK32: - | CL32: - | CM32: - | CN32: - | CO32: - | CP32: -
A33: 28 | B33: =MID(H33,1,2)&MID(J33,1,2)&MID(L33,1,2)&MID(C33,1,2)&MID(M33,1,1)&MID(N33,1,1)&MID(O33,1,1)&MID(P33,1,3) -> 222060Ma | C33: Marco | D33: 017027 | E33: 014007 | F33: 010020 | G33: =IF(H33<>"","H:","") -> H: | H33: 2200 | I33: =IF(J33<>"","W:","") -> W: | J33: 200 | K33: =IF(L33<>"","D:","") -> D: | L33: 600 | Q33: =IF(B33<>"",(C33&M33&N33&O33&P33&" / "&G33&H33&I33&J33&K33&L33&" mm"),"") -> Marco / H:2200W:200D:600 mm | S33: 1.5.2. | T33: Accesorio de poste | AA33: SinReferencia | AD33: =AO33&AP33&AQ33&AR33&AS33&AT33&AN33&AU33 -> ICV6HFPW3- | AE33: UF. | AF33: de | AG33: Integrada | AH33: CVS/NSX/EZC 630 | AI33: Horizontal | AJ33: Fijo | AK33: Palanca | AL33: W:720 | AN33: - | AO33: =MID(AG33,1,1) -> I | AP33: {=IFERROR(_xlfn.IFS(AH33="Mini Breaker ","MB",AH33="GoPact ","GP",AH33="EZC 100 ","EZ1",AH33="EZC 250 ","EZ2",AH33="CVS/NSX 250 ","CV2",AH33="CVS/NSX/EZC 630 ","CV6",AH33="NS 1600 ","NS1",AH33="NW/MTZ 4000 ","NW4",AH33="Conmutador PEQ. ","CP",AH33="Conmutador MED. ","CM",AH33="Conmutador GRA. ","CG",AH33="Contactores ","CK"),"")} -> CV6 | AQ33: {=_xlfn.IFS(AI33="Horizontal ","H",AI33="Horizontal COMPUESTA ","HC",AI33="Vertical ","V",AI33="Vertical Compacta ","VC",AI33="Vertical Extendida ","VE")} -> H | AR33: =MID(AJ33,1,1) -> F | AS33: =MID(AK33,1,1) -> P | AT33: {=IFERROR(_xlfn.IFS(AL33="W:200 ","W1",AL33="W:400 ","W2",AL33="W:720 ","W3",AL33="W:800 ","W4",AL33="W:1120 ","W5"),"")} -> W3 | AU33: {=IFERROR(_xlfn.IFS(AM33="D:400 ","D1",AM33="D:600 ","D2",AM33="D:1000 ","D3"),"")} | AV33: 025503 | AW33: 024019 | AX33: =AE33&AF33&AH33&AI33&AJ33&AK33&AL33&AM33&AN33 -> UF. de CVS/NSX/EZC 630 Horizontal Fijo Palanca W:720 - | BB33: =BC33&BD33&BE33&BF33 -> 3GHZ | BC33: =BC32 -> 3 | BD33: =BD32 -> G | BE33: =BE32 -> H | BF33: {=IFERROR(_xlfn.IFS(BL33="400 + 400","X",BL33="720","Y",BL33="1120","Z"),"")} -> Z | BL33: 1120 | BM33: 038013 | BN33: - | BO33: - | BP33: - | BQ33: - | BR33: - | BS33: - | BT33: - | BU33: - | BV33: - | BW33: - | BX33: - | BY33: - | BZ33: - | CB33: =BC33&BD33&CC33&CD33 -> 3GV | CC33: V | CD33: {=IFERROR(_xlfn.IFS(CF33="1/4","M",CF33="1/2","N",CF33="3/4","O",CF33="1","P"),"")} | CF33: - | CG33: - | CH33: - | CI33: - | CJ33: - | CK33: - | CL33: - | CM33: - | CN33: - | CO33: - | CP33: -
A34: 29 | B34: =MID(H34,1,2)&MID(J34,1,2)&MID(L34,1,2)&MID(C34,1,2)&MID(M34,1,1)&MID(N34,1,1)&MID(O34,1,1)&MID(P34,1,3) -> 222010Ma | C34: Marco | D34: 017028 | E34: 014008 | F34: 010020 | G34: =IF(H34<>"","H:","") -> H: | H34: 2200 | I34: =IF(J34<>"","W:","") -> W: | J34: 200 | K34: =IF(L34<>"","D:","") -> D: | L34: 1000 | Q34: =IF(B34<>"",(C34&M34&N34&O34&P34&" / "&G34&H34&I34&J34&K34&L34&" mm"),"") -> Marco / H:2200W:200D:1000 mm | S34: 1.5.3. | T34: Accesorio de muro | AA34: SinReferencia | AD34: =AO34&AP34&AQ34&AR34&AS34&AT34&AN34&AU34 -> ICV6HFMW3- | AE34: UF. | AF34: de | AG34: Integrada | AH34: CVS/NSX/EZC 630 | AI34: Horizontal | AJ34: Fijo | AK34: Motorizado | AL34: W:720 | AN34: - | AO34: =MID(AG34,1,1) -> I | AP34: {=IFERROR(_xlfn.IFS(AH34="Mini Breaker ","MB",AH34="GoPact ","GP",AH34="EZC 100 ","EZ1",AH34="EZC 250 ","EZ2",AH34="CVS/NSX 250 ","CV2",AH34="CVS/NSX/EZC 630 ","CV6",AH34="NS 1600 ","NS1",AH34="NW/MTZ 4000 ","NW4",AH34="Conmutador PEQ. ","CP",AH34="Conmutador MED. ","CM",AH34="Conmutador GRA. ","CG",AH34="Contactores ","CK"),"")} -> CV6 | AQ34: {=_xlfn.IFS(AI34="Horizontal ","H",AI34="Horizontal COMPUESTA ","HC",AI34="Vertical ","V",AI34="Vertical Compacta ","VC",AI34="Vertical Extendida ","VE")} -> H | AR34: =MID(AJ34,1,1) -> F | AS34: =MID(AK34,1,1) -> M | AT34: {=IFERROR(_xlfn.IFS(AL34="W:200 ","W1",AL34="W:400 ","W2",AL34="W:720 ","W3",AL34="W:800 ","W4",AL34="W:1120 ","W5"),"")} -> W3 | AU34: {=IFERROR(_xlfn.IFS(AM34="D:400 ","D1",AM34="D:600 ","D2",AM34="D:1000 ","D3"),"")} | AV34: 025508 | AW34: 024019 | AX34: =AE34&AF34&AH34&AI34&AJ34&AK34&AL34&AM34&AN34 -> UF. de CVS/NSX/EZC 630 Horizontal Fijo Motorizado W:720 - | BB34: =BC34&BD34&BE34&BF34 -> 4HHY | BC34: {=_xlfn.IFS(BJ34="10 - 25",1,BJ34="10 - 40",2,BJ34="10 - 65",3,BJ34="10 - 85",4)} -> 4 | BD34: {=_xlfn.IFS(BK34="630","A",BK34="1250","B",BK34="1600","C",BK34="2000","D",BK34="2500","E",BK34="3200","F",BK34="4000","G",BK34="5000","H",BK34="6300","I",BK34="7000","J")} -> H | BE34: H | BF34: {=IFERROR(_xlfn.IFS(BL34="400 + 400","X",BL34="720","Y",BL34="1120","Z"),"")} -> Y | BH34: TH | BJ34: 10 - 85 | BK34: 5000 | BL34: 720 | BM34: 038014 | BN34: NW | BO34: - | BP34: - | BQ34: - | BR34: - | BS34: - | BT34: - | BU34: - | BV34: - | BW34: - | BX34: - | BY34: - | BZ34: - | CB34: =BC34&BD34&CC34&CD34 -> 4HV | CC34: V | CD34: {=IFERROR(_xlfn.IFS(CF34="1/4","M",CF34="1/2","N",CF34="3/4","O",CF34="1","P"),"")} | CF34: - | CG34: - | CH34: - | CI34: - | CJ34: - | CK34: - | CL34: - | CM34: - | CN34: - | CO34: - | CP34: -
A35: 30 | B35: =MID(H35,1,2)&MID(J35,1,2)&MID(L35,1,2)&MID(C35,1,2)&MID(M35,1,1)&MID(N35,1,1)&MID(O35,1,1)&MID(P35,1,3) -> 224040Ma | C35: Marco | D35: 017029 | E35: 014006 | F35: 010021 | G35: =IF(H35<>"","H:","") -> H: | H35: 2200 | I35: =IF(J35<>"","W:","") -> W: | J35: 400 | K35: =IF(L35<>"","D:","") -> D: | L35: 400 | Q35: =IF(B35<>"",(C35&M35&N35&O35&P35&" / "&G35&H35&I35&J35&K35&L35&" mm"),"") -> Marco / H:2200W:400D:400 mm | S35: 1.5.4. | T35: Segregación | AA35: SinReferencia | AD35: =AO35&AP35&AQ35&AR35&AS35&AT35&AN35&AU35 -> ICV6HFPW3PM | AE35: UF. | AF35: de | AG35: Integrada | AH35: CVS/NSX/EZC 630 | AI35: Horizontal | AJ35: Fijo | AK35: Palanca | AL35: W:720 | AN35: PM | AO35: =MID(AG35,1,1) -> I | AP35: {=IFERROR(_xlfn.IFS(AH35="Mini Breaker ","MB",AH35="GoPact ","GP",AH35="EZC 100 ","EZ1",AH35="EZC 250 ","EZ2",AH35="CVS/NSX 250 ","CV2",AH35="CVS/NSX/EZC 630 ","CV6",AH35="NS 1600 ","NS1",AH35="NW/MTZ 4000 ","NW4",AH35="Conmutador PEQ. ","CP",AH35="Conmutador MED. ","CM",AH35="Conmutador GRA. ","CG",AH35="Contactores ","CK"),"")} -> CV6 | AQ35: {=_xlfn.IFS(AI35="Horizontal ","H",AI35="Horizontal COMPUESTA ","HC",AI35="Vertical ","V",AI35="Vertical Compacta ","VC",AI35="Vertical Extendida ","VE")} -> H | AR35: =MID(AJ35,1,1) -> F | AS35: =MID(AK35,1,1) -> P | AT35: {=IFERROR(_xlfn.IFS(AL35="W:200 ","W1",AL35="W:400 ","W2",AL35="W:720 ","W3",AL35="W:800 ","W4",AL35="W:1120 ","W5"),"")} -> W3 | AU35: {=IFERROR(_xlfn.IFS(AM35="D:400 ","D1",AM35="D:600 ","D2",AM35="D:1000 ","D3"),"")} | AV35: 025502 | AW35: 024019 | AX35: =AE35&AF35&AH35&AI35&AJ35&AK35&AL35&AM35&AN35 -> UF. de CVS/NSX/EZC 630 Horizontal Fijo Palanca W:720 PM | BB35: =BC35&BD35&BE35&BF35 -> 4HHZ | BC35: =BC34 -> 4 | BD35: =BD34 -> H | BE35: =BE34 -> H | BF35: {=IFERROR(_xlfn.IFS(BL35="400 + 400","X",BL35="720","Y",BL35="1120","Z"),"")} -> Z | BL35: 1120 | BM35: 038015 | BN35: - | BO35: - | BP35: - | BQ35: - | BR35: - | BS35: - | BT35: - | BU35: - | BV35: - | BW35: - | BX35: - | BY35: - | BZ35: - | CB35: =BC35&BD35&CC35&CD35 -> 4HV | CC35: V | CD35: {=IFERROR(_xlfn.IFS(CF35="1/4","M",CF35="1/2","N",CF35="3/4","O",CF35="1","P"),"")} | CF35: - | CG35: - | CH35: - | CI35: - | CJ35: - | CK35: - | CL35: - | CM35: - | CN35: - | CO35: - | CP35: -
A36: 31 | B36: =MID(H36,1,2)&MID(J36,1,2)&MID(L36,1,2)&MID(C36,1,2)&MID(M36,1,1)&MID(N36,1,1)&MID(O36,1,1)&MID(P36,1,3) -> 224060Ma | C36: Marco | D36: 017030 | E36: 014007 | F36: 010021 | G36: =IF(H36<>"","H:","") -> H: | H36: 2200 | I36: =IF(J36<>"","W:","") -> W: | J36: 400 | K36: =IF(L36<>"","D:","") -> D: | L36: 600 | Q36: =IF(B36<>"",(C36&M36&N36&O36&P36&" / "&G36&H36&I36&J36&K36&L36&" mm"),"") -> Marco / H:2200W:400D:600 mm | S36: 1.6.1. | T36: Placa para modulo | U36: PlM | W36: Grande | Z36: =V36&U36&MID(W36,1,1)&MID(X36,1,1)&MID(Y36,1,3) -> PlMG | AA36: =VLOOKUP(Z36,$B$6:$D$470,3,FALSE) -> 013202 | AD36: =AO36&AP36&AQ36&AR36&AS36&AT36&AN36&AU36 -> INS1VFPW3- | AE36: UF. | AF36: de | AG36: Integrada | AH36: NS 1600 | AI36: Vertical | AJ36: Fijo | AK36: Palanca | AL36: W:720 | AN36: - | AO36: =MID(AG36,1,1) -> I | AP36: {=IFERROR(_xlfn.IFS(AH36="Mini Breaker ","MB",AH36="GoPact ","GP",AH36="EZC 100 ","EZ1",AH36="EZC 250 ","EZ2",AH36="CVS/NSX 250 ","CV2",AH36="CVS/NSX/EZC 630 ","CV6",AH36="NS 1600 ","NS1",AH36="NW/MTZ 4000 ","NW4",AH36="Conmutador PEQ. ","CP",AH36="Conmutador MED. ","CM",AH36="Conmutador GRA. ","CG",AH36="Contactores ","CK"),"")} -> NS1 | AQ36: {=_xlfn.IFS(AI36="Horizontal ","H",AI36="Horizontal COMPUESTA ","HC",AI36="Vertical ","V",AI36="Vertical Compacta ","VC",AI36="Vertical Extendida ","VE")} -> V | AR36: =MID(AJ36,1,1) -> F | AS36: =MID(AK36,1,1) -> P | AT36: {=IFERROR(_xlfn.IFS(AL36="W:200 ","W1",AL36="W:400 ","W2",AL36="W:720 ","W3",AL36="W:800 ","W4",AL36="W:1120 ","W5"),"")} -> W3 | AU36: {=IFERROR(_xlfn.IFS(AM36="D:400 ","D1",AM36="D:600 ","D2",AM36="D:1000 ","D3"),"")} | AV36: 025509 | AW36: 024020 | AX36: =AE36&AF36&AH36&AI36&AJ36&AK36&AL36&AM36&AN36 -> UF. de NS 1600 Vertical Fijo Palanca W:720 - | BB36: =BC36&BD36&BE36&BF36 -> 4IHY | BC36: {=_xlfn.IFS(BJ36="10 - 25",1,BJ36="10 - 40",2,BJ36="10 - 65",3,BJ36="10 - 85",4)} -> 4 | BD36: {=_xlfn.IFS(BK36="630","A",BK36="1250","B",BK36="1600","C",BK36="2000","D",BK36="2500","E",BK36="3200","F",BK36="4000","G",BK36="5000","H",BK36="6300","I",BK36="7000","J")} -> I | BE36: H | BF36: {=IFERROR(_xlfn.IFS(BL36="400 + 400","X",BL36="720","Y",BL36="1120","Z"),"")} -> Y | BJ36: 10 - 85 | BK36: 6300 | BL36: 720 | BM36: 038016 | BN36: NW | BO36: - | BP36: - | BQ36: - | BR36: - | BS36: - | BT36: - | BU36: - | BV36: - | BW36: - | BX36: - | BY36: - | BZ36: - | CB36: =BC36&BD36&CC36&CD36 -> 4IV | CC36: V | CD36: {=IFERROR(_xlfn.IFS(CF36="1/4","M",CF36="1/2","N",CF36="3/4","O",CF36="1","P"),"")} | CF36: - | CG36: - | CH36: - | CI36: - | CJ36: - | CK36: - | CL36: - | CM36: - | CN36: - | CO36: - | CP36: -
A37: 32 | B37: =MID(H37,1,2)&MID(J37,1,2)&MID(L37,1,2)&MID(C37,1,2)&MID(M37,1,1)&MID(N37,1,1)&MID(O37,1,1)&MID(P37,1,3) -> 224010Ma | C37: Marco | D37: 017031 | E37: 014008 | F37: 010021 | G37: =IF(H37<>"","H:","") -> H: | H37: 2200 | I37: =IF(J37<>"","W:","") -> W: | J37: 400 | K37: =IF(L37<>"","D:","") -> D: | L37: 1000 | Q37: =IF(B37<>"",(C37&M37&N37&O37&P37&" / "&G37&H37&I37&J37&K37&L37&" mm"),"") -> Marco / H:2200W:400D:1000 mm | S37: 1.6.2. | T37: Tapa del modulo | U37: TaM | W37: PM6 | Z37: =V37&U37&MID(W37,1,3)&MID(X37,1,3)&MID(Y37,1,3) -> TaMPM6 | AA37: =VLOOKUP(Z37,$B$6:$D$470,3,FALSE) -> 012111 | AD37: =AO37&AP37&AQ37&AR37&AS37&AT37&AN37&AU37 -> INS1VFMW3- | AE37: UF. | AF37: de | AG37: Integrada | AH37: NS 1600 | AI37: Vertical | AJ37: Fijo | AK37: Motorizado | AL37: W:720 | AN37: - | AO37: =MID(AG37,1,1) -> I | AP37: {=IFERROR(_xlfn.IFS(AH37="Mini Breaker ","MB",AH37="GoPact ","GP",AH37="EZC 100 ","EZ1",AH37="EZC 250 ","EZ2",AH37="CVS/NSX 250 ","CV2",AH37="CVS/NSX/EZC 630 ","CV6",AH37="NS 1600 ","NS1",AH37="NW/MTZ 4000 ","NW4",AH37="Conmutador PEQ. ","CP",AH37="Conmutador MED. ","CM",AH37="Conmutador GRA. ","CG",AH37="Contactores ","CK"),"")} -> NS1 | AQ37: {=_xlfn.IFS(AI37="Horizontal ","H",AI37="Horizontal COMPUESTA ","HC",AI37="Vertical ","V",AI37="Vertical Compacta ","VC",AI37="Vertical Extendida ","VE")} -> V | AR37: =MID(AJ37,1,1) -> F | AS37: =MID(AK37,1,1) -> M | AT37: {=IFERROR(_xlfn.IFS(AL37="W:200 ","W1",AL37="W:400 ","W2",AL37="W:720 ","W3",AL37="W:800 ","W4",AL37="W:1120 ","W5"),"")} -> W3 | AU37: {=IFERROR(_xlfn.IFS(AM37="D:400 ","D1",AM37="D:600 ","D2",AM37="D:1000 ","D3"),"")} | AV37: 021142 | AW37: 024020 | AX37: =AE37&AF37&AH37&AI37&AJ37&AK37&AL37&AM37&AN37 -> UF. de NS 1600 Vertical Fijo Motorizado W:720 - | BB37: =BC37&BD37&BE37&BF37 -> 4IHZ | BC37: =BC36 -> 4 | BD37: =BD36 -> I | BE37: =BE36 -> H | BF37: {=IFERROR(_xlfn.IFS(BL37="400 + 400","X",BL37="720","Y",BL37="1120","Z"),"")} -> Z | BL37: 1120 | BM37: 038017 | BN37: - | BO37: - | BP37: - | BQ37: - | BR37: - | BS37: - | BT37: - | BU37: - | BV37: - | BW37: - | BX37: - | BY37: - | BZ37: - | CB37: =BC37&BD37&CC37&CD37 -> 4IV | CC37: V | CD37: {=IFERROR(_xlfn.IFS(CF37="1/4","M",CF37="1/2","N",CF37="3/4","O",CF37="1","P"),"")} | CF37: - | CG37: - | CH37: - | CI37: - | CJ37: - | CK37: - | CL37: - | CM37: - | CN37: - | CO37: - | CP37: -
A38: 33 | B38: =MID(H38,1,2)&MID(J38,1,2)&MID(L38,1,2)&MID(C38,1,2)&MID(M38,1,1)&MID(N38,1,1)&MID(O38,1,1)&MID(P38,1,3) -> 227240Ma | C38: Marco | D38: 017032 | E38: 014006 | F38: 010022 | G38: =IF(H38<>"","H:","") -> H: | H38: 2200 | I38: =IF(J38<>"","W:","") -> W: | J38: 720 | K38: =IF(L38<>"","D:","") -> D: | L38: 400 | Q38: =IF(B38<>"",(C38&M38&N38&O38&P38&" / "&G38&H38&I38&J38&K38&L38&" mm"),"") -> Marco / H:2200W:720D:400 mm | AD38: =AO38&AP38&AQ38&AR38&AS38&AT38&AN38&AU38 -> INS1VFPW2- | AE38: UF. | AF38: de | AG38: Integrada | AH38: NS 1600 | AI38: Vertical | AJ38: Fijo | AK38: Palanca | AL38: W:400 | AN38: - | AO38: =MID(AG38,1,1) -> I | AP38: {=IFERROR(_xlfn.IFS(AH38="Mini Breaker ","MB",AH38="GoPact ","GP",AH38="EZC 100 ","EZ1",AH38="EZC 250 ","EZ2",AH38="CVS/NSX 250 ","CV2",AH38="CVS/NSX/EZC 630 ","CV6",AH38="NS 1600 ","NS1",AH38="NW/MTZ 4000 ","NW4",AH38="Conmutador PEQ. ","CP",AH38="Conmutador MED. ","CM",AH38="Conmutador GRA. ","CG",AH38="Contactores ","CK"),"")} -> NS1 | AQ38: {=_xlfn.IFS(AI38="Horizontal ","H",AI38="Horizontal COMPUESTA ","HC",AI38="Vertical ","V",AI38="Vertical Compacta ","VC",AI38="Vertical Extendida ","VE")} -> V | AR38: =MID(AJ38,1,1) -> F | AS38: =MID(AK38,1,1) -> P | AT38: {=IFERROR(_xlfn.IFS(AL38="W:200 ","W1",AL38="W:400 ","W2",AL38="W:720 ","W3",AL38="W:800 ","W4",AL38="W:1120 ","W5"),"")} -> W2 | AU38: {=IFERROR(_xlfn.IFS(AM38="D:400 ","D1",AM38="D:600 ","D2",AM38="D:1000 ","D3"),"")} | AV38: 025507 | AW38: 024021 | AX38: =AE38&AF38&AH38&AI38&AJ38&AK38&AL38&AM38&AN38 -> UF. de NS 1600 Vertical Fijo Palanca W:400 - | BB38: =BC38&BD38&BE38&BF38 -> 4JHY | BC38: {=_xlfn.IFS(BJ38="10 - 25",1,BJ38="10 - 40",2,BJ38="10 - 65",3,BJ38="10 - 85",4)} -> 4 | BD38: {=_xlfn.IFS(BK38="630","A",BK38="1250","B",BK38="1600","C",BK38="2000","D",BK38="2500","E",BK38="3200","F",BK38="4000","G",BK38="5000","H",BK38="6300","I",BK38="7000","J")} -> J | BE38: H | BF38: {=IFERROR(_xlfn.IFS(BL38="400 + 400","X",BL38="720","Y",BL38="1120","Z"),"")} -> Y | BJ38: 10 - 85 | BK38: 7000 | BL38: 720 | BM38: 038018 | BN38: NW | BO38: - | BP38: - | BQ38: - | BR38: - | BS38: - | BT38: - | BU38: - | BV38: - | BW38: - | BX38: - | BY38: - | BZ38: - | CB38: =BC38&BD38&CC38&CD38 -> 4JV | CC38: V | CD38: {=IFERROR(_xlfn.IFS(CF38="1/4","M",CF38="1/2","N",CF38="3/4","O",CF38="1","P"),"")} | CF38: - | CG38: - | CH38: - | CI38: - | CJ38: - | CK38: - | CL38: - | CM38: - | CN38: - | CO38: - | CP38: -
A39: 34 | B39: =MID(H39,1,2)&MID(J39,1,2)&MID(L39,1,2)&MID(C39,1,2)&MID(M39,1,1)&MID(N39,1,1)&MID(O39,1,1)&MID(P39,1,3) -> 227260Ma | C39: Marco | D39: 017033 | E39: 014007 | F39: 010022 | G39: =IF(H39<>"","H:","") -> H: | H39: 2200 | I39: =IF(J39<>"","W:","") -> W: | J39: 720 | K39: =IF(L39<>"","D:","") -> D: | L39: 600 | Q39: =IF(B39<>"",(C39&M39&N39&O39&P39&" / "&G39&H39&I39&J39&K39&L39&" mm"),"") -> Marco / H:2200W:720D:600 mm | AD39: =AO39&AP39&AQ39&AR39&AS39&AT39&AN39&AU39 -> INS1VFMW2- | AE39: UF. | AF39: de | AG39: Integrada | AH39: NS 1600 | AI39: Vertical | AJ39: Fijo | AK39: Motorizado | AL39: W:400 | AN39: - | AO39: =MID(AG39,1,1) -> I | AP39: {=IFERROR(_xlfn.IFS(AH39="Mini Breaker ","MB",AH39="GoPact ","GP",AH39="EZC 100 ","EZ1",AH39="EZC 250 ","EZ2",AH39="CVS/NSX 250 ","CV2",AH39="CVS/NSX/EZC 630 ","CV6",AH39="NS 1600 ","NS1",AH39="NW/MTZ 4000 ","NW4",AH39="Conmutador PEQ. ","CP",AH39="Conmutador MED. ","CM",AH39="Conmutador GRA. ","CG",AH39="Contactores ","CK"),"")} -> NS1 | AQ39: {=_xlfn.IFS(AI39="Horizontal ","H",AI39="Horizontal COMPUESTA ","HC",AI39="Vertical ","V",AI39="Vertical Compacta ","VC",AI39="Vertical Extendida ","VE")} -> V | AR39: =MID(AJ39,1,1) -> F | AS39: =MID(AK39,1,1) -> M | AT39: {=IFERROR(_xlfn.IFS(AL39="W:200 ","W1",AL39="W:400 ","W2",AL39="W:720 ","W3",AL39="W:800 ","W4",AL39="W:1120 ","W5"),"")} -> W2 | AU39: {=IFERROR(_xlfn.IFS(AM39="D:400 ","D1",AM39="D:600 ","D2",AM39="D:1000 ","D3"),"")} | AV39: 021143 | AW39: 024021 | AX39: =AE39&AF39&AH39&AI39&AJ39&AK39&AL39&AM39&AN39 -> UF. de NS 1600 Vertical Fijo Motorizado W:400 - | BB39: =BC39&BD39&BE39&BF39 -> 4JHZ | BC39: =BC38 -> 4 | BD39: =BD38 -> J | BE39: =BE38 -> H | BF39: {=IFERROR(_xlfn.IFS(BL39="400 + 400","X",BL39="720","Y",BL39="1120","Z"),"")} -> Z | BL39: 1120 | BM39: 038019 | BN39: - | BO39: - | BP39: - | BQ39: - | BR39: - | BS39: - | BT39: - | BU39: - | BV39: - | BW39: - | BX39: - | BY39: - | BZ39: - | CB39: =BC39&BD39&CC39&CD39 -> 4JV | CC39: V | CD39: {=IFERROR(_xlfn.IFS(CF39="1/4","M",CF39="1/2","N",CF39="3/4","O",CF39="1","P"),"")} | CF39: - | CG39: - | CH39: - | CI39: - | CJ39: - | CK39: - | CL39: - | CM39: - | CN39: - | CO39: - | CP39: -
A40: 35 | B40: =MID(H40,1,2)&MID(J40,1,2)&MID(L40,1,2)&MID(C40,1,2)&MID(M40,1,1)&MID(N40,1,1)&MID(O40,1,1)&MID(P40,1,3) -> 227210Ma | C40: Marco | D40: 017034 | E40: 014008 | F40: 010022 | G40: =IF(H40<>"","H:","") -> H: | H40: 2200 | I40: =IF(J40<>"","W:","") -> W: | J40: 720 | K40: =IF(L40<>"","D:","") -> D: | L40: 1000 | Q40: =IF(B40<>"",(C40&M40&N40&O40&P40&" / "&G40&H40&I40&J40&K40&L40&" mm"),"") -> Marco / H:2200W:720D:1000 mm | AD40: =AO40&AP40&AQ40&AR40&AS40&AT40&AN40&AU40 -> INS1HFPW3- | AE40: UF. | AF40: de | AG40: Integrada | AH40: NS 1600 | AI40: Horizontal | AJ40: Fijo | AK40: Palanca | AL40: W:720 | AN40: - | AO40: =MID(AG40,1,1) -> I | AP40: {=IFERROR(_xlfn.IFS(AH40="Mini Breaker ","MB",AH40="GoPact ","GP",AH40="EZC 100 ","EZ1",AH40="EZC 250 ","EZ2",AH40="CVS/NSX 250 ","CV2",AH40="CVS/NSX/EZC 630 ","CV6",AH40="NS 1600 ","NS1",AH40="NW/MTZ 4000 ","NW4",AH40="Conmutador PEQ. ","CP",AH40="Conmutador MED. ","CM",AH40="Conmutador GRA. ","CG",AH40="Contactores ","CK"),"")} -> NS1 | AQ40: {=_xlfn.IFS(AI40="Horizontal ","H",AI40="Horizontal COMPUESTA ","HC",AI40="Vertical ","V",AI40="Vertical Compacta ","VC",AI40="Vertical Extendida ","VE")} -> H | AR40: =MID(AJ40,1,1) -> F | AS40: =MID(AK40,1,1) -> P | AT40: {=IFERROR(_xlfn.IFS(AL40="W:200 ","W1",AL40="W:400 ","W2",AL40="W:720 ","W3",AL40="W:800 ","W4",AL40="W:1120 ","W5"),"")} -> W3 | AU40: {=IFERROR(_xlfn.IFS(AM40="D:400 ","D1",AM40="D:600 ","D2",AM40="D:1000 ","D3"),"")} | AV40: 025504 | AW40: 024027 | AX40: =AE40&AF40&AH40&AI40&AJ40&AK40&AL40&AM40&AN40 -> UF. de NS 1600 Horizontal Fijo Palanca W:720 -
A41: 36 | B41: =MID(H41,1,2)&MID(J41,1,2)&MID(L41,1,2)&MID(C41,1,2)&MID(M41,1,1)&MID(N41,1,1)&MID(O41,1,1)&MID(P41,1,3) -> 228060Ma | C41: Marco | D41: 017035 | E41: 014007 | F41: 010023 | G41: =IF(H41<>"","H:","") -> H: | H41: 2200 | I41: =IF(J41<>"","W:","") -> W: | J41: 800 | K41: =IF(L41<>"","D:","") -> D: | L41: 600 | Q41: =IF(B41<>"",(C41&M41&N41&O41&P41&" / "&G41&H41&I41&J41&K41&L41&" mm"),"") -> Marco / H:2200W:800D:600 mm | AD41: =AO41&AP41&AQ41&AR41&AS41&AT41&AN41&AU41 -> INS1HFMW3- | AE41: UF. | AF41: de | AG41: Integrada | AH41: NS 1600 | AI41: Horizontal | AJ41: Fijo | AK41: Motorizado | AL41: W:720 | AN41: - | AO41: =MID(AG41,1,1) -> I | AP41: {=IFERROR(_xlfn.IFS(AH41="Mini Breaker ","MB",AH41="GoPact ","GP",AH41="EZC 100 ","EZ1",AH41="EZC 250 ","EZ2",AH41="CVS/NSX 250 ","CV2",AH41="CVS/NSX/EZC 630 ","CV6",AH41="NS 1600 ","NS1",AH41="NW/MTZ 4000 ","NW4",AH41="Conmutador PEQ. ","CP",AH41="Conmutador MED. ","CM",AH41="Conmutador GRA. ","CG",AH41="Contactores ","CK"),"")} -> NS1 | AQ41: {=_xlfn.IFS(AI41="Horizontal ","H",AI41="Horizontal COMPUESTA ","HC",AI41="Vertical ","V",AI41="Vertical Compacta ","VC",AI41="Vertical Extendida ","VE")} -> H | AR41: =MID(AJ41,1,1) -> F | AS41: =MID(AK41,1,1) -> M | AT41: {=IFERROR(_xlfn.IFS(AL41="W:200 ","W1",AL41="W:400 ","W2",AL41="W:720 ","W3",AL41="W:800 ","W4",AL41="W:1120 ","W5"),"")} -> W3 | AU41: {=IFERROR(_xlfn.IFS(AM41="D:400 ","D1",AM41="D:600 ","D2",AM41="D:1000 ","D3"),"")} | AV41: 021128 | AW41: 024027 | AX41: =AE41&AF41&AH41&AI41&AJ41&AK41&AL41&AM41&AN41 -> UF. de NS 1600 Horizontal Fijo Motorizado W:720 -
A42: 37 | B42: =MID(H42,1,2)&MID(J42,1,2)&MID(L42,1,2)&MID(C42,1,2)&MID(M42,1,1)&MID(N42,1,1)&MID(O42,1,1)&MID(P42,1,3) -> 228010Ma | C42: Marco | D42: 017036 | E42: 014008 | F42: 010023 | G42: =IF(H42<>"","H:","") -> H: | H42: 2200 | I42: =IF(J42<>"","W:","") -> W: | J42: 800 | K42: =IF(L42<>"","D:","") -> D: | L42: 1000 | Q42: =IF(B42<>"",(C42&M42&N42&O42&P42&" / "&G42&H42&I42&J42&K42&L42&" mm"),"") -> Marco / H:2200W:800D:1000 mm | AD42: =AO42&AP42&AQ42&AR42&AS42&AT42&AN42&AU42 -> INW4VFMW3-D1 | AE42: UF. | AF42: de | AG42: Integrada | AH42: NW/MTZ 4000 | AI42: Vertical | AJ42: Fijo | AK42: Motorizado | AL42: W:720 | AM42: D:400 | AN42: - | AO42: =MID(AG42,1,1) -> I | AP42: {=IFERROR(_xlfn.IFS(AH42="Mini Breaker ","MB",AH42="GoPact ","GP",AH42="EZC 100 ","EZ1",AH42="EZC 250 ","EZ2",AH42="CVS/NSX 250 ","CV2",AH42="CVS/NSX/EZC 630 ","CV6",AH42="NS 1600 ","NS1",AH42="NW/MTZ 4000 ","NW4",AH42="Conmutador PEQ. ","CP",AH42="Conmutador MED. ","CM",AH42="Conmutador GRA. ","CG",AH42="Contactores ","CK"),"")} -> NW4 | AQ42: {=_xlfn.IFS(AI42="Horizontal ","H",AI42="Horizontal COMPUESTA ","HC",AI42="Vertical ","V",AI42="Vertical Compacta ","VC",AI42="Vertical Extendida ","VE")} -> V | AR42: =MID(AJ42,1,1) -> F | AS42: =MID(AK42,1,1) -> M | AT42: {=IFERROR(_xlfn.IFS(AL42="W:200 ","W1",AL42="W:400 ","W2",AL42="W:720 ","W3",AL42="W:800 ","W4",AL42="W:1120 ","W5"),"")} -> W3 | AU42: {=IFERROR(_xlfn.IFS(AM42="D:400 ","D1",AM42="D:600 ","D2",AM42="D:1000 ","D3"),"")} -> D1 | AV42: 021300 | AW42: 024024 | AX42: =AE42&AF42&AH42&AI42&AJ42&AK42&AL42&AM42&AN42 -> UF. de NW/MTZ 4000 Vertical Fijo Motorizado W:720 D:400 -
A43: 38 | B43: =MID(H43,1,2)&MID(J43,1,2)&MID(L43,1,2)&MID(C43,1,2)&MID(M43,1,1)&MID(N43,1,1)&MID(O43,1,1)&MID(P43,1,3) -> 221140Ma | C43: Marco | D43: 017037 | E43: 014006 | F43: 010024 | G43: =IF(H43<>"","H:","") -> H: | H43: 2200 | I43: =IF(J43<>"","W:","") -> W: | J43: 1120 | K43: =IF(L43<>"","D:","") -> D: | L43: 400 | Q43: =IF(B43<>"",(C43&M43&N43&O43&P43&" / "&G43&H43&I43&J43&K43&L43&" mm"),"") -> Marco / H:2200W:1120D:400 mm | AD43: =AO43&AP43&AQ43&AR43&AS43&AT43&AN43&AU43 -> INW4VFMW3-D2 | AE43: UF. | AF43: de | AG43: Integrada | AH43: NW/MTZ 4000 | AI43: Vertical | AJ43: Fijo | AK43: Motorizado | AL43: W:720 | AM43: D:600 | AN43: - | AO43: =MID(AG43,1,1) -> I | AP43: {=IFERROR(_xlfn.IFS(AH43="Mini Breaker ","MB",AH43="GoPact ","GP",AH43="EZC 100 ","EZ1",AH43="EZC 250 ","EZ2",AH43="CVS/NSX 250 ","CV2",AH43="CVS/NSX/EZC 630 ","CV6",AH43="NS 1600 ","NS1",AH43="NW/MTZ 4000 ","NW4",AH43="Conmutador PEQ. ","CP",AH43="Conmutador MED. ","CM",AH43="Conmutador GRA. ","CG",AH43="Contactores ","CK"),"")} -> NW4 | AQ43: {=_xlfn.IFS(AI43="Horizontal ","H",AI43="Horizontal COMPUESTA ","HC",AI43="Vertical ","V",AI43="Vertical Compacta ","VC",AI43="Vertical Extendida ","VE")} -> V | AR43: =MID(AJ43,1,1) -> F | AS43: =MID(AK43,1,1) -> M | AT43: {=IFERROR(_xlfn.IFS(AL43="W:200 ","W1",AL43="W:400 ","W2",AL43="W:720 ","W3",AL43="W:800 ","W4",AL43="W:1120 ","W5"),"")} -> W3 | AU43: {=IFERROR(_xlfn.IFS(AM43="D:400 ","D1",AM43="D:600 ","D2",AM43="D:1000 ","D3"),"")} -> D2 | AV43: 021300 | AW43: 024025 | AX43: =AE43&AF43&AH43&AI43&AJ43&AK43&AL43&AM43&AN43 -> UF. de NW/MTZ 4000 Vertical Fijo Motorizado W:720 D:600 -
A44: 39 | B44: =MID(H44,1,2)&MID(J44,1,2)&MID(L44,1,2)&MID(C44,1,2)&MID(M44,1,1)&MID(N44,1,1)&MID(O44,1,1)&MID(P44,1,3) -> 221160Ma | C44: Marco | D44: 017038 | E44: 014007 | F44: 010024 | G44: =IF(H44<>"","H:","") -> H: | H44: 2200 | I44: =IF(J44<>"","W:","") -> W: | J44: 1120 | K44: =IF(L44<>"","D:","") -> D: | L44: 600 | Q44: =IF(B44<>"",(C44&M44&N44&O44&P44&" / "&G44&H44&I44&J44&K44&L44&" mm"),"") -> Marco / H:2200W:1120D:600 mm | AD44: =AO44&AP44&AQ44&AR44&AS44&AT44&AN44&AU44 -> INW4VEW3-D2 | AE44: UF. | AF44: de | AG44: Integrada | AH44: NW/MTZ 4000 | AI44: Vertical | AJ44: Extraible | AL44: W:720 | AM44: D:600 | AN44: - | AO44: =MID(AG44,1,1) -> I | AP44: {=IFERROR(_xlfn.IFS(AH44="Mini Breaker ","MB",AH44="GoPact ","GP",AH44="EZC 100 ","EZ1",AH44="EZC 250 ","EZ2",AH44="CVS/NSX 250 ","CV2",AH44="CVS/NSX/EZC 630 ","CV6",AH44="NS 1600 ","NS1",AH44="NW/MTZ 4000 ","NW4",AH44="Conmutador PEQ. ","CP",AH44="Conmutador MED. ","CM",AH44="Conmutador GRA. ","CG",AH44="Contactores ","CK"),"")} -> NW4 | AQ44: {=_xlfn.IFS(AI44="Horizontal ","H",AI44="Horizontal COMPUESTA ","HC",AI44="Vertical ","V",AI44="Vertical Compacta ","VC",AI44="Vertical Extendida ","VE")} -> V | AR44: =MID(AJ44,1,1) -> E | AS44: =MID(AK44,1,1) | AT44: {=IFERROR(_xlfn.IFS(AL44="W:200 ","W1",AL44="W:400 ","W2",AL44="W:720 ","W3",AL44="W:800 ","W4",AL44="W:1120 ","W5"),"")} -> W3 | AU44: {=IFERROR(_xlfn.IFS(AM44="D:400 ","D1",AM44="D:600 ","D2",AM44="D:1000 ","D3"),"")} -> D2 | AV44: 021302 | AW44: 024026 | AX44: =AE44&AF44&AH44&AI44&AJ44&AK44&AL44&AM44&AN44 -> UF. de NW/MTZ 4000 Vertical Extraible W:720 D:600 -
A45: 40 | B45: =MID(H45,1,2)&MID(J45,1,2)&MID(L45,1,2)&MID(C45,1,2)&MID(M45,1,1)&MID(N45,1,1)&MID(O45,1,1)&MID(P45,1,3) -> 221110Ma | C45: Marco | D45: 017039 | E45: 014008 | F45: 010024 | G45: =IF(H45<>"","H:","") -> H: | H45: 2200 | I45: =IF(J45<>"","W:","") -> W: | J45: 1120 | K45: =IF(L45<>"","D:","") -> D: | L45: 1000 | Q45: =IF(B45<>"",(C45&M45&N45&O45&P45&" / "&G45&H45&I45&J45&K45&L45&" mm"),"") -> Marco / H:2200W:1120D:1000 mm | AD45: =AO45&AP45&AQ45&AR45&AS45&AT45&AN45&AU45 -> ICPVFW3- | AE45: UF. | AF45: de | AG45: Integrada | AH45: Conmutador PEQ. | AI45: Vertical | AJ45: Fijo | AL45: W:720 | AN45: - | AO45: =MID(AG45,1,1) -> I | AP45: {=IFERROR(_xlfn.IFS(AH45="Mini Breaker ","MB",AH45="GoPact ","GP",AH45="EZC 100 ","EZ1",AH45="EZC 250 ","EZ2",AH45="CVS/NSX 250 ","CV2",AH45="CVS/NSX/EZC 630 ","CV6",AH45="NS 1600 ","NS1",AH45="NW/MTZ 4000 ","NW4",AH45="Conmutador PEQ. ","CP",AH45="Conmutador MED. ","CM",AH45="Conmutador GRA. ","CG",AH45="Contactores ","CK"),"")} -> CP | AQ45: {=_xlfn.IFS(AI45="Horizontal ","H",AI45="Horizontal COMPUESTA ","HC",AI45="Vertical ","V",AI45="Vertical Compacta ","VC",AI45="Vertical Extendida ","VE")} -> V | AR45: =MID(AJ45,1,1) -> F | AS45: =MID(AK45,1,1) | AT45: {=IFERROR(_xlfn.IFS(AL45="W:200 ","W1",AL45="W:400 ","W2",AL45="W:720 ","W3",AL45="W:800 ","W4",AL45="W:1120 ","W5"),"")} -> W3 | AU45: {=IFERROR(_xlfn.IFS(AM45="D:400 ","D1",AM45="D:600 ","D2",AM45="D:1000 ","D3"),"")} | AV45: 025510 | AW45: 024028 | AX45: =AE45&AF45&AH45&AI45&AJ45&AK45&AL45&AM45&AN45 -> UF. de Conmutador PEQ. Vertical Fijo W:720 -
B46: =MID(H46,1,2)&MID(J46,1,2)&MID(L46,1,2)&MID(C46,1,2)&MID(M46,1,1)&MID(N46,1,1)&MID(O46,1,1)&MID(P46,1,3) | AD46: =AO46&AP46&AQ46&AR46&AS46&AT46&AN46&AU46 -> ICMVFW3- | AE46: UF. | AF46: de | AG46: Integrada | AH46: Conmutador MED. | AI46: Vertical | AJ46: Fijo | AL46: W:720 | AN46: - | AO46: =MID(AG46,1,1) -> I | AP46: {=IFERROR(_xlfn.IFS(AH46="Mini Breaker ","MB",AH46="GoPact ","GP",AH46="EZC 100 ","EZ1",AH46="EZC 250 ","EZ2",AH46="CVS/NSX 250 ","CV2",AH46="CVS/NSX/EZC 630 ","CV6",AH46="NS 1600 ","NS1",AH46="NW/MTZ 4000 ","NW4",AH46="Conmutador PEQ. ","CP",AH46="Conmutador MED. ","CM",AH46="Conmutador GRA. ","CG",AH46="Contactores ","CK"),"")} -> CM | AQ46: {=_xlfn.IFS(AI46="Horizontal ","H",AI46="Horizontal COMPUESTA ","HC",AI46="Vertical ","V",AI46="Vertical Compacta ","VC",AI46="Vertical Extendida ","VE")} -> V | AR46: =MID(AJ46,1,1) -> F | AS46: =MID(AK46,1,1) | AT46: {=IFERROR(_xlfn.IFS(AL46="W:200 ","W1",AL46="W:400 ","W2",AL46="W:720 ","W3",AL46="W:800 ","W4",AL46="W:1120 ","W5"),"")} -> W3 | AU46: {=IFERROR(_xlfn.IFS(AM46="D:400 ","D1",AM46="D:600 ","D2",AM46="D:1000 ","D3"),"")} | AV46: 025511 | AW46: 024029 | AX46: =AE46&AF46&AH46&AI46&AJ46&AK46&AL46&AM46&AN46 -> UF. de Conmutador MED. Vertical Fijo W:720 -
B47: =MID(H47,1,2)&MID(J47,1,2)&MID(L47,1,2)&MID(C47,1,2)&MID(M47,1,1)&MID(N47,1,1)&MID(O47,1,1)&MID(P47,1,3) -> 1840MaL | C47: Marco | D47: 013100 | G47: =IF(H47<>"","H:","") -> H: | H47: 1800 | I47: =IF(J47<>"","W:","") -> W: | J47: 400 | K47: =IF(L47<>"","D:","") | M47: Liso | Q47: =IF(B47<>"",(C47&M47&N47&O47&P47&" / "&G47&H47&I47&J47&K47&L47&" mm"),"") -> Marco Liso / H:1800W:400 mm | AD47: =AO47&AP47&AQ47&AR47&AS47&AT47&AN47&AU47 -> ICGVFW3- | AE47: UF. | AF47: de | AG47: Integrada | AH47: Conmutador GRA. | AI47: Vertical | AJ47: Fijo | AL47: W:720 | AN47: - | AO47: =MID(AG47,1,1) -> I | AP47: {=IFERROR(_xlfn.IFS(AH47="Mini Breaker ","MB",AH47="GoPact ","GP",AH47="EZC 100 ","EZ1",AH47="EZC 250 ","EZ2",AH47="CVS/NSX 250 ","CV2",AH47="CVS/NSX/EZC 630 ","CV6",AH47="NS 1600 ","NS1",AH47="NW/MTZ 4000 ","NW4",AH47="Conmutador PEQ. ","CP",AH47="Conmutador MED. ","CM",AH47="Conmutador GRA. ","CG",AH47="Contactores ","CK"),"")} -> CG | AQ47: {=_xlfn.IFS(AI47="Horizontal ","H",AI47="Horizontal COMPUESTA ","HC",AI47="Vertical ","V",AI47="Vertical Compacta ","VC",AI47="Vertical Extendida ","VE")} -> V | AR47: =MID(AJ47,1,1) -> F | AS47: =MID(AK47,1,1) | AT47: {=IFERROR(_xlfn.IFS(AL47="W:200 ","W1",AL47="W:400 ","W2",AL47="W:720 ","W3",AL47="W:800 ","W4",AL47="W:1120 ","W5"),"")} -> W3 | AU47: {=IFERROR(_xlfn.IFS(AM47="D:400 ","D1",AM47="D:600 ","D2",AM47="D:1000 ","D3"),"")} | AV47: 025512 | AW47: 024030 | AX47: =AE47&AF47&AH47&AI47&AJ47&AK47&AL47&AM47&AN47 -> UF. de Conmutador GRA. Vertical Fijo W:720 -
B48: =MID(H48,1,2)&MID(J48,1,2)&MID(L48,1,2)&MID(C48,1,2)&MID(M48,1,1)&MID(N48,1,1)&MID(O48,1,1)&MID(P48,1,3) -> 1872MaL | C48: Marco | D48: 013101 | G48: =IF(H48<>"","H:","") -> H: | H48: 1800 | I48: =IF(J48<>"","W:","") -> W: | J48: 720 | K48: =IF(L48<>"","D:","") | M48: Liso | Q48: =IF(B48<>"",(C48&M48&N48&O48&P48&" / "&G48&H48&I48&J48&K48&L48&" mm"),"") -> Marco Liso / H:1800W:720 mm | AD48: =AO48&AP48&AQ48&AR48&AS48&AT48&AN48&AU48 -> ICKVFW3- | AE48: UF. | AF48: de | AG48: Integrada | AH48: Contactores | AI48: Vertical | AJ48: Fijo | AL48: W:720 | AN48: - | AO48: =MID(AG48,1,1) -> I | AP48: {=IFERROR(_xlfn.IFS(AH48="Mini Breaker ","MB",AH48="GoPact ","GP",AH48="EZC 100 ","EZ1",AH48="EZC 250 ","EZ2",AH48="CVS/NSX 250 ","CV2",AH48="CVS/NSX/EZC 630 ","CV6",AH48="NS 1600 ","NS1",AH48="NW/MTZ 4000 ","NW4",AH48="Conmutador PEQ. ","CP",AH48="Conmutador MED. ","CM",AH48="Conmutador GRA. ","CG",AH48="Contactores ","CK"),"")} -> CK | AQ48: {=_xlfn.IFS(AI48="Horizontal ","H",AI48="Horizontal COMPUESTA ","HC",AI48="Vertical ","V",AI48="Vertical Compacta ","VC",AI48="Vertical Extendida ","VE")} -> V | AR48: =MID(AJ48,1,1) -> F | AS48: =MID(AK48,1,1) | AT48: {=IFERROR(_xlfn.IFS(AL48="W:200 ","W1",AL48="W:400 ","W2",AL48="W:720 ","W3",AL48="W:800 ","W4",AL48="W:1120 ","W5"),"")} -> W3 | AU48: {=IFERROR(_xlfn.IFS(AM48="D:400 ","D1",AM48="D:600 ","D2",AM48="D:1000 ","D3"),"")} | AV48: 024022 | AW48: + Liso | AX48: =AE48&AF48&AH48&AI48&AJ48&AK48&AL48&AM48&AN48 -> UF. de Contactores Vertical Fijo W:720 -
B49: =MID(H49,1,2)&MID(J49,1,2)&MID(L49,1,2)&MID(C49,1,2)&MID(M49,1,1)&MID(N49,1,1)&MID(O49,1,1)&MID(P49,1,3) -> 1811MaL | C49: Marco | D49: 013102 | G49: =IF(H49<>"","H:","") -> H: | H49: 1800 | I49: =IF(J49<>"","W:","") -> W: | J49: 1120 | K49: =IF(L49<>"","D:","") | M49: Liso | Q49: =IF(B49<>"",(C49&M49&N49&O49&P49&" / "&G49&H49&I49&J49&K49&L49&" mm"),"") -> Marco Liso / H:1800W:1120 mm | AD49: =AO49&AP49&AQ49&AR49&AS49&AT49&AN49&AU49 -> ICKVFW2- | AE49: UF. | AF49: de | AG49: Integrada | AH49: Contactores | AI49: Vertical | AJ49: Fijo | AL49: W:400 | AN49: - | AO49: =MID(AG49,1,1) -> I | AP49: {=IFERROR(_xlfn.IFS(AH49="Mini Breaker ","MB",AH49="GoPact ","GP",AH49="EZC 100 ","EZ1",AH49="EZC 250 ","EZ2",AH49="CVS/NSX 250 ","CV2",AH49="CVS/NSX/EZC 630 ","CV6",AH49="NS 1600 ","NS1",AH49="NW/MTZ 4000 ","NW4",AH49="Conmutador PEQ. ","CP",AH49="Conmutador MED. ","CM",AH49="Conmutador GRA. ","CG",AH49="Contactores ","CK"),"")} -> CK | AQ49: {=_xlfn.IFS(AI49="Horizontal ","H",AI49="Horizontal COMPUESTA ","HC",AI49="Vertical ","V",AI49="Vertical Compacta ","VC",AI49="Vertical Extendida ","VE")} -> V | AR49: =MID(AJ49,1,1) -> F | AS49: =MID(AK49,1,1) | AT49: {=IFERROR(_xlfn.IFS(AL49="W:200 ","W1",AL49="W:400 ","W2",AL49="W:720 ","W3",AL49="W:800 ","W4",AL49="W:1120 ","W5"),"")} -> W2 | AU49: {=IFERROR(_xlfn.IFS(AM49="D:400 ","D1",AM49="D:600 ","D2",AM49="D:1000 ","D3"),"")} | AV49: 024023 | AW49: + Liso | AX49: =AE49&AF49&AH49&AI49&AJ49&AK49&AL49&AM49&AN49 -> UF. de Contactores Vertical Fijo W:400 -
B50: =MID(H50,1,2)&MID(J50,1,2)&MID(L50,1,2)&MID(C50,1,2)&MID(M50,1,1)&MID(N50,1,1)&MID(O50,1,1)&MID(P50,1,3) -> 2040MaL | C50: Marco | D50: 013103 | G50: =IF(H50<>"","H:","") -> H: | H50: 2000 | I50: =IF(J50<>"","W:","") -> W: | J50: 400 | K50: =IF(L50<>"","D:","") | M50: Liso | Q50: =IF(B50<>"",(C50&M50&N50&O50&P50&" / "&G50&H50&I50&J50&K50&L50&" mm"),"") -> Marco Liso / H:2000W:400 mm
B51: =MID(H51,1,2)&MID(J51,1,2)&MID(L51,1,2)&MID(C51,1,2)&MID(M51,1,1)&MID(N51,1,1)&MID(O51,1,1)&MID(P51,1,3) -> 2072MaL | C51: Marco | D51: 013104 | G51: =IF(H51<>"","H:","") -> H: | H51: 2000 | I51: =IF(J51<>"","W:","") -> W: | J51: 720 | K51: =IF(L51<>"","D:","") | M51: Liso | Q51: =IF(B51<>"",(C51&M51&N51&O51&P51&" / "&G51&H51&I51&J51&K51&L51&" mm"),"") -> Marco Liso / H:2000W:720 mm
B52: =MID(H52,1,2)&MID(J52,1,2)&MID(L52,1,2)&MID(C52,1,2)&MID(M52,1,1)&MID(N52,1,1)&MID(O52,1,1)&MID(P52,1,3) -> 2080MaL | C52: Marco | D52: 013105 | G52: =IF(H52<>"","H:","") -> H: | H52: 2000 | I52: =IF(J52<>"","W:","") -> W: | J52: 800 | K52: =IF(L52<>"","D:","") | M52: Liso | Q52: =IF(B52<>"",(C52&M52&N52&O52&P52&" / "&G52&H52&I52&J52&K52&L52&" mm"),"") -> Marco Liso / H:2000W:800 mm
B53: =MID(H53,1,2)&MID(J53,1,2)&MID(L53,1,2)&MID(C53,1,2)&MID(M53,1,1)&MID(N53,1,1)&MID(O53,1,1)&MID(P53,1,3) -> 2011MaL | C53: Marco | D53: 013106 | G53: =IF(H53<>"","H:","") -> H: | H53: 2000 | I53: =IF(J53<>"","W:","") -> W: | J53: 1120 | K53: =IF(L53<>"","D:","") | M53: Liso | Q53: =IF(B53<>"",(C53&M53&N53&O53&P53&" / "&G53&H53&I53&J53&K53&L53&" mm"),"") -> Marco Liso / H:2000W:1120 mm
B54: =MID(H54,1,2)&MID(J54,1,2)&MID(L54,1,2)&MID(C54,1,2)&MID(M54,1,1)&MID(N54,1,1)&MID(O54,1,1)&MID(P54,1,3) -> 2240MaL | C54: Marco | D54: 013107 | G54: =IF(H54<>"","H:","") -> H: | H54: 2200 | I54: =IF(J54<>"","W:","") -> W: | J54: 400 | K54: =IF(L54<>"","D:","") | M54: Liso | Q54: =IF(B54<>"",(C54&M54&N54&O54&P54&" / "&G54&H54&I54&J54&K54&L54&" mm"),"") -> Marco Liso / H:2200W:400 mm
B55: =MID(H55,1,2)&MID(J55,1,2)&MID(L55,1,2)&MID(C55,1,2)&MID(M55,1,1)&MID(N55,1,1)&MID(O55,1,1)&MID(P55,1,3) -> 2272MaL | C55: Marco | D55: 013108 | G55: =IF(H55<>"","H:","") -> H: | H55: 2200 | I55: =IF(J55<>"","W:","") -> W: | J55: 720 | K55: =IF(L55<>"","D:","") | M55: Liso | Q55: =IF(B55<>"",(C55&M55&N55&O55&P55&" / "&G55&H55&I55&J55&K55&L55&" mm"),"") -> Marco Liso / H:2200W:720 mm
B56: =MID(H56,1,2)&MID(J56,1,2)&MID(L56,1,2)&MID(C56,1,2)&MID(M56,1,1)&MID(N56,1,1)&MID(O56,1,1)&MID(P56,1,3) -> 2280MaL | C56: Marco | D56: 013109 | G56: =IF(H56<>"","H:","") -> H: | H56: 2200 | I56: =IF(J56<>"","W:","") -> W: | J56: 800 | K56: =IF(L56<>"","D:","") | M56: Liso | Q56: =IF(B56<>"",(C56&M56&N56&O56&P56&" / "&G56&H56&I56&J56&K56&L56&" mm"),"") -> Marco Liso / H:2200W:800 mm
B57: =MID(H57,1,2)&MID(J57,1,2)&MID(L57,1,2)&MID(C57,1,2)&MID(M57,1,1)&MID(N57,1,1)&MID(O57,1,1)&MID(P57,1,3) -> 2211MaL | C57: Marco | D57: 013110 | G57: =IF(H57<>"","H:","") -> H: | H57: 2200 | I57: =IF(J57<>"","W:","") -> W: | J57: 1120 | K57: =IF(L57<>"","D:","") | M57: Liso | Q57: =IF(B57<>"",(C57&M57&N57&O57&P57&" / "&G57&H57&I57&J57&K57&L57&" mm"),"") -> Marco Liso / H:2200W:1120 mm
B58: =MID(H58,1,2)&MID(J58,1,2)&MID(L58,1,2)&MID(C58,1,2)&MID(M58,1,1)&MID(N58,1,1)&MID(O58,1,1)&MID(P58,1,3)
A59: 41 | B59: =MID(H59,1,2)&MID(J59,1,2)&MID(L59,1,2)&MID(C59,1,2)&MID(M59,1,1)&MID(N59,1,1)&MID(O59,1,1)&MID(P59,1,3) -> 1820PuP | C59: Puerta | D59: 014100 | G59: =IF(H59<>"","H:","") -> H: | H59: 1800 | I59: =IF(J59<>"","W:","") -> W: | J59: 200 | K59: =IF(L59<>"","D:","") | N59: Plena | Q59: =IF(B59<>"",(C59&M59&N59&O59&P59&" / "&G59&H59&I59&J59&K59&L59&" mm"),"") -> Puerta Plena / H:1800W:200 mm
A60: 42 | B60: =MID(H60,1,2)&MID(J60,1,2)&MID(L60,1,2)&MID(C60,1,2)&MID(M60,1,1)&MID(N60,1,1)&MID(O60,1,1)&MID(P60,1,3) -> 1840PuP | C60: Puerta | D60: 014101 | G60: =IF(H60<>"","H:","") -> H: | H60: 1800 | I60: =IF(J60<>"","W:","") -> W: | J60: 400 | K60: =IF(L60<>"","D:","") | N60: Plena | Q60: =IF(B60<>"",(C60&M60&N60&O60&P60&" / "&G60&H60&I60&J60&K60&L60&" mm"),"") -> Puerta Plena / H:1800W:400 mm
A61: 43 | B61: =MID(H61,1,2)&MID(J61,1,2)&MID(L61,1,2)&MID(C61,1,2)&MID(M61,1,1)&MID(N61,1,1)&MID(O61,1,1)&MID(P61,1,3) -> 1872PuP | C61: Puerta | D61: 014102 | G61: =IF(H61<>"","H:","") -> H: | H61: 1800 | I61: =IF(J61<>"","W:","") -> W: | J61: 720 | K61: =IF(L61<>"","D:","") | N61: Plena | Q61: =IF(B61<>"",(C61&M61&N61&O61&P61&" / "&G61&H61&I61&J61&K61&L61&" mm"),"") -> Puerta Plena / H:1800W:720 mm
A62: 44 | B62: =MID(H62,1,2)&MID(J62,1,2)&MID(L62,1,2)&MID(C62,1,2)&MID(M62,1,1)&MID(N62,1,1)&MID(O62,1,1)&MID(P62,1,3) -> 2020PuP | C62: Puerta | D62: 014103 | G62: =IF(H62<>"","H:","") -> H: | H62: 2000 | I62: =IF(J62<>"","W:","") -> W: | J62: 200 | K62: =IF(L62<>"","D:","") | N62: Plena | Q62: =IF(B62<>"",(C62&M62&N62&O62&P62&" / "&G62&H62&I62&J62&K62&L62&" mm"),"") -> Puerta Plena / H:2000W:200 mm
A63: 45 | B63: =MID(H63,1,2)&MID(J63,1,2)&MID(L63,1,2)&MID(C63,1,2)&MID(M63,1,1)&MID(N63,1,1)&MID(O63,1,1)&MID(P63,1,3) -> 2040PuP | C63: Puerta | D63: 014104 | G63: =IF(H63<>"","H:","") -> H: | H63: 2000 | I63: =IF(J63<>"","W:","") -> W: | J63: 400 | K63: =IF(L63<>"","D:","") | N63: Plena | Q63: =IF(B63<>"",(C63&M63&N63&O63&P63&" / "&G63&H63&I63&J63&K63&L63&" mm"),"") -> Puerta Plena / H:2000W:400 mm
A64: 46 | B64: =MID(H64,1,2)&MID(J64,1,2)&MID(L64,1,2)&MID(C64,1,2)&MID(M64,1,1)&MID(N64,1,1)&MID(O64,1,1)&MID(P64,1,3) -> 2072PuP | C64: Puerta | D64: 014105 | G64: =IF(H64<>"","H:","") -> H: | H64: 2000 | I64: =IF(J64<>"","W:","") -> W: | J64: 720 | K64: =IF(L64<>"","D:","") | N64: Plena | Q64: =IF(B64<>"",(C64&M64&N64&O64&P64&" / "&G64&H64&I64&J64&K64&L64&" mm"),"") -> Puerta Plena / H:2000W:720 mm
A65: 47 | B65: =MID(H65,1,2)&MID(J65,1,2)&MID(L65,1,2)&MID(C65,1,2)&MID(M65,1,1)&MID(N65,1,1)&MID(O65,1,1)&MID(P65,1,3) -> 2080PuP | C65: Puerta | D65: 014106 | G65: =IF(H65<>"","H:","") -> H: | H65: 2000 | I65: =IF(J65<>"","W:","") -> W: | J65: 800 | K65: =IF(L65<>"","D:","") | N65: Plena | Q65: =IF(B65<>"",(C65&M65&N65&O65&P65&" / "&G65&H65&I65&J65&K65&L65&" mm"),"") -> Puerta Plena / H:2000W:800 mm
A66: 48 | B66: =MID(H66,1,2)&MID(J66,1,2)&MID(L66,1,2)&MID(C66,1,2)&MID(M66,1,1)&MID(N66,1,1)&MID(O66,1,1)&MID(P66,1,3) -> 2220PuP | C66: Puerta | D66: 014107 | G66: =IF(H66<>"","H:","") -> H: | H66: 2200 | I66: =IF(J66<>"","W:","") -> W: | J66: 200 | K66: =IF(L66<>"","D:","") | N66: Plena | Q66: =IF(B66<>"",(C66&M66&N66&O66&P66&" / "&G66&H66&I66&J66&K66&L66&" mm"),"") -> Puerta Plena / H:2200W:200 mm
A67: 49 | B67: =MID(H67,1,2)&MID(J67,1,2)&MID(L67,1,2)&MID(C67,1,2)&MID(M67,1,1)&MID(N67,1,1)&MID(O67,1,1)&MID(P67,1,3) -> 2240PuP | C67: Puerta | D67: 014108 | G67: =IF(H67<>"","H:","") -> H: | H67: 2200 | I67: =IF(J67<>"","W:","") -> W: | J67: 400 | K67: =IF(L67<>"","D:","") | N67: Plena | Q67: =IF(B67<>"",(C67&M67&N67&O67&P67&" / "&G67&H67&I67&J67&K67&L67&" mm"),"") -> Puerta Plena / H:2200W:400 mm
A68: 50 | B68: =MID(H68,1,2)&MID(J68,1,2)&MID(L68,1,2)&MID(C68,1,2)&MID(M68,1,1)&MID(N68,1,1)&MID(O68,1,1)&MID(P68,1,3) -> 2272PuP | C68: Puerta | D68: 014109 | G68: =IF(H68<>"","H:","") -> H: | H68: 2200 | I68: =IF(J68<>"","W:","") -> W: | J68: 720 | K68: =IF(L68<>"","D:","") | N68: Plena | Q68: =IF(B68<>"",(C68&M68&N68&O68&P68&" / "&G68&H68&I68&J68&K68&L68&" mm"),"") -> Puerta Plena / H:2200W:720 mm
A69: 51 | B69: =MID(H69,1,2)&MID(J69,1,2)&MID(L69,1,2)&MID(C69,1,2)&MID(M69,1,1)&MID(N69,1,1)&MID(O69,1,1)&MID(P69,1,3) -> 2280PuP | C69: Puerta | D69: 014110 | G69: =IF(H69<>"","H:","") -> H: | H69: 2200 | I69: =IF(J69<>"","W:","") -> W: | J69: 800 | K69: =IF(L69<>"","D:","") | N69: Plena | Q69: =IF(B69<>"",(C69&M69&N69&O69&P69&" / "&G69&H69&I69&J69&K69&L69&" mm"),"") -> Puerta Plena / H:2200W:800 mm
A70: 52 | B70: =MID(H70,1,2)&MID(J70,1,2)&MID(L70,1,2)&MID(C70,1,2)&MID(M70,1,1)&MID(N70,1,1)&MID(O70,1,1)&MID(P70,1,3) -> 1840PuCS_SE | C70: Puerta | D70: 014654 | G70: =IF(H70<>"","H:","") -> H: | H70: 1800 | I70: =IF(J70<>"","W:","") -> W: | J70: 400 | K70: =IF(L70<>"","D:","") | N70: Corte | O70: Sencillo | P70: _SE223*223 | Q70: =IF(B70<>"",(C70&M70&N70&O70&P70&" / "&G70&H70&I70&J70&K70&L70&" mm"),"") -> Puerta Corte Sencillo_SE223*223 / H:1800W:400 mm
A71: 53 | B71: =MID(H71,1,2)&MID(J71,1,2)&MID(L71,1,2)&MID(C71,1,2)&MID(M71,1,1)&MID(N71,1,1)&MID(O71,1,1)&MID(P71,1,3) -> 1872PuCS_SE | C71: Puerta | D71: 014655 | G71: =IF(H71<>"","H:","") -> H: | H71: 1800 | I71: =IF(J71<>"","W:","") -> W: | J71: 720 | K71: =IF(L71<>"","D:","") | N71: Corte | O71: Sencillo | P71: _SE223*223 | Q71: =IF(B71<>"",(C71&M71&N71&O71&P71&" / "&G71&H71&I71&J71&K71&L71&" mm"),"") -> Puerta Corte Sencillo_SE223*223 / H:1800W:720 mm
A72: 54 | B72: =MID(H72,1,2)&MID(J72,1,2)&MID(L72,1,2)&MID(C72,1,2)&MID(M72,1,1)&MID(N72,1,1)&MID(O72,1,1)&MID(P72,1,3) -> 2040PuCS_SE | C72: Puerta | D72: 014656 | G72: =IF(H72<>"","H:","") -> H: | H72: 2000 | I72: =IF(J72<>"","W:","") -> W: | J72: 400 | K72: =IF(L72<>"","D:","") | N72: Corte | O72: Sencillo | P72: _SE223*223 | Q72: =IF(B72<>"",(C72&M72&N72&O72&P72&" / "&G72&H72&I72&J72&K72&L72&" mm"),"") -> Puerta Corte Sencillo_SE223*223 / H:2000W:400 mm
A73: 55 | B73: =MID(H73,1,2)&MID(J73,1,2)&MID(L73,1,2)&MID(C73,1,2)&MID(M73,1,1)&MID(N73,1,1)&MID(O73,1,1)&MID(P73,1,3) -> 2072PuCS_SE | C73: Puerta | D73: 014657 | G73: =IF(H73<>"","H:","") -> H: | H73: 2000 | I73: =IF(J73<>"","W:","") -> W: | J73: 720 | K73: =IF(L73<>"","D:","") | N73: Corte | O73: Sencillo | P73: _SE223*223 | Q73: =IF(B73<>"",(C73&M73&N73&O73&P73&" / "&G73&H73&I73&J73&K73&L73&" mm"),"") -> Puerta Corte Sencillo_SE223*223 / H:2000W:720 mm
A74: 56 | B74: =MID(H74,1,2)&MID(J74,1,2)&MID(L74,1,2)&MID(C74,1,2)&MID(M74,1,1)&MID(N74,1,1)&MID(O74,1,1)&MID(P74,1,3) -> 2080PuCS_SE | C74: Puerta | D74: 014658 | G74: =IF(H74<>"","H:","") -> H: | H74: 2000 | I74: =IF(J74<>"","W:","") -> W: | J74: 800 | K74: =IF(L74<>"","D:","") | N74: Corte | O74: Sencillo | P74: _SE223*223 | Q74: =IF(B74<>"",(C74&M74&N74&O74&P74&" / "&G74&H74&I74&J74&K74&L74&" mm"),"") -> Puerta Corte Sencillo_SE223*223 / H:2000W:800 mm
A75: 57 | B75: =MID(H75,1,2)&MID(J75,1,2)&MID(L75,1,2)&MID(C75,1,2)&MID(M75,1,1)&MID(N75,1,1)&MID(O75,1,1)&MID(P75,1,3) -> 2240PuCS_SE | C75: Puerta | D75: 014659 | G75: =IF(H75<>"","H:","") -> H: | H75: 2200 | I75: =IF(J75<>"","W:","") -> W: | J75: 400 | K75: =IF(L75<>"","D:","") | N75: Corte | O75: Sencillo | P75: _SE223*223 | Q75: =IF(B75<>"",(C75&M75&N75&O75&P75&" / "&G75&H75&I75&J75&K75&L75&" mm"),"") -> Puerta Corte Sencillo_SE223*223 / H:2200W:400 mm
A76: 58 | B76: =MID(H76,1,2)&MID(J76,1,2)&MID(L76,1,2)&MID(C76,1,2)&MID(M76,1,1)&MID(N76,1,1)&MID(O76,1,1)&MID(P76,1,3) -> 2272PuCS_SE | C76: Puerta | D76: 014660 | G76: =IF(H76<>"","H:","") -> H: | H76: 2200 | I76: =IF(J76<>"","W:","") -> W: | J76: 720 | K76: =IF(L76<>"","D:","") | N76: Corte | O76: Sencillo | P76: _SE223*223 | Q76: =IF(B76<>"",(C76&M76&N76&O76&P76&" / "&G76&H76&I76&J76&K76&L76&" mm"),"") -> Puerta Corte Sencillo_SE223*223 / H:2200W:720 mm
A77: 59 | B77: =MID(H77,1,2)&MID(J77,1,2)&MID(L77,1,2)&MID(C77,1,2)&MID(M77,1,1)&MID(N77,1,1)&MID(O77,1,1)&MID(P77,1,3) -> 2280PuCS_SE | C77: Puerta | D77: 014661 | G77: =IF(H77<>"","H:","") -> H: | H77: 2200 | I77: =IF(J77<>"","W:","") -> W: | J77: 800 | K77: =IF(L77<>"","D:","") | N77: Corte | O77: Sencillo | P77: _SE223*223 | Q77: =IF(B77<>"",(C77&M77&N77&O77&P77&" / "&G77&H77&I77&J77&K77&L77&" mm"),"") -> Puerta Corte Sencillo_SE223*223 / H:2200W:800 mm
A78: 60 | B78: =MID(H78,1,2)&MID(J78,1,2)&MID(L78,1,2)&MID(C78,1,2)&MID(M78,1,1)&MID(N78,1,1)&MID(O78,1,1)&MID(P78,1,3) -> 1840PuCS_NG | C78: Puerta | D78: 014662 | G78: =IF(H78<>"","H:","") -> H: | H78: 1800 | I78: =IF(J78<>"","W:","") -> W: | J78: 400 | K78: =IF(L78<>"","D:","") | N78: Corte | O78: Sencillo | P78: _NG-229*229 | Q78: =IF(B78<>"",(C78&M78&N78&O78&P78&" / "&G78&H78&I78&J78&K78&L78&" mm"),"") -> Puerta Corte Sencillo_NG-229*229 / H:1800W:400 mm
A79: 61 | B79: =MID(H79,1,2)&MID(J79,1,2)&MID(L79,1,2)&MID(C79,1,2)&MID(M79,1,1)&MID(N79,1,1)&MID(O79,1,1)&MID(P79,1,3) -> 1872PuCS_NG | C79: Puerta | D79: 014663 | G79: =IF(H79<>"","H:","") -> H: | H79: 1800 | I79: =IF(J79<>"","W:","") -> W: | J79: 720 | K79: =IF(L79<>"","D:","") | N79: Corte | O79: Sencillo | P79: _NG-229*229 | Q79: =IF(B79<>"",(C79&M79&N79&O79&P79&" / "&G79&H79&I79&J79&K79&L79&" mm"),"") -> Puerta Corte Sencillo_NG-229*229 / H:1800W:720 mm
A80: 62 | B80: =MID(H80,1,2)&MID(J80,1,2)&MID(L80,1,2)&MID(C80,1,2)&MID(M80,1,1)&MID(N80,1,1)&MID(O80,1,1)&MID(P80,1,3) -> 2040PuCS_NG | C80: Puerta | D80: 014664 | G80: =IF(H80<>"","H:","") -> H: | H80: 2000 | I80: =IF(J80<>"","W:","") -> W: | J80: 400 | K80: =IF(L80<>"","D:","") | N80: Corte | O80: Sencillo | P80: _NG-229*229 | Q80: =IF(B80<>"",(C80&M80&N80&O80&P80&" / "&G80&H80&I80&J80&K80&L80&" mm"),"") -> Puerta Corte Sencillo_NG-229*229 / H:2000W:400 mm
A81: 63 | B81: =MID(H81,1,2)&MID(J81,1,2)&MID(L81,1,2)&MID(C81,1,2)&MID(M81,1,1)&MID(N81,1,1)&MID(O81,1,1)&MID(P81,1,3) -> 2072PuCS_NG | C81: Puerta | D81: 014665 | G81: =IF(H81<>"","H:","") -> H: | H81: 2000 | I81: =IF(J81<>"","W:","") -> W: | J81: 720 | K81: =IF(L81<>"","D:","") | N81: Corte | O81: Sencillo | P81: _NG-229*229 | Q81: =IF(B81<>"",(C81&M81&N81&O81&P81&" / "&G81&H81&I81&J81&K81&L81&" mm"),"") -> Puerta Corte Sencillo_NG-229*229 / H:2000W:720 mm
... A101: 83 | B101: =MID(H101,1,2)&MID(J101,1,2)&MID(L101,1,2)&MID(C101,1,2)&MID(M101,1,1)&MID(N101,1,1)&MID(O101,1,1)&MID(P101,1,3) -> 2280PuCS_NP | C101: Puerta | D101: 014685 | G101: =IF(H101<>"","H:","") -> H: | H101: 2200 | I101: =IF(J101<>"","W:","") -> W: | J101: 800 | K101: =IF(L101<>"","D:","") | N101: Corte | O101: Sencillo | P101: _NP-125*125 | Q101: =IF(B101<>"",(C101&M101&N101&O101&P101&" / "&G101&H101&I101&J101&K101&L101&" mm"),"") -> Puerta Corte Sencillo_NP-125*125 / H:2200W:800 mm
A102: 84 | B102: =MID(H102,1,2)&MID(J102,1,2)&MID(L102,1,2)&MID(C102,1,2)&MID(M102,1,1)&MID(N102,1,1)&MID(O102,1,1)&MID(P102,1,3) -> 1840PuV | C102: Puerta | D102: 014686 | G102: =IF(H102<>"","H:","") -> H: | H102: 1800 | I102: =IF(J102<>"","W:","") -> W: | J102: 400 | K102: =IF(L102<>"","D:","") | N102: Vidrio | Q102: =IF(B102<>"",(C102&M102&N102&O102&P102&" / "&G102&H102&I102&J102&K102&L102&" mm"),"") -> Puerta Vidrio / H:1800W:400 mm
A103: 85 | B103: =MID(H103,1,2)&MID(J103,1,2)&MID(L103,1,2)&MID(C103,1,2)&MID(M103,1,1)&MID(N103,1,1)&MID(O103,1,1)&MID(P103,1,3) -> 1872PuV | C103: Puerta | D103: 014687 | G103: =IF(H103<>"","H:","") -> H: | H103: 1800 | I103: =IF(J103<>"","W:","") -> W: | J103: 720 | K103: =IF(L103<>"","D:","") | N103: Vidrio | Q103: =IF(B103<>"",(C103&M103&N103&O103&P103&" / "&G103&H103&I103&J103&K103&L103&" mm"),"") -> Puerta Vidrio / H:1800W:720 mm
A104: 86 | B104: =MID(H104,1,2)&MID(J104,1,2)&MID(L104,1,2)&MID(C104,1,2)&MID(M104,1,1)&MID(N104,1,1)&MID(O104,1,1)&MID(P104,1,3) -> 2040PuV | C104: Puerta | D104: 014688 | G104: =IF(H104<>"","H:","") -> H: | H104: 2000 | I104: =IF(J104<>"","W:","") -> W: | J104: 400 | K104: =IF(L104<>"","D:","") | N104: Vidrio | Q104: =IF(B104<>"",(C104&M104&N104&O104&P104&" / "&G104&H104&I104&J104&K104&L104&" mm"),"") -> Puerta Vidrio / H:2000W:400 mm
A105: 87 | B105: =MID(H105,1,2)&MID(J105,1,2)&MID(L105,1,2)&MID(C105,1,2)&MID(M105,1,1)&MID(N105,1,1)&MID(O105,1,1)&MID(P105,1,3) -> 2072PuV | C105: Puerta | D105: 014689 | G105: =IF(H105<>"","H:","") -> H: | H105: 2000 | I105: =IF(J105<>"","W:","") -> W: | J105: 720 | K105: =IF(L105<>"","D:","") | N105: Vidrio | Q105: =IF(B105<>"",(C105&M105&N105&O105&P105&" / "&G105&H105&I105&J105&K105&L105&" mm"),"") -> Puerta Vidrio / H:2000W:720 mm
A106: 88 | B106: =MID(H106,1,2)&MID(J106,1,2)&MID(L106,1,2)&MID(C106,1,2)&MID(M106,1,1)&MID(N106,1,1)&MID(O106,1,1)&MID(P106,1,3) -> 2080PuV | C106: Puerta | D106: 014690 | G106: =IF(H106<>"","H:","") -> H: | H106: 2000 | I106: =IF(J106<>"","W:","") -> W: | J106: 800 | K106: =IF(L106<>"","D:","") | N106: Vidrio | Q106: =IF(B106<>"",(C106&M106&N106&O106&P106&" / "&G106&H106&I106&J106&K106&L106&" mm"),"") -> Puerta Vidrio / H:2000W:800 mm
A107: 89 | B107: =MID(H107,1,2)&MID(J107,1,2)&MID(L107,1,2)&MID(C107,1,2)&MID(M107,1,1)&MID(N107,1,1)&MID(O107,1,1)&MID(P107,1,3) -> 2240PuV | C107: Puerta | D107: 014691 | G107: =IF(H107<>"","H:","") -> H: | H107: 2200 | I107: =IF(J107<>"","W:","") -> W: | J107: 400 | K107: =IF(L107<>"","D:","") | N107: Vidrio | Q107: =IF(B107<>"",(C107&M107&N107&O107&P107&" / "&G107&H107&I107&J107&K107&L107&" mm"),"") -> Puerta Vidrio / H:2200W:400 mm
A108: 90 | B108: =MID(H108,1,2)&MID(J108,1,2)&MID(L108,1,2)&MID(C108,1,2)&MID(M108,1,1)&MID(N108,1,1)&MID(O108,1,1)&MID(P108,1,3) -> 2272PuV | C108: Puerta | D108: 014692 | G108: =IF(H108<>"","H:","") -> H: | H108: 2200 | I108: =IF(J108<>"","W:","") -> W: | J108: 720 | K108: =IF(L108<>"","D:","") | N108: Vidrio | Q108: =IF(B108<>"",(C108&M108&N108&O108&P108&" / "&G108&H108&I108&J108&K108&L108&" mm"),"") -> Puerta Vidrio / H:2200W:720 mm
A109: 91 | B109: =MID(H109,1,2)&MID(J109,1,2)&MID(L109,1,2)&MID(C109,1,2)&MID(M109,1,1)&MID(N109,1,1)&MID(O109,1,1)&MID(P109,1,3) -> 2280PuV | C109: Puerta | D109: 014693 | G109: =IF(H109<>"","H:","") -> H: | H109: 2200 | I109: =IF(J109<>"","W:","") -> W: | J109: 800 | K109: =IF(L109<>"","D:","") | N109: Vidrio | Q109: =IF(B109<>"",(C109&M109&N109&O109&P109&" / "&G109&H109&I109&J109&K109&L109&" mm"),"") -> Puerta Vidrio / H:2200W:800 mm
A110: 92 | B110: =MID(H110,1,2)&MID(J110,1,2)&MID(L110,1,2)&MID(C110,1,2)&MID(M110,1,1)&MID(N110,1,1)&MID(O110,1,1)&MID(P110,1,3) -> 1840PuCP_Pe | C110: Puerta | D110: 014694 | G110: =IF(H110<>"","H:","") -> H: | H110: 1800 | I110: =IF(J110<>"","W:","") -> W: | J110: 400 | K110: =IF(L110<>"","D:","") | N110: Corte | O110: Placa | P110: _Pequeña | Q110: =IF(B110<>"",(C110&M110&N110&O110&P110&" / "&G110&H110&I110&J110&K110&L110&" mm"),"") -> Puerta Corte Placa_Pequeña / H:1800W:400 mm
A111: 93 | B111: =MID(H111,1,2)&MID(J111,1,2)&MID(L111,1,2)&MID(C111,1,2)&MID(M111,1,1)&MID(N111,1,1)&MID(O111,1,1)&MID(P111,1,3) -> 1872PuCP_Pe | C111: Puerta | D111: 014695 | G111: =IF(H111<>"","H:","") -> H: | H111: 1800 | I111: =IF(J111<>"","W:","") -> W: | J111: 720 | K111: =IF(L111<>"","D:","") | N111: Corte | O111: Placa | P111: _Pequeña | Q111: =IF(B111<>"",(C111&M111&N111&O111&P111&" / "&G111&H111&I111&J111&K111&L111&" mm"),"") -> Puerta Corte Placa_Pequeña / H:1800W:720 mm
A112: 94 | B112: =MID(H112,1,2)&MID(J112,1,2)&MID(L112,1,2)&MID(C112,1,2)&MID(M112,1,1)&MID(N112,1,1)&MID(O112,1,1)&MID(P112,1,3) -> 2040PuCP_Pe | C112: Puerta | D112: 014696 | G112: =IF(H112<>"","H:","") -> H: | H112: 2000 | I112: =IF(J112<>"","W:","") -> W: | J112: 400 | K112: =IF(L112<>"","D:","") | N112: Corte | O112: Placa | P112: _Pequeña | Q112: =IF(B112<>"",(C112&M112&N112&O112&P112&" / "&G112&H112&I112&J112&K112&L112&" mm"),"") -> Puerta Corte Placa_Pequeña / H:2000W:400 mm
A113: 95 | B113: =MID(H113,1,2)&MID(J113,1,2)&MID(L113,1,2)&MID(C113,1,2)&MID(M113,1,1)&MID(N113,1,1)&MID(O113,1,1)&MID(P113,1,3) -> 2072PuCP_Pe | C113: Puerta | D113: 014697 | G113: =IF(H113<>"","H:","") -> H: | H113: 2000 | I113: =IF(J113<>"","W:","") -> W: | J113: 720 | K113: =IF(L113<>"","D:","") | N113: Corte | O113: Placa | P113: _Pequeña | Q113: =IF(B113<>"",(C113&M113&N113&O113&P113&" / "&G113&H113&I113&J113&K113&L113&" mm"),"") -> Puerta Corte Placa_Pequeña / H:2000W:720 mm
A114: 96 | B114: =MID(H114,1,2)&MID(J114,1,2)&MID(L114,1,2)&MID(C114,1,2)&MID(M114,1,1)&MID(N114,1,1)&MID(O114,1,1)&MID(P114,1,3) -> 2080PuCP_Pe | C114: Puerta | D114: 014698 | G114: =IF(H114<>"","H:","") -> H: | H114: 2000 | I114: =IF(J114<>"","W:","") -> W: | J114: 800 | K114: =IF(L114<>"","D:","") | N114: Corte | O114: Placa | P114: _Pequeña | Q114: =IF(B114<>"",(C114&M114&N114&O114&P114&" / "&G114&H114&I114&J114&K114&L114&" mm"),"") -> Puerta Corte Placa_Pequeña / H:2000W:800 mm
A115: 97 | B115: =MID(H115,1,2)&MID(J115,1,2)&MID(L115,1,2)&MID(C115,1,2)&MID(M115,1,1)&MID(N115,1,1)&MID(O115,1,1)&MID(P115,1,3) -> 2240PuCP_Pe | C115: Puerta | D115: 014699 | G115: =IF(H115<>"","H:","") -> H: | H115: 2200 | I115: =IF(J115<>"","W:","") -> W: | J115: 400 | K115: =IF(L115<>"","D:","") | N115: Corte | O115: Placa | P115: _Pequeña | Q115: =IF(B115<>"",(C115&M115&N115&O115&P115&" / "&G115&H115&I115&J115&K115&L115&" mm"),"") -> Puerta Corte Placa_Pequeña / H:2200W:400 mm
A116: 98 | B116: =MID(H116,1,2)&MID(J116,1,2)&MID(L116,1,2)&MID(C116,1,2)&MID(M116,1,1)&MID(N116,1,1)&MID(O116,1,1)&MID(P116,1,3) -> 2272PuCP_Pe | C116: Puerta | D116: 014700 | G116: =IF(H116<>"","H:","") -> H: | H116: 2200 | I116: =IF(J116<>"","W:","") -> W: | J116: 720 | K116: =IF(L116<>"","D:","") | N116: Corte | O116: Placa | P116: _Pequeña | Q116: =IF(B116<>"",(C116&M116&N116&O116&P116&" / "&G116&H116&I116&J116&K116&L116&" mm"),"") -> Puerta Corte Placa_Pequeña / H:2200W:720 mm
A117: 99 | B117: =MID(H117,1,2)&MID(J117,1,2)&MID(L117,1,2)&MID(C117,1,2)&MID(M117,1,1)&MID(N117,1,1)&MID(O117,1,1)&MID(P117,1,3) -> 2280PuCP_Pe | C117: Puerta | D117: 014701 | G117: =IF(H117<>"","H:","") -> H: | H117: 2200 | I117: =IF(J117<>"","W:","") -> W: | J117: 800 | K117: =IF(L117<>"","D:","") | N117: Corte | O117: Placa | P117: _Pequeña | Q117: =IF(B117<>"",(C117&M117&N117&O117&P117&" / "&G117&H117&I117&J117&K117&L117&" mm"),"") -> Puerta Corte Placa_Pequeña / H:2200W:800 mm
A118: 100 | B118: =MID(H118,1,2)&MID(J118,1,2)&MID(L118,1,2)&MID(C118,1,2)&MID(M118,1,1)&MID(N118,1,1)&MID(O118,1,1)&MID(P118,1,3) -> 1840PuCP_Me | C118: Puerta | D118: 014702 | G118: =IF(H118<>"","H:","") -> H: | H118: 1800 | I118: =IF(J118<>"","W:","") -> W: | J118: 400 | K118: =IF(L118<>"","D:","") | N118: Corte | O118: Placa | P118: _Mediana | Q118: =IF(B118<>"",(C118&M118&N118&O118&P118&" / "&G118&H118&I118&J118&K118&L118&" mm"),"") -> Puerta Corte Placa_Mediana / H:1800W:400 mm
A119: 101 | B119: =MID(H119,1,2)&MID(J119,1,2)&MID(L119,1,2)&MID(C119,1,2)&MID(M119,1,1)&MID(N119,1,1)&MID(O119,1,1)&MID(P119,1,3) -> 1872PuCP_Me | C119: Puerta | D119: 014703 | G119: =IF(H119<>"","H:","") -> H: | H119: 1800 | I119: =IF(J119<>"","W:","") -> W: | J119: 720 | K119: =IF(L119<>"","D:","") | N119: Corte | O119: Placa | P119: _Mediana | Q119: =IF(B119<>"",(C119&M119&N119&O119&P119&" / "&G119&H119&I119&J119&K119&L119&" mm"),"") -> Puerta Corte Placa_Mediana / H:1800W:720 mm
...

Sheet UF
B1: C-Desing
DK2: #VALUE! | DN2: Ing. xxxxxxxx xxxxxxxxxx
B5: Inicio | S5: Proyecto | AJ5: Envolventes | BA5: U. Funcionales | BR5: HBB | CI5: VBB | CZ5: Acometidas | DQ5: Control | EH5: Etiquetas
H10: Base de configuración | DZ10: Dimensionamiento /Opciones
AI12: {=_xlfn.IFS(AI13="I","W2",AI13="E","W3",AI13="E*","W5")} -> W3 | CA12: Placa de Montaje | CY12: Frente Muerto | DK12: Complementos
AD13: +N | AG13: 1 | AI13: E | AK13: Tipo | AQ13: Linea | AW13: Orientacion | BC13: Montaje | BI13: Operación | BO13: Cant. | BU13: Topping | CA13: Tipo 1 MiniBreaker | CG13: Tipo 2 Horizontal | CM13: Tipo 3 Vertical | CS13: Tipo 4 MasterPact | CY13: Horizontal - Vertical | DE13: Divisor de Cubiculo | DK13: Tapa | DQ13: Omega
AL16: #VALUE! | AR16: #VALUE! | AX16: #VALUE! | BD16: #VALUE! | BJ16: #VALUE! | BP16: #VALUE! | BV16: #VALUE! | CA16: #VALUE! | CG16: #VALUE! | CM16: #VALUE! | CS16: #VALUE! | CY16: #VALUE! | DE16: #VALUE! | DK16: #VALUE! | DQ16: #VALUE!
AB21: =MID(AK21,1,1) -> I | AC21: {=IFERROR(_xlfn.IFS(AQ21="Mini Breaker","MB",AQ21="GoPact","GP",AQ21="EZC 100","EZ1",AQ21="EZC 250","EZ2",AQ21="CVS/NSX 250","CV2",AQ21="CVS/NSX/EZC 630","CV6",AQ21="NS 1600","NS1",AQ21="NW/MTZ 4000","NW4",AQ21="Conmutador PEQ.","CP",AQ21="Conmutador MED.","CM",AQ21="Conmutador GRA.","CG",AQ21="Contactores","CK"),"")} -> CV2 | AD21: {=IFERROR(_xlfn.IFS(AW21="Horizontal","H",AW21="Horizontal COMPUESTA","HC",AW21="Vertical","V",AW21="Vertical Compacta","VC",AW21="Vertical Extendida","VE"),"")} -> H | AE21: +C | AH21: 1 | AK21: Integrada | AQ21: CVS/NSX 250 | AW21: Horizontal | BC21: Fijo | BI21: Palanca | BO21: x1 | BU21: - | CA21: - | CG21: - | CM21: - | CS21: =IFERROR(VLOOKUP(AD22,BD!AD6:AX49,19,FALSE),"") -> 021084 | CY21: =IFERROR(VLOOKUP(AD22,BD!AD6:AX49,20,FALSE),"") -> 024005 | DE21: =IF(AK21="Abatible","######","") | DK21: - | DQ21: FALSE | DR21: =IF(DQ21=TRUE,"######","")
AB22: =MID(BC21,1,1) -> F | AC22: =IFERROR(MID(BI21,1,1),"") -> P | AD22: =AB21&AC21&AD21&AB22&AC22&$AI$12&BU21 -> ICV2HFPW3-
AB23: =MID(AK23,1,1) -> I | AC23: {=IFERROR(_xlfn.IFS(AQ23="Mini Breaker","MB",AQ23="GoPact","GP",AQ23="EZC 100","EZ1",AQ23="EZC 250","EZ2",AQ23="CVS/NSX 250","CV2",AQ23="CVS/NSX/EZC 630","CV6",AQ23="NS 1600","NS1",AQ23="NW/MTZ 4000","NW4",AQ23="Conmutador PEQ.","CP",AQ23="Conmutador MED.","CM",AQ23="Conmutador GRA.","CG",AQ23="Contactores","CK"),"")} -> EZ1 | AD23: {=IFERROR(_xlfn.IFS(AW23="Horizontal","H",AW23="Horizontal COMPUESTA","HC",AW23="Vertical","V",AW23="Vertical Compacta","VC",AW23="Vertical Extendida","VE"),"")} -> H | AE23: =IF(AH21<>"","+C","") -> +C | AH23: 2 | AK23: Integrada | AQ23: EZC 100 | AW23: Horizontal | BC23: Fijo | BI23: Palanca | BO23: x1 | BU23: - | CA23: - | CG23: - | CM23: - | CS23: =IFERROR(VLOOKUP(AD24,BD!AD8:AX51,19,FALSE),"") -> 021075 | CY23: =IFERROR(VLOOKUP(AD24,BD!AD8:AX51,20,FALSE),"") -> 024010 | DE23: - | DK23: - | DQ23: FALSE | DR23: =IF(DQ23=TRUE,"######","") | DW23: =IFERROR(MID(CA23,1,1),"") -> - | DX23: =IFERROR(MID(CG23,1,1),"") -> - | DY23: =IFERROR(IF(AND(AB23="CV6",AC23="H",DW23="F",DX23="P"),"SiPM",""),"")
AB24: =MID(BC23,1,1) -> F | AC24: =IFERROR(MID(BI23,1,1),"") -> P | AD24: =AB23&AC23&AD23&AB24&AC24&$AI$12&BU23 -> IEZ1HFPW3-
AB25: =MID(AK25,1,1) | AC25: {=IFERROR(_xlfn.IFS(AQ25="Mini Breaker","MB",AQ25="GoPact","GP",AQ25="EZC 100","EZ1",AQ25="EZC 250","EZ2",AQ25="CVS/NSX 250","CV2",AQ25="CVS/NSX/EZC 630","CV6",AQ25="NS 1600","NS1",AQ25="NW/MTZ 4000","NW4",AQ25="Conmutador PEQ.","CP",AQ25="Conmutador MED.","CM",AQ25="Conmutador GRA.","CG",AQ25="Contactores","CK"),"")} | AD25: {=IFERROR(_xlfn.IFS(AW25="Horizontal","H",AW25="Horizontal COMPUESTA","HC",AW25="Vertical","V",AW25="Vertical Compacta","VC",AW25="Vertical Extendida","VE"),"")} | AE25: =IF(AH23<>"","+C","") -> +C | BU25: - | CA25: - | CG25: - | CM25: - | CS25: =IFERROR(VLOOKUP(AD26,BD!AD10:AX53,19,FALSE),"") | CY25: =IFERROR(VLOOKUP(AD26,BD!AD10:AX53,20,FALSE),"") | DE25: - | DK25: - | DQ25: FALSE | DR25: =IF(DQ25=TRUE,"######","") | DW25: =IFERROR(MID(#REF!,1,1),"") | DX25: =IFERROR(MID(#REF!,1,1),"") | DY25: =IFERROR(IF(AND(AB25="CV6",AC25="H",DW25="F",DX25="P"),"SiPM",""),"")
AB26: =MID(BC25,1,1) | AC26: =IFERROR(MID(BI25,1,1),"") | AD26: =AB25&AC25&AD25&AB26&AC26&$AI$12&BU25 -> W3-
AB27: =MID(AK27,1,1) | AC27: {=IFERROR(_xlfn.IFS(AQ27="Mini Breaker","MB",AQ27="GoPact","GP",AQ27="EZC 100","EZ1",AQ27="EZC 250","EZ2",AQ27="CVS/NSX 250","CV2",AQ27="CVS/NSX/EZC 630","CV6",AQ27="NS 1600","NS1",AQ27="NW/MTZ 4000","NW4",AQ27="Conmutador PEQ.","CP",AQ27="Conmutador MED.","CM",AQ27="Conmutador GRA.","CG",AQ27="Contactores","CK"),"")} | AD27: {=IFERROR(_xlfn.IFS(AW27="Horizontal","H",AW27="Horizontal COMPUESTA","HC",AW27="Vertical","V",AW27="Vertical Compacta","VC",AW27="Vertical Extendida","VE"),"")} | AE27: =IF(AH25<>"","+C","") | BU27: - | CA27: - | CG27: - | CM27: - | CS27: =IFERROR(VLOOKUP(AD28,BD!AD12:AX55,19,FALSE),"") | CY27: =IFERROR(VLOOKUP(AD28,BD!AD12:AX55,20,FALSE),"") | DE27: - | DK27: - | DQ27: FALSE | DR27: =IF(DQ27=TRUE,"######","") | DW27: =IFERROR(MID(#REF!,1,1),"") | DX27: =IFERROR(MID(CG27,1,1),"") -> - | DY27: =IFERROR(IF(AND(AB27="CV6",AC27="H",DW27="F",DX27="P"),"SiPM",""),"")
AB28: =MID(BC27,1,1) | AC28: =IFERROR(MID(BI27,1,1),"") | AD28: =AB27&AC27&AD27&AB28&AC28&$AI$12&BU27 -> W3-
AB29: =MID(AK29,1,1) | AC29: {=IFERROR(_xlfn.IFS(AQ29="Mini Breaker","MB",AQ29="GoPact","GP",AQ29="EZC 100","EZ1",AQ29="EZC 250","EZ2",AQ29="CVS/NSX 250","CV2",AQ29="CVS/NSX/EZC 630","CV6",AQ29="NS 1600","NS1",AQ29="NW/MTZ 4000","NW4",AQ29="Conmutador PEQ.","CP",AQ29="Conmutador MED.","CM",AQ29="Conmutador GRA.","CG",AQ29="Contactores","CK"),"")} | AD29: {=IFERROR(_xlfn.IFS(AW29="Horizontal","H",AW29="Horizontal COMPUESTA","HC",AW29="Vertical","V",AW29="Vertical Compacta","VC",AW29="Vertical Extendida","VE"),"")} | AE29: =IF(AH27<>"","+C","") | BU29: - | CA29: - | CG29: - | CM29: - | CS29: =IFERROR(VLOOKUP(AD30,BD!AD14:AX57,19,FALSE),"") | CY29: =IFERROR(VLOOKUP(AD30,BD!AD14:AX57,20,FALSE),"") | DE29: - | DK29: - | DQ29: FALSE | DR29: =IF(DQ29=TRUE,"######","") | DW29: =IFERROR(MID(#REF!,1,1),"") | DX29: =IFERROR(MID(#REF!,1,1),"") | DY29: =IFERROR(IF(AND(AB29="CV6",AC29="H",DW29="F",DX29="P"),"SiPM",""),"")
AB30: =MID(BC29,1,1) | AC30: =IFERROR(MID(BI29,1,1),"") | AD30: =AB29&AC29&AD29&AB30&AC30&$AI$12&BU29 -> W3-
AB31: =MID(AK31,1,1) | AC31: {=IFERROR(_xlfn.IFS(AQ31="Mini Breaker","MB",AQ31="GoPact","GP",AQ31="EZC 100","EZ1",AQ31="EZC 250","EZ2",AQ31="CVS/NSX 250","CV2",AQ31="CVS/NSX/EZC 630","CV6",AQ31="NS 1600","NS1",AQ31="NW/MTZ 4000","NW4",AQ31="Conmutador PEQ.","CP",AQ31="Conmutador MED.","CM",AQ31="Conmutador GRA.","CG",AQ31="Contactores","CK"),"")} | AD31: {=IFERROR(_xlfn.IFS(AW31="Horizontal","H",AW31="Horizontal COMPUESTA","HC",AW31="Vertical","V",AW31="Vertical Compacta","VC",AW31="Vertical Extendida","VE"),"")} | AE31: =IF(AH29<>"","+C","") | BU31: - | CA31: - | CG31: - | CM31: - | CS31: =IFERROR(VLOOKUP(AD32,BD!AD16:AX59,19,FALSE),"") | CY31: =IFERROR(VLOOKUP(AD32,BD!AD16:AX59,20,FALSE),"") | DE31: - | DK31: - | DQ31: FALSE | DR31: =IF(DQ31=TRUE,"######","") | DW31: =IFERROR(MID(#REF!,1,1),"") | DX31: =IFERROR(MID(#REF!,1,1),"") | DY31: =IFERROR(IF(AND(AB31="CV6",AC31="H",DW31="F",DX31="P"),"SiPM",""),"")
AB32: =MID(BC31,1,1) | AC32: =IFERROR(MID(BI31,1,1),"") | AD32: =AB31&AC31&AD31&AB32&AC32&$AI$12&BU31 -> W3-
AB33: =MID(AK33,1,1) | AC33: {=IFERROR(_xlfn.IFS(AQ33="Mini Breaker","MB",AQ33="GoPact","GP",AQ33="EZC 100","EZ1",AQ33="EZC 250","EZ2",AQ33="CVS/NSX 250","CV2",AQ33="CVS/NSX/EZC 630","CV6",AQ33="NS 1600","NS1",AQ33="NW/MTZ 4000","NW4",AQ33="Conmutador PEQ.","CP",AQ33="Conmutador MED.","CM",AQ33="Conmutador GRA.","CG",AQ33="Contactores","CK"),"")} | AD33: {=IFERROR(_xlfn.IFS(AW33="Horizontal","H",AW33="Horizontal COMPUESTA","HC",AW33="Vertical","V",AW33="Vertical Compacta","VC",AW33="Vertical Extendida","VE"),"")} | AE33: =IF(AH31<>"","+C","") | BU33: - | CA33: - | CG33: - | CM33: - | CS33: =IFERROR(VLOOKUP(AD34,BD!AD18:AX61,19,FALSE),"") | CY33: =IFERROR(VLOOKUP(AD34,BD!AD18:AX61,20,FALSE),"") | DE33: - | DK33: - | DQ33: FALSE | DR33: =IF(DQ33=TRUE,"######","") | DW33: =IFERROR(MID(CA33,1,1),"") -> - | DX33: =IFERROR(MID(CG33,1,1),"") -> - | DY33: =IFERROR(IF(AND(AB33="CV6",AC33="H",DW33="F",DX33="P"),"SiPM",""),"")
AB34: =MID(BC33,1,1) | AC34: =IFERROR(MID(BI33,1,1),"") | AD34: =AB33&AC33&AD33&AB34&AC34&$AI$12&BU33 -> W3-
AB35: =MID(AK35,1,1) | AC35: {=IFERROR(_xlfn.IFS(AQ35="Mini Breaker","MB",AQ35="GoPact","GP",AQ35="EZC 100","EZ1",AQ35="EZC 250","EZ2",AQ35="CVS/NSX 250","CV2",AQ35="CVS/NSX/EZC 630","CV6",AQ35="NS 1600","NS1",AQ35="NW/MTZ 4000","NW4",AQ35="Conmutador PEQ.","CP",AQ35="Conmutador MED.","CM",AQ35="Conmutador GRA.","CG",AQ35="Contactores","CK"),"")} | AD35: {=IFERROR(_xlfn.IFS(AW35="Horizontal","H",AW35="Horizontal COMPUESTA","HC",AW35="Vertical","V",AW35="Vertical Compacta","VC",AW35="Vertical Extendida","VE"),"")} | AE35: =IF(AH33<>"","+C","") | BU35: - | CA35: - | CG35: - | CM35: - | CS35: =IFERROR(VLOOKUP(AD36,BD!AD20:AX63,19,FALSE),"") | CY35: =IFERROR(VLOOKUP(AD36,BD!AD20:AX63,20,FALSE),"") | DE35: - | DK35: - | DQ35: FALSE | DR35: =IF(DQ35=TRUE,"######","") | DW35: =IFERROR(MID(CA35,1,1),"") -> - | DX35: =IFERROR(MID(CG35,1,1),"") -> - | DY35: =IFERROR(IF(AND(AB35="CV6",AC35="H",DW35="F",DX35="P"),"SiPM",""),"")
AB36: =MID(BC35,1,1) | AC36: =IFERROR(MID(BI35,1,1),"") | AD36: =AB35&AC35&AD35&AB36&AC36&$AI$12&BU35 -> W3-
AB37: =MID(AK37,1,1) | AC37: {=IFERROR(_xlfn.IFS(AQ37="Mini Breaker","MB",AQ37="GoPact","GP",AQ37="EZC 100","EZ1",AQ37="EZC 250","EZ2",AQ37="CVS/NSX 250","CV2",AQ37="CVS/NSX/EZC 630","CV6",AQ37="NS 1600","NS1",AQ37="NW/MTZ 4000","NW4",AQ37="Conmutador PEQ.","CP",AQ37="Conmutador MED.","CM",AQ37="Conmutador GRA.","CG",AQ37="Contactores","CK"),"")} | AD37: {=IFERROR(_xlfn.IFS(AW37="Horizontal","H",AW37="Horizontal COMPUESTA","HC",AW37="Vertical","V",AW37="Vertical Compacta","VC",AW37="Vertical Extendida","VE"),"")} | AE37: =IF(AH35<>"","+C","") | BU37: - | CA37: - | CG37: - | CM37: - | CS37: =IFERROR(VLOOKUP(AD38,BD!AD22:AX65,19,FALSE),"") | CY37: =IFERROR(VLOOKUP(AD38,BD!AD22:AX65,20,FALSE),"") | DE37: - | DK37: - | DQ37: FALSE | DR37: =IF(DQ37=TRUE,"######","") | DW37: =IFERROR(MID(CA37,1,1),"") -> - | DX37: =IFERROR(MID(CG37,1,1),"") -> - | DY37: =IFERROR(IF(AND(AB37="CV6",AC37="H",DW37="F",DX37="P"),"SiPM",""),"")
AB38: =MID(BC37,1,1) | AC38: =IFERROR(MID(BI37,1,1),"") | AD38: =AB37&AC37&AD37&AB38&AC38&$AI$12&BU37 -> W3-
AB39: =MID(AK39,1,1) | AC39: {=IFERROR(_xlfn.IFS(AQ39="Mini Breaker","MB",AQ39="GoPact","GP",AQ39="EZC 100","EZ1",AQ39="EZC 250","EZ2",AQ39="CVS/NSX 250","CV2",AQ39="CVS/NSX/EZC 630","CV6",AQ39="NS 1600","NS1",AQ39="NW/MTZ 4000","NW4",AQ39="Conmutador PEQ.","CP",AQ39="Conmutador MED.","CM",AQ39="Conmutador GRA.","CG",AQ39="Contactores","CK"),"")} | AD39: {=IFERROR(_xlfn.IFS(AW39="Horizontal","H",AW39="Horizontal COMPUESTA","HC",AW39="Vertical","V",AW39="Vertical Compacta","VC",AW39="Vertical Extendida","VE"),"")} | AE39: =IF(AH37<>"","+C","") | BU39: - | CA39: - | CG39: - | CM39: - | CS39: =IFERROR(VLOOKUP(AD40,BD!AD24:AX67,19,FALSE),"") | CY39: =IFERROR(VLOOKUP(AD40,BD!AD24:AX67,20,FALSE),"") | DE39: - | DK39: - | DQ39: FALSE | DR39: =IF(DQ39=TRUE,"######","") | DW39: =IFERROR(MID(CA39,1,1),"") -> - | DX39: =IFERROR(MID(CG39,1,1),"") -> - | DY39: =IFERROR(IF(AND(AB39="CV6",AC39="H",DW39="F",DX39="P"),"SiPM",""),"")
AB40: =MID(BC39,1,1) | AC40: =IFERROR(MID(BI39,1,1),"") | AD40: =AB39&AC39&AD39&AB40&AC40&$AI$12&BU39 -> W3-
AB41: =MID(AK41,1,1) | AC41: {=IFERROR(_xlfn.IFS(AQ41="Mini Breaker","MB",AQ41="GoPact","GP",AQ41="EZC 100","EZ1",AQ41="EZC 250","EZ2",AQ41="CVS/NSX 250","CV2",AQ41="CVS/NSX/EZC 630","CV6",AQ41="NS 1600","NS1",AQ41="NW/MTZ 4000","NW4",AQ41="Conmutador PEQ.","CP",AQ41="Conmutador MED.","CM",AQ41="Conmutador GRA.","CG",AQ41="Contactores","CK"),"")} | AD41: {=IFERROR(_xlfn.IFS(AW41="Horizontal","H",AW41="Horizontal COMPUESTA","HC",AW41="Vertical","V",AW41="Vertical Compacta","VC",AW41="Vertical Extendida","VE"),"")} | AE41: =IF(AH39<>"","+C","") | BU41: - | CA41: - | CG41: - | CM41: - | CS41: =IFERROR(VLOOKUP(AD42,BD!AD26:AX69,19,FALSE),"") | CY41: =IFERROR(VLOOKUP(AD42,BD!AD26:AX69,20,FALSE),"") | DE41: - | DK41: - | DQ41: FALSE | DR41: =IF(DQ41=TRUE,"######","") | DW41: =IFERROR(MID(CA41,1,1),"") -> - | DX41: =IFERROR(MID(CG41,1,1),"") -> - | DY41: =IFERROR(IF(AND(AB41="CV6",AC41="H",DW41="F",DX41="P"),"SiPM",""),"")
AB42: =MID(BC41,1,1) | AC42: =IFERROR(MID(BI41,1,1),"") | AD42: =AB41&AC41&AD41&AB42&AC42&$AI$12&BU41 -> W3-
AB43: =MID(AK43,1,1) | AC43: {=IFERROR(_xlfn.IFS(AQ43="Mini Breaker","MB",AQ43="GoPact","GP",AQ43="EZC 100","EZ1",AQ43="EZC 250","EZ2",AQ43="CVS/NSX 250","CV2",AQ43="CVS/NSX/EZC 630","CV6",AQ43="NS 1600","NS1",AQ43="NW/MTZ 4000","NW4",AQ43="Conmutador PEQ.","CP",AQ43="Conmutador MED.","CM",AQ43="Conmutador GRA.","CG",AQ43="Contactores","CK"),"")} | AD43: {=IFERROR(_xlfn.IFS(AW43="Horizontal","H",AW43="Horizontal COMPUESTA","HC",AW43="Vertical","V",AW43="Vertical Compacta","VC",AW43="Vertical Extendida","VE"),"")} | AE43: =IF(AH41<>"","+C","") | BU43: - | CA43: - | CG43: - | CM43: - | CS43: =IFERROR(VLOOKUP(AD44,BD!AD28:AX71,19,FALSE),"") | CY43: =IFERROR(VLOOKUP(AD44,BD!AD28:AX71,20,FALSE),"") | DE43: - | DK43: - | DQ43: FALSE | DR43: =IF(DQ43=TRUE,"######","") | DW43: =IFERROR(MID(CA43,1,1),"") -> - | DX43: =IFERROR(MID(CG43,1,1),"") -> - | DY43: =IFERROR(IF(AND(AB43="CV6",AC43="H",DW43="F",DX43="P"),"SiPM",""),"")
AB44: =MID(BC43,1,1) | AC44: =IFERROR(MID(BI43,1,1),"") | AD44: =AB43&AC43&AD43&AB44&AC44&$AI$12&BU43 -> W3-
AB45: =MID(AK45,1,1) | AC45: {=IFERROR(_xlfn.IFS(AQ45="Mini Breaker","MB",AQ45="GoPact","GP",AQ45="EZC 100","EZ1",AQ45="EZC 250","EZ2",AQ45="CVS/NSX 250","CV2",AQ45="CVS/NSX/EZC 630","CV6",AQ45="NS 1600","NS1",AQ45="NW/MTZ 4000","NW4",AQ45="Conmutador PEQ.","CP",AQ45="Conmutador MED.","CM",AQ45="Conmutador GRA.","CG",AQ45="Contactores","CK"),"")} | AD45: {=IFERROR(_xlfn.IFS(AW45="Horizontal","H",AW45="Horizontal COMPUESTA","HC",AW45="Vertical","V",AW45="Vertical Compacta","VC",AW45="Vertical Extendida","VE"),"")} | AE45: =IF(AH43<>"","+C","") | BU45: - | CA45: - | CG45: - | CM45: - | CS45: =IFERROR(VLOOKUP(AD46,BD!AD30:AX73,19,FALSE),"") | CY45: =IFERROR(VLOOKUP(AD46,BD!AD30:AX73,20,FALSE),"") | DE45: - | DK45: - | DQ45: FALSE | DR45: =IF(DQ45=TRUE,"######","") | DW45: =IFERROR(MID(CA45,1,1),"") -> - | DX45: =IFERROR(MID(CG45,1,1),"") -> - | DY45: =IFERROR(IF(AND(AB45="CV6",AC45="H",DW45="F",DX45="P"),"SiPM",""),"")
AB46: =MID(BC45,1,1) | AC46: =IFERROR(MID(BI45,1,1),"") | AD46: =AB45&AC45&AD45&AB46&AC46&$AI$12&BU45 -> W3-
AB47: =MID(AK47,1,1) | AC47: {=IFERROR(_xlfn.IFS(AQ47="Mini Breaker","MB",AQ47="GoPact","GP",AQ47="EZC 100","EZ1",AQ47="EZC 250","EZ2",AQ47="CVS/NSX 250","CV2",AQ47="CVS/NSX/EZC 630","CV6",AQ47="NS 1600","NS1",AQ47="NW/MTZ 4000","NW4",AQ47="Conmutador PEQ.","CP",AQ47="Conmutador MED.","CM",AQ47="Conmutador GRA.","CG",AQ47="Contactores","CK"),"")} | AD47: {=IFERROR(_xlfn.IFS(AW47="Horizontal","H",AW47="Horizontal COMPUESTA","HC",AW47="Vertical","V",AW47="Vertical Compacta","VC",AW47="Vertical Extendida","VE"),"")} | AE47: =IF(AH45<>"","+C","") | BU47: - | CA47: - | CG47: - | CM47: - | CS47: =IFERROR(VLOOKUP(AD48,BD!AD32:AX75,19,FALSE),"") | CY47: =IFERROR(VLOOKUP(AD48,BD!AD32:AX75,20,FALSE),"") | DE47: - | DK47: - | DQ47: FALSE | DR47: =IF(DQ47=TRUE,"######","") | DW47: =IFERROR(MID(CA47,1,1),"") -> - | DX47: =IFERROR(MID(CG47,1,1),"") -> - | DY47: =IFERROR(IF(AND(AB47="CV6",AC47="H",DW47="F",DX47="P"),"SiPM",""),"")
AB48: =MID(BC47,1,1) | AC48: =IFERROR(MID(BI47,1,1),"") | AD48: =AB47&AC47&AD47&AB48&AC48&$AI$12&BU47 -> W3-
AB49: =MID(AK49,1,1) | AC49: {=IFERROR(_xlfn.IFS(AQ49="Mini Breaker","MB",AQ49="GoPact","GP",AQ49="EZC 100","EZ1",AQ49="EZC 250","EZ2",AQ49="CVS/NSX 250","CV2",AQ49="CVS/NSX/EZC 630","CV6",AQ49="NS 1600","NS1",AQ49="NW/MTZ 4000","NW4",AQ49="Conmutador PEQ.","CP",AQ49="Conmutador MED.","CM",AQ49="Conmutador GRA.","CG",AQ49="Contactores","CK"),"")} | AD49: {=IFERROR(_xlfn.IFS(AW49="Horizontal","H",AW49="Horizontal COMPUESTA","HC",AW49="Vertical","V",AW49="Vertical Compacta","VC",AW49="Vertical Extendida","VE"),"")} | AE49: =IF(AH47<>"","+C","") | BU49: - | CA49: - | CG49: - | CM49: - | CS49: =IFERROR(VLOOKUP(AD50,BD!AD34:AX77,19,FALSE),"") | CY49: =IFERROR(VLOOKUP(AD50,BD!AD34:AX77,20,FALSE),"") | DE49: - | DK49: - | DQ49: FALSE | DR49: =IF(DQ49=TRUE,"######","") | DW49: =IFERROR(MID(CA49,1,1),"") -> - | DX49: =IFERROR(MID(CG49,1,1),"") -> - | DY49: =IFERROR(IF(AND(AB49="CV6",AC49="H",DW49="F",DX49="P"),"SiPM",""),"") | FO49: Mini Breaker | FY49: Horizontal | GK49: Palanca
AB50: =MID(BC49,1,1) | AC50: =IFERROR(MID(BI49,1,1),"") | AD50: =AB49&AC49&AD49&AB50&AC50&$AI$12&BU49 -> W3- | FO50: EZC 100 | FY50: Horizontal COMPUESTA | GK50: Motorizado
AB51: =MID(AK51,1,1) | AC51: {=IFERROR(_xlfn.IFS(AQ51="Mini Breaker","MB",AQ51="GoPact","GP",AQ51="EZC 100","EZ1",AQ51="EZC 250","EZ2",AQ51="CVS/NSX 250","CV2",AQ51="CVS/NSX/EZC 630","CV6",AQ51="NS 1600","NS1",AQ51="NW/MTZ 4000","NW4",AQ51="Conmutador PEQ.","CP",AQ51="Conmutador MED.","CM",AQ51="Conmutador GRA.","CG",AQ51="Contactores","CK"),"")} | AD51: {=IFERROR(_xlfn.IFS(AW51="Horizontal","H",AW51="Horizontal COMPUESTA","HC",AW51="Vertical","V",AW51="Vertical Compacta","VC",AW51="Vertical Extendida","VE"),"")} | AE51: =IF(AH49<>"","+C","") | BU51: - | CA51: - | CG51: - | CM51: - | CS51: =IFERROR(VLOOKUP(AD52,BD!AD36:AX79,19,FALSE),"") | CY51: =IFERROR(VLOOKUP(AD52,BD!AD36:AX79,20,FALSE),"") | DE51: - | DK51: - | DQ51: FALSE | DR51: =IF(DQ51=TRUE,"######","") | DW51: =IFERROR(MID(CA51,1,1),"") -> - | DX51: =IFERROR(MID(CG51,1,1),"") -> - | DY51: =IFERROR(IF(AND(AB51="CV6",AC51="H",DW51="F",DX51="P"),"SiPM",""),"") | FO51: EZC 250 | FY51: Vertical
AB52: =MID(BC51,1,1) | AC52: =IFERROR(MID(BI51,1,1),"") | AD52: =AB51&AC51&AD51&AB52&AC52&$AI$12&BU51 -> W3- | FO52: CVS/NSX 250 | FY52: Vertical Compacta
AB53: =MID(AK53,1,1) | AC53: {=IFERROR(_xlfn.IFS(AQ53="Mini Breaker","MB",AQ53="GoPact","GP",AQ53="EZC 100","EZ1",AQ53="EZC 250","EZ2",AQ53="CVS/NSX 250","CV2",AQ53="CVS/NSX/EZC 630","CV6",AQ53="NS 1600","NS1",AQ53="NW/MTZ 4000","NW4",AQ53="Conmutador PEQ.","CP",AQ53="Conmutador MED.","CM",AQ53="Conmutador GRA.","CG",AQ53="Contactores","CK"),"")} | AD53: {=IFERROR(_xlfn.IFS(AW53="Horizontal","H",AW53="Horizontal COMPUESTA","HC",AW53="Vertical","V",AW53="Vertical Compacta","VC",AW53="Vertical Extendida","VE"),"")} | AE53: =IF(AH51<>"","+C","") | BU53: - | CA53: - | CG53: - | CM53: - | CS53: =IFERROR(VLOOKUP(AD54,BD!AD38:AX81,19,FALSE),"") | CY53: =IFERROR(VLOOKUP(AD54,BD!AD38:AX81,20,FALSE),"") | DE53: - | DK53: - | DQ53: FALSE | DR53: =IF(DQ53=TRUE,"######","") | DW53: =IFERROR(MID(CA53,1,1),"") -> - | DX53: =IFERROR(MID(CG53,1,1),"") -> - | DY53: =IFERROR(IF(AND(AB53="CV6",AC53="H",DW53="F",DX53="P"),"SiPM",""),"") | FO53: CVS/NSX/EZC 630 | FY53: Vertical Extendida
AB54: =MID(BC53,1,1) | AC54: =IFERROR(MID(BI53,1,1),"") | AD54: =AB53&AC53&AD53&AB54&AC54&$AI$12&BU53 -> W3- | FO54: NS 1600
AB55: =MID(AK55,1,1) | AC55: {=IFERROR(_xlfn.IFS(AQ55="Mini Breaker","MB",AQ55="GoPact","GP",AQ55="EZC 100","EZ1",AQ55="EZC 250","EZ2",AQ55="CVS/NSX 250","CV2",AQ55="CVS/NSX/EZC 630","CV6",AQ55="NS 1600","NS1",AQ55="NW/MTZ 4000","NW4",AQ55="Conmutador PEQ.","CP",AQ55="Conmutador MED.","CM",AQ55="Conmutador GRA.","CG",AQ55="Contactores","CK"),"")} | AD55: {=IFERROR(_xlfn.IFS(AW55="Horizontal","H",AW55="Horizontal COMPUESTA","HC",AW55="Vertical","V",AW55="Vertical Compacta","VC",AW55="Vertical Extendida","VE"),"")} | AE55: =IF(AH53<>"","+C","") | BU55: - | CA55: - | CG55: - | CM55: - | CS55: =IFERROR(VLOOKUP(AD56,BD!AD40:AX83,19,FALSE),"") | CY55: =IFERROR(VLOOKUP(AD56,BD!AD40:AX83,20,FALSE),"") | DE55: - | DK55: - | DQ55: FALSE | DR55: =IF(DQ55=TRUE,"######","") | DW55: =IFERROR(MID(CA55,1,1),"") -> - | DX55: =IFERROR(MID(CG55,1,1),"") -> - | DY55: =IFERROR(IF(AND(AB55="CV6",AC55="H",DW55="F",DX55="P"),"SiPM",""),"") | FO55: NW/MTZ 4000
AB56: =MID(BC55,1,1) | AC56: =IFERROR(MID(BI55,1,1),"") | AD56: =AB55&AC55&AD55&AB56&AC56&$AI$12&BU55 -> W3- | FO56: Conmutador PEQ.
FO57: Conmutador MED.
FO58: Conmutador GRA.
AF59: Orden de Trabajo | AT59: Area: | BB59: PAE | BJ59: Area: | BR59: APE | BZ59: Area: | CH59: APM | CP59: Area: | CX59: DPM | DF59: Area: | DN59: LPD | FO59: Contactores
AF60: OT: | AT60: Fecha de Entrega: | BJ60: Fecha de Entrega: | BZ60: Fecha de Entrega: | CP60: Fecha de Entrega: | DF60: Fecha de Entrega:
FB68: Columna1
EX69: Columna1 | FB69: 400
EX70: PM | FB70: 600
