Workbook

Sheet BD
S1: Alto : | Y1: H | Z1: =MID(AA1,1,2) -> 22 | AA1: 2200
S2: Ancho : | Y2: W | Z2: =MID(AA2,1,2) -> 72 | AA2: 720
S3: Profundo: | Y3: D | Z3: =MID(AA3,1,2) -> 60 | AA3: 600
S4: IP: | AA4: 30
B5: Codigo | C5: Categoria | D5: Codigo | E5: SubCodigo1 | F5: SubCodigo2 | G5: Alto | I5: Ancho | K5: Profundo | M5: Criterio1 | N5: Criterio2 | O5: Criterio3 | P5: Criterio4 | Q5: Definición | U5: Categoria | V5: Criterio5 | W5: Criterio1 | X5: Criterio2 | Y5: Criterio3 | Z5: CodigoB | AA5: Codigo
A6: 1 | B6: =MID(H6,1,2)&MID(J6,1,2)&MID(L6,1,2)&MID(C6,1,2)&MID(M6,1,1)&MID(N6,1,1)&MID(O6,1,1)&MID(P6,1,3) -> 182040Ma | C6: Marco | D6: 017000 | E6: 014000 | F6: 010020 | G6: =IF(H6<>"","H:","") -> H: | H6: 1800 | I6: =IF(J6<>"","W:","") -> W: | J6: 200 | K6: =IF(L6<>"","D:","") -> D: | L6: 400 | Q6: =IF(B6<>"",(C6&M6&N6&O6&P6&" / "&G6&H6&I6&J6&K6&L6&" mm"),"") -> Marco / H:1800W:200D:400 mm | S6: 1.1.1. | T6: Marco | U6: Ma | V6: =Z1&Z2&Z3 -> 227260 | Z6: =V6&U6&MID(W6,1,1)&MID(X6,1,1)&MID(Y6,1,3) -> 227260Ma | AA6: =VLOOKUP(Z6,$B$6:$D$426,3,FALSE) -> 017033
A7: 2 | B7: =MID(H7,1,2)&MID(J7,1,2)&MID(L7,1,2)&MID(C7,1,2)&MID(M7,1,1)&MID(N7,1,1)&MID(O7,1,1)&MID(P7,1,3) -> 182060Ma | C7: Marco | D7: 017001 | E7: 014001 | F7: 010020 | G7: =IF(H7<>"","H:","") -> H: | H7: 1800 | I7: =IF(J7<>"","W:","") -> W: | J7: 200 | K7: =IF(L7<>"","D:","") -> D: | L7: 600 | Q7: =IF(B7<>"",(C7&M7&N7&O7&P7&" / "&G7&H7&I7&J7&K7&L7&" mm"),"") -> Marco / H:1800W:200D:600 mm | S7: 1.1.2. | T7: Puerta/Marco liso | U7: Pu | V7: =Z1&Z2 -> 2272 | W7: Plena | Z7: =V7&U7&MID(W7,1,1)&MID(X7,1,1)&MID(Y7,1,3) -> 2272PuP | AA7: =VLOOKUP(Z7,$B$6:$D$426,3,FALSE) -> 014109
A8: 3 | B8: =MID(H8,1,2)&MID(J8,1,2)&MID(L8,1,2)&MID(C8,1,2)&MID(M8,1,1)&MID(N8,1,1)&MID(O8,1,1)&MID(P8,1,3) -> 182010Ma | C8: Marco | D8: 017002 | E8: 014002 | F8: 010020 | G8: =IF(H8<>"","H:","") -> H: | H8: 1800 | I8: =IF(J8<>"","W:","") -> W: | J8: 200 | K8: =IF(L8<>"","D:","") -> D: | L8: 1000 | Q8: =IF(B8<>"",(C8&M8&N8&O8&P8&" / "&G8&H8&I8&J8&K8&L8&" mm"),"") -> Marco / H:1800W:200D:1000 mm | S8: 1.1.3. | T8: Kit paneles laterales | U8: PaL | V8: =Z1&Z3 -> 2260 | W8: Corte | X8: Sencillo | Y8: _NP | Z8: =V8&U8&MID(W8,1,1)&MID(X8,1,1)&MID(Y8,1,3) -> 2260PaLCS_NP | AA8: =VLOOKUP(Z8,$B$6:$D$426,3,FALSE) -> 014620
A9: 4 | B9: =MID(H9,1,2)&MID(J9,1,2)&MID(L9,1,2)&MID(C9,1,2)&MID(M9,1,1)&MID(N9,1,1)&MID(O9,1,1)&MID(P9,1,3) -> 184040Ma | C9: Marco | D9: 017003 | E9: 014000 | F9: 010021 | G9: =IF(H9<>"","H:","") -> H: | H9: 1800 | I9: =IF(J9<>"","W:","") -> W: | J9: 400 | K9: =IF(L9<>"","D:","") -> D: | L9: 400 | Q9: =IF(B9<>"",(C9&M9&N9&O9&P9&" / "&G9&H9&I9&J9&K9&L9&" mm"),"") -> Marco / H:1800W:400D:400 mm | S9: 1.1.4. | T9: Panel posterior | U9: PaP | V9: =Z1&Z2 -> 2272 | W9: Pleno | Z9: =V9&U9&MID(W9,1,1)&MID(X9,1,1)&MID(Y9,1,3) -> 2272PaPP | AA9: =VLOOKUP(Z9,$B$6:$D$426,3,FALSE) -> 014061
A10: 5 | B10: =MID(H10,1,2)&MID(J10,1,2)&MID(L10,1,2)&MID(C10,1,2)&MID(M10,1,1)&MID(N10,1,1)&MID(O10,1,1)&MID(P10,1,3) -> 184060Ma | C10: Marco | D10: 017004 | E10: 014001 | F10: 010021 | G10: =IF(H10<>"","H:","") -> H: | H10: 1800 | I10: =IF(J10<>"","W:","") -> W: | J10: 400 | K10: =IF(L10<>"","D:","") -> D: | L10: 600 | Q10: =IF(B10<>"",(C10&M10&N10&O10&P10&" / "&G10&H10&I10&J10&K10&L10&" mm"),"") -> Marco / H:1800W:400D:600 mm | S10: 1.1.5. | T10: Panel superior | U10: Pa | V10: =Z2&Z3 -> 7260 | W10: Superior | Z10: =V10&U10&MID(W10,1,1)&MID(X10,1,1)&MID(Y10,1,3) -> 7260PaS | AA10: =VLOOKUP(Z10,$B$6:$D$426,3,FALSE) -> 010057
A11: 6 | B11: =MID(H11,1,2)&MID(J11,1,2)&MID(L11,1,2)&MID(C11,1,2)&MID(M11,1,1)&MID(N11,1,1)&MID(O11,1,1)&MID(P11,1,3) -> 184010Ma | C11: Marco | D11: 017005 | E11: 014002 | F11: 010021 | G11: =IF(H11<>"","H:","") -> H: | H11: 1800 | I11: =IF(J11<>"","W:","") -> W: | J11: 400 | K11: =IF(L11<>"","D:","") -> D: | L11: 1000 | Q11: =IF(B11<>"",(C11&M11&N11&O11&P11&" / "&G11&H11&I11&J11&K11&L11&" mm"),"") -> Marco / H:1800W:400D:1000 mm | S11: 1.1.6. | T11: Base inferior | U11: Ba | V11: =Z2&Z3 -> 7260 | W11: Estructural | Z11: =V11&U11&MID(W11,1,1)&MID(X11,1,1)&MID(Y11,1,3) -> 7260BaE | AA11: =VLOOKUP(Z11,$B$6:$D$426,3,FALSE) -> 015007
A12: 7 | B12: =MID(H12,1,2)&MID(J12,1,2)&MID(L12,1,2)&MID(C12,1,2)&MID(M12,1,1)&MID(N12,1,1)&MID(O12,1,1)&MID(P12,1,3) -> 187240Ma | C12: Marco | D12: 017006 | E12: 014000 | F12: 010022 | G12: =IF(H12<>"","H:","") -> H: | H12: 1800 | I12: =IF(J12<>"","W:","") -> W: | J12: 720 | K12: =IF(L12<>"","D:","") -> D: | L12: 400 | Q12: =IF(B12<>"",(C12&M12&N12&O12&P12&" / "&G12&H12&I12&J12&K12&L12&" mm"),"") -> Marco / H:1800W:720D:400 mm | S12: 1.1.7. | T12: Kit tapa zocalos laterales | U12: Zo | V12: =Z3 -> 60 | W12: Laterales | Z12: =V12&U12&MID(W12,1,1)&MID(X12,1,1)&MID(Y12,1,3) -> 60ZoL | AA12: =VLOOKUP(Z12,$B$6:$D$426,3,FALSE) -> 010177
A13: 8 | B13: =MID(H13,1,2)&MID(J13,1,2)&MID(L13,1,2)&MID(C13,1,2)&MID(M13,1,1)&MID(N13,1,1)&MID(O13,1,1)&MID(P13,1,3) -> 187260Ma | C13: Marco | D13: 017007 | E13: 014001 | F13: 010022 | G13: =IF(H13<>"","H:","") -> H: | H13: 1800 | I13: =IF(J13<>"","W:","") -> W: | J13: 720 | K13: =IF(L13<>"","D:","") -> D: | L13: 600 | Q13: =IF(B13<>"",(C13&M13&N13&O13&P13&" / "&G13&H13&I13&J13&K13&L13&" mm"),"") -> Marco / H:1800W:720D:600 mm | S13: 1.1.8. | T13: Kit tapa zocalos Frontales | U13: Zo | V13: =Z2 -> 72 | W13: Frontales | Z13: =V13&U13&MID(W13,1,1)&MID(X13,1,1)&MID(Y13,1,3) -> 72ZoF | AA13: =VLOOKUP(Z13,$B$6:$D$426,3,FALSE) -> 010178
A14: 9 | B14: =MID(H14,1,2)&MID(J14,1,2)&MID(L14,1,2)&MID(C14,1,2)&MID(M14,1,1)&MID(N14,1,1)&MID(O14,1,1)&MID(P14,1,3) -> 187210Ma | C14: Marco | D14: 017008 | E14: 014002 | F14: 010022 | G14: =IF(H14<>"","H:","") -> H: | H14: 1800 | I14: =IF(J14<>"","W:","") -> W: | J14: 720 | K14: =IF(L14<>"","D:","") -> D: | L14: 1000 | Q14: =IF(B14<>"",(C14&M14&N14&O14&P14&" / "&G14&H14&I14&J14&K14&L14&" mm"),"") -> Marco / H:1800W:720D:1000 mm | S14: 1.1.9. | T14: Pane linferior | U14: Pa | V14: =Z2&Z3 -> 7260 | W14: Inferior | Z14: =V14&U14&MID(W14,1,1)&MID(X14,1,1)&MID(Y14,1,3) -> 7260PaI | AA14: =VLOOKUP(Z14,$B$6:$D$426,3,FALSE) -> 014257
A15: 10 | B15: =MID(H15,1,2)&MID(J15,1,2)&MID(L15,1,2)&MID(C15,1,2)&MID(M15,1,1)&MID(N15,1,1)&MID(O15,1,1)&MID(P15,1,3) -> 181140Ma | C15: Marco | D15: 017009 | E15: 014000 | F15: 010024 | G15: =IF(H15<>"","H:","") -> H: | H15: 1800 | I15: =IF(J15<>"","W:","") -> W: | J15: 1120 | K15: =IF(L15<>"","D:","") -> D: | L15: 400 | Q15: =IF(B15<>"",(C15&M15&N15&O15&P15&" / "&G15&H15&I15&J15&K15&L15&" mm"),"") -> Marco / H:1800W:1120D:400 mm | S15: 1.1.10. | T15: Paral interno vertical total | U15: PaIV | V15: =Z1 -> 22 | W15: Total | Z15: =V15&U15&MID(W15,1,1)&MID(X15,1,1)&MID(Y15,1,3) -> 22PaIVT | AA15: =VLOOKUP(Z15,$B$6:$D$426,3,FALSE) -> 014154
A16: 11 | B16: =MID(H16,1,2)&MID(J16,1,2)&MID(L16,1,2)&MID(C16,1,2)&MID(M16,1,1)&MID(N16,1,1)&MID(O16,1,1)&MID(P16,1,3) -> 181160Ma | C16: Marco | D16: 017010 | E16: 014001 | F16: 010024 | G16: =IF(H16<>"","H:","") -> H: | H16: 1800 | I16: =IF(J16<>"","W:","") -> W: | J16: 1120 | K16: =IF(L16<>"","D:","") -> D: | L16: 600 | Q16: =IF(B16<>"",(C16&M16&N16&O16&P16&" / "&G16&H16&I16&J16&K16&L16&" mm"),"") -> Marco / H:1800W:1120D:600 mm | S16: 1.1.11. | T16: Paral interno vertical intermedio | U16: PaI | V16: 600 | W16: Vertical | Z16: =MID(V16,1,2)&U16&MID(W16,1,1)&MID(X16,1,1)&MID(Y16,1,3) -> 60PaIV | AA16: =VLOOKUP(Z16,$B$6:$D$426,3,FALSE) -> 014150
A17: 12 | B17: =MID(H17,1,2)&MID(J17,1,2)&MID(L17,1,2)&MID(C17,1,2)&MID(M17,1,1)&MID(N17,1,1)&MID(O17,1,1)&MID(P17,1,3) -> 181110Ma | C17: Marco | D17: 017011 | E17: 014002 | F17: 010024 | G17: =IF(H17<>"","H:","") -> H: | H17: 1800 | I17: =IF(J17<>"","W:","") -> W: | J17: 1120 | K17: =IF(L17<>"","D:","") -> D: | L17: 1000 | Q17: =IF(B17<>"",(C17&M17&N17&O17&P17&" / "&G17&H17&I17&J17&K17&L17&" mm"),"") -> Marco / H:1800W:1120D:1000 mm | S17: 1.1.12. | T17: Paral interno horizontal | U17: PaI | V17: 600 | W17: Horizontal | Z17: =MID(V17,1,2)&U17&MID(W17,1,1)&MID(X17,1,1)&MID(Y17,1,3) -> 60PaIH | AA17: =VLOOKUP(Z17,$B$6:$D$426,3,FALSE) -> 10285
A18: 13 | B18: =MID(H18,1,2)&MID(J18,1,2)&MID(L18,1,2)&MID(C18,1,2)&MID(M18,1,1)&MID(N18,1,1)&MID(O18,1,1)&MID(P18,1,3) -> 202040Ma | C18: Marco | D18: 017012 | E18: 014003 | F18: 010020 | G18: =IF(H18<>"","H:","") -> H: | H18: 2000 | I18: =IF(J18<>"","W:","") -> W: | J18: 200 | K18: =IF(L18<>"","D:","") -> D: | L18: 400 | Q18: =IF(B18<>"",(C18&M18&N18&O18&P18&" / "&G18&H18&I18&J18&K18&L18&" mm"),"") -> Marco / H:2000W:200D:400 mm | S18: 1.1.13. | T18: Ducto de cables | U18: DuC | V18: =Z2 -> 72 | Z18: =V18&U18&MID(W18,1,1)&MID(X18,1,1)&MID(Y18,1,3) -> 72DuC | AA18: =VLOOKUP(Z18,$B$6:$D$426,3,FALSE) -> 014301
A19: 14 | B19: =MID(H19,1,2)&MID(J19,1,2)&MID(L19,1,2)&MID(C19,1,2)&MID(M19,1,1)&MID(N19,1,1)&MID(O19,1,1)&MID(P19,1,3) -> 202060Ma | C19: Marco | D19: 017013 | E19: 014004 | F19: 010020 | G19: =IF(H19<>"","H:","") -> H: | H19: 2000 | I19: =IF(J19<>"","W:","") -> W: | J19: 200 | K19: =IF(L19<>"","D:","") -> D: | L19: 600 | Q19: =IF(B19<>"",(C19&M19&N19&O19&P19&" / "&G19&H19&I19&J19&K19&L19&" mm"),"") -> Marco / H:2000W:200D:600 mm | S19: 1.1.14. | T19: Kit union posterior | U19: Ki | W19: Union | X19: Posterior | Z19: =V19&U19&MID(W19,1,1)&MID(X19,1,1)&MID(Y19,1,3) -> KiUP | AA19: =VLOOKUP(Z19,$B$6:$D$426,3,FALSE) -> 012000
A20: 15 | B20: =MID(H20,1,2)&MID(J20,1,2)&MID(L20,1,2)&MID(C20,1,2)&MID(M20,1,1)&MID(N20,1,1)&MID(O20,1,1)&MID(P20,1,3) -> 202010Ma | C20: Marco | D20: 017014 | E20: 014005 | F20: 010020 | G20: =IF(H20<>"","H:","") -> H: | H20: 2000 | I20: =IF(J20<>"","W:","") -> W: | J20: 200 | K20: =IF(L20<>"","D:","") -> D: | L20: 1000 | Q20: =IF(B20<>"",(C20&M20&N20&O20&P20&" / "&G20&H20&I20&J20&K20&L20&" mm"),"") -> Marco / H:2000W:200D:1000 mm | S20: 1.1.15. | T20: Segregación frontal* | U20: Se | V20: =Z1&Z2 -> 2272 | W20: Frontales | Z20: =V20&U20&MID(W20,1,1)&MID(X20,1,1)&MID(Y20,1,3) -> 2272SeF | AA20: =VLOOKUP(Z20,$B$6:$D$426,3,FALSE) -> #N/A
A21: 16 | B21: =MID(H21,1,2)&MID(J21,1,2)&MID(L21,1,2)&MID(C21,1,2)&MID(M21,1,1)&MID(N21,1,1)&MID(O21,1,1)&MID(P21,1,3) -> 204040Ma | C21: Marco | D21: 017015 | E21: 014003 | F21: 010021 | G21: =IF(H21<>"","H:","") -> H: | H21: 2000 | I21: =IF(J21<>"","W:","") -> W: | J21: 400 | K21: =IF(L21<>"","D:","") -> D: | L21: 400 | Q21: =IF(B21<>"",(C21&M21&N21&O21&P21&" / "&G21&H21&I21&J21&K21&L21&" mm"),"") -> Marco / H:2000W:400D:400 mm
A22: 17 | B22: =MID(H22,1,2)&MID(J22,1,2)&MID(L22,1,2)&MID(C22,1,2)&MID(M22,1,1)&MID(N22,1,1)&MID(O22,1,1)&MID(P22,1,3) -> 204060Ma | C22: Marco | D22: 017016 | E22: 014004 | F22: 010021 | G22: =IF(H22<>"","H:","") -> H: | H22: 2000 | I22: =IF(J22<>"","W:","") -> W: | J22: 400 | K22: =IF(L22<>"","D:","") -> D: | L22: 600 | Q22: =IF(B22<>"",(C22&M22&N22&O22&P22&" / "&G22&H22&I22&J22&K22&L22&" mm"),"") -> Marco / H:2000W:400D:600 mm | S22: 1.2.1. | T22: Hablador | Z22: =V22&U22&MID(W22,1,1)&MID(X22,1,1)&MID(Y22,1,3) | AA22: SinReferencia
A23: 18 | B23: =MID(H23,1,2)&MID(J23,1,2)&MID(L23,1,2)&MID(C23,1,2)&MID(M23,1,1)&MID(N23,1,1)&MID(O23,1,1)&MID(P23,1,3) -> 204010Ma | C23: Marco | D23: 017017 | E23: 014005 | F23: 010021 | G23: =IF(H23<>"","H:","") -> H: | H23: 2000 | I23: =IF(J23<>"","W:","") -> W: | J23: 400 | K23: =IF(L23<>"","D:","") -> D: | L23: 1000 | Q23: =IF(B23<>"",(C23&M23&N23&O23&P23&" / "&G23&H23&I23&J23&K23&L23&" mm"),"") -> Marco / H:2000W:400D:1000 mm | S23: 1.2.2. | T23: Kit de cancamos | U23: CaE | Z23: =V23&U23&MID(W23,1,1)&MID(X23,1,1)&MID(Y23,1,3) -> CaE | AA23: =VLOOKUP(Z23,$B$6:$D$426,3,FALSE) -> 014501
A24: 19 | B24: =MID(H24,1,2)&MID(J24,1,2)&MID(L24,1,2)&MID(C24,1,2)&MID(M24,1,1)&MID(N24,1,1)&MID(O24,1,1)&MID(P24,1,3) -> 207240Ma | C24: Marco | D24: 017018 | E24: 014003 | F24: 010022 | G24: =IF(H24<>"","H:","") -> H: | H24: 2000 | I24: =IF(J24<>"","W:","") -> W: | J24: 720 | K24: =IF(L24<>"","D:","") -> D: | L24: 400 | Q24: =IF(B24<>"",(C24&M24&N24&O24&P24&" / "&G24&H24&I24&J24&K24&L24&" mm"),"") -> Marco / H:2000W:720D:400 mm | S24: 1.2.3. | T24: Angulo de izaje | U24: AnI | Z24: =V24&U24&MID(W24,1,1)&MID(X24,1,1)&MID(Y24,1,3) -> AnI | AA24: =VLOOKUP(Z24,$B$6:$D$426,3,FALSE) -> 014502
A25: 20 | B25: =MID(H25,1,2)&MID(J25,1,2)&MID(L25,1,2)&MID(C25,1,2)&MID(M25,1,1)&MID(N25,1,1)&MID(O25,1,1)&MID(P25,1,3) -> 207260Ma | C25: Marco | D25: 017019 | E25: 014004 | F25: 010022 | G25: =IF(H25<>"","H:","") -> H: | H25: 2000 | I25: =IF(J25<>"","W:","") -> W: | J25: 720 | K25: =IF(L25<>"","D:","") -> D: | L25: 600 | Q25: =IF(B25<>"",(C25&M25&N25&O25&P25&" / "&G25&H25&I25&J25&K25&L25&" mm"),"") -> Marco / H:2000W:720D:600 mm | S25: 1.2.4. | T25: Grua | Z25: =V25&U25&MID(W25,1,1)&MID(X25,1,1)&MID(Y25,1,3) | AA25: SinReferencia
A26: 21 | B26: =MID(H26,1,2)&MID(J26,1,2)&MID(L26,1,2)&MID(C26,1,2)&MID(M26,1,1)&MID(N26,1,1)&MID(O26,1,1)&MID(P26,1,3) -> 207210Ma | C26: Marco | D26: 017020 | E26: 014005 | F26: 010022 | G26: =IF(H26<>"","H:","") -> H: | H26: 2000 | I26: =IF(J26<>"","W:","") -> W: | J26: 720 | K26: =IF(L26<>"","D:","") -> D: | L26: 1000 | Q26: =IF(B26<>"",(C26&M26&N26&O26&P26&" / "&G26&H26&I26&J26&K26&L26&" mm"),"") -> Marco / H:2000W:720D:1000 mm
A27: 22 | B27: =MID(H27,1,2)&MID(J27,1,2)&MID(L27,1,2)&MID(C27,1,2)&MID(M27,1,1)&MID(N27,1,1)&MID(O27,1,1)&MID(P27,1,3) -> 208060Ma | C27: Marco | D27: 017021 | E27: 014004 | F27: 010023 | G27: =IF(H27<>"","H:","") -> H: | H27: 2000 | I27: =IF(J27<>"","W:","") -> W: | J27: 800 | K27: =IF(L27<>"","D:","") -> D: | L27: 600 | Q27: =IF(B27<>"",(C27&M27&N27&O27&P27&" / "&G27&H27&I27&J27&K27&L27&" mm"),"") -> Marco / H:2000W:800D:600 mm | S27: 1.3.1. | T27: Cubierta para modulo | AA27: SinReferencia
A28: 23 | B28: =MID(H28,1,2)&MID(J28,1,2)&MID(L28,1,2)&MID(C28,1,2)&MID(M28,1,1)&MID(N28,1,1)&MID(O28,1,1)&MID(P28,1,3) -> 208010Ma | C28: Marco | D28: 017022 | E28: 014005 | F28: 010023 | G28: =IF(H28<>"","H:","") -> H: | H28: 2000 | I28: =IF(J28<>"","W:","") -> W: | J28: 800 | K28: =IF(L28<>"","D:","") -> D: | L28: 1000 | Q28: =IF(B28<>"",(C28&M28&N28&O28&P28&" / "&G28&H28&I28&J28&K28&L28&" mm"),"") -> Marco / H:2000W:800D:1000 mm | S28: 1.3.2. | T28: Cubierta para ventilación | AA28: SinReferencia
A29: 24 | B29: =MID(H29,1,2)&MID(J29,1,2)&MID(L29,1,2)&MID(C29,1,2)&MID(M29,1,1)&MID(N29,1,1)&MID(O29,1,1)&MID(P29,1,3) -> 201140Ma | C29: Marco | D29: 017023 | E29: 014003 | F29: 010024 | G29: =IF(H29<>"","H:","") -> H: | H29: 2000 | I29: =IF(J29<>"","W:","") -> W: | J29: 1120 | K29: =IF(L29<>"","D:","") -> D: | L29: 400 | Q29: =IF(B29<>"",(C29&M29&N29&O29&P29&" / "&G29&H29&I29&J29&K29&L29&" mm"),"") -> Marco / H:2000W:1120D:400 mm | S29: 1.4.1. | T29: Cubierta de ventilación | AA29: SinReferencia
A30: 25 | B30: =MID(H30,1,2)&MID(J30,1,2)&MID(L30,1,2)&MID(C30,1,2)&MID(M30,1,1)&MID(N30,1,1)&MID(O30,1,1)&MID(P30,1,3) -> 201160Ma | C30: Marco | D30: 017024 | E30: 014004 | F30: 010024 | G30: =IF(H30<>"","H:","") -> H: | H30: 2000 | I30: =IF(J30<>"","W:","") -> W: | J30: 1120 | K30: =IF(L30<>"","D:","") -> D: | L30: 600 | Q30: =IF(B30<>"",(C30&M30&N30&O30&P30&" / "&G30&H30&I30&J30&K30&L30&" mm"),"") -> Marco / H:2000W:1120D:600 mm | S30: 1.4.2. | T30: Segregación | AA30: SinReferencia
A31: 26 | B31: =MID(H31,1,2)&MID(J31,1,2)&MID(L31,1,2)&MID(C31,1,2)&MID(M31,1,1)&MID(N31,1,1)&MID(O31,1,1)&MID(P31,1,3) -> 201110Ma | C31: Marco | D31: 017025 | E31: 014005 | F31: 010024 | G31: =IF(H31<>"","H:","") -> H: | H31: 2000 | I31: =IF(J31<>"","W:","") -> W: | J31: 1120 | K31: =IF(L31<>"","D:","") -> D: | L31: 1000 | Q31: =IF(B31<>"",(C31&M31&N31&O31&P31&" / "&G31&H31&I31&J31&K31&L31&" mm"),"") -> Marco / H:2000W:1120D:1000 mm
A32: 27 | B32: =MID(H32,1,2)&MID(J32,1,2)&MID(L32,1,2)&MID(C32,1,2)&MID(M32,1,1)&MID(N32,1,1)&MID(O32,1,1)&MID(P32,1,3) -> 222040Ma | C32: Marco | D32: 017026 | E32: 014006 | F32: 010020 | G32: =IF(H32<>"","H:","") -> H: | H32: 2200 | I32: =IF(J32<>"","W:","") -> W: | J32: 200 | K32: =IF(L32<>"","D:","") -> D: | L32: 400 | Q32: =IF(B32<>"",(C32&M32&N32&O32&P32&" / "&G32&H32&I32&J32&K32&L32&" mm"),"") -> Marco / H:2200W:200D:400 mm | S32: 1.5.1. | T32: Cubierta de ventilación | Z32: =V32&U32&MID(W32,1,1)&MID(X32,1,1)&MID(Y32,1,3) | AA32: =VLOOKUP(Z32,$B$6:$D$426,3,FALSE) -> 0
A33: 28 | B33: =MID(H33,1,2)&MID(J33,1,2)&MID(L33,1,2)&MID(C33,1,2)&MID(M33,1,1)&MID(N33,1,1)&MID(O33,1,1)&MID(P33,1,3) -> 222060Ma | C33: Marco | D33: 017027 | E33: 014007 | F33: 010020 | G33: =IF(H33<>"","H:","") -> H: | H33: 2200 | I33: =IF(J33<>"","W:","") -> W: | J33: 200 | K33: =IF(L33<>"","D:","") -> D: | L33: 600 | Q33: =IF(B33<>"",(C33&M33&N33&O33&P33&" / "&G33&H33&I33&J33&K33&L33&" mm"),"") -> Marco / H:2200W:200D:600 mm | S33: 1.5.2. | T33: Accesorio de poste | AA33: SinReferencia
A34: 29 | B34: =MID(H34,1,2)&MID(J34,1,2)&MID(L34,1,2)&MID(C34,1,2)&MID(M34,1,1)&MID(N34,1,1)&MID(O34,1,1)&MID(P34,1,3) -> 222010Ma | C34: Marco | D34: 017028 | E34: 014008 | F34: 010020 | G34: =IF(H34<>"","H:","") -> H: | H34: 2200 | I34: =IF(J34<>"","W:","") -> W: | J34: 200 | K34: =IF(L34<>"","D:","") -> D: | L34: 1000 | Q34: =IF(B34<>"",(C34&M34&N34&O34&P34&" / "&G34&H34&I34&J34&K34&L34&" mm"),"") -> Marco / H:2200W:200D:1000 mm | S34: 1.5.3. | T34: Accesorio de muro | AA34: SinReferencia
A35: 30 | B35: =MID(H35,1,2)&MID(J35,1,2)&MID(L35,1,2)&MID(C35,1,2)&MID(M35,1,1)&MID(N35,1,1)&MID(O35,1,1)&MID(P35,1,3) -> 224040Ma | C35: Marco | D35: 017029 | E35: 014006 | F35: 010021 | G35: =IF(H35<>"","H:","") -> H: | H35: 2200 | I35: =IF(J35<>"","W:","") -> W: | J35: 400 | K35: =IF(L35<>"","D:","") -> D: | L35: 400 | Q35: =IF(B35<>"",(C35&M35&N35&O35&P35&" / "&G35&H35&I35&J35&K35&L35&" mm"),"") -> Marco / H:2200W:400D:400 mm | S35: 1.5.4. | T35: Segregación | AA35: SinReferencia
A36: 31 | B36: =MID(H36,1,2)&MID(J36,1,2)&MID(L36,1,2)&MID(C36,1,2)&MID(M36,1,1)&MID(N36,1,1)&MID(O36,1,1)&MID(P36,1,3) -> 224060Ma | C36: Marco | D36: 017030 | E36: 014007 | F36: 010021 | G36: =IF(H36<>"","H:","") -> H: | H36: 2200 | I36: =IF(J36<>"","W:","") -> W: | J36: 400 | K36: =IF(L36<>"","D:","") -> D: | L36: 600 | Q36: =IF(B36<>"",(C36&M36&N36&O36&P36&" / "&G36&H36&I36&J36&K36&L36&" mm"),"") -> Marco / H:2200W:400D:600 mm | S36: 1.6.1. | T36: Placa para modulo | U36: PlM | W36: Grande | Z36: =V36&U36&MID(W36,1,1)&MID(X36,1,1)&MID(Y36,1,3) -> PlMG | AA36: =VLOOKUP(Z36,$B$6:$D$426,3,FALSE) -> 013202
A37: 32 | B37: =MID(H37,1,2)&MID(J37,1,2)&MID(L37,1,2)&MID(C37,1,2)&MID(M37,1,1)&MID(N37,1,1)&MID(O37,1,1)&MID(P37,1,3) -> 224010Ma | C37: Marco | D37: 017031 | E37: 014008 | F37: 010021 | G37: =IF(H37<>"","H:","") -> H: | H37: 2200 | I37: =IF(J37<>"","W:","") -> W: | J37: 400 | K37: =IF(L37<>"","D:","") -> D: | L37: 1000 | Q37: =IF(B37<>"",(C37&M37&N37&O37&P37&" / "&G37&H37&I37&J37&K37&L37&" mm"),"") -> Marco / H:2200W:400D:1000 mm | S37: 1.6.2. | T37: Tapa del modulo | U37: TaM | W37: PM6 | Z37: =V37&U37&MID(W37,1,3)&MID(X37,1,3)&MID(Y37,1,3) -> TaMPM6 | AA37: =VLOOKUP(Z37,$B$6:$D$426,3,FALSE) -> 012111
A38: 33 | B38: =MID(H38,1,2)&MID(J38,1,2)&MID(L38,1,2)&MID(C38,1,2)&MID(M38,1,1)&MID(N38,1,1)&MID(O38,1,1)&MID(P38,1,3) -> 227240Ma | C38: Marco | D38: 017032 | E38: 014006 | F38: 010022 | G38: =IF(H38<>"","H:","") -> H: | H38: 2200 | I38: =IF(J38<>"","W:","") -> W: | J38: 720 | K38: =IF(L38<>"","D:","") -> D: | L38: 400 | Q38: =IF(B38<>"",(C38&M38&N38&O38&P38&" / "&G38&H38&I38&J38&K38&L38&" mm"),"") -> Marco / H:2200W:720D:400 mm
A39: 34 | B39: =MID(H39,1,2)&MID(J39,1,2)&MID(L39,1,2)&MID(C39,1,2)&MID(M39,1,1)&MID(N39,1,1)&MID(O39,1,1)&MID(P39,1,3) -> 227260Ma | C39: Marco | D39: 017033 | E39: 014007 | F39: 010022 | G39: =IF(H39<>"","H:","") -> H: | H39: 2200 | I39: =IF(J39<>"","W:","") -> W: | J39: 720 | K39: =IF(L39<>"","D:","") -> D: | L39: 600 | Q39: =IF(B39<>"",(C39&M39&N39&O39&P39&" / "&G39&H39&I39&J39&K39&L39&" mm"),"") -> Marco / H:2200W:720D:600 mm
A40: 35 | B40: =MID(H40,1,2)&MID(J40,1,2)&MID(L40,1,2)&MID(C40,1,2)&MID(M40,1,1)&MID(N40,1,1)&MID(O40,1,1)&MID(P40,1,3) -> 227210Ma | C40: Marco | D40: 017034 | E40: 014008 | F40: 010022 | G40: =IF(H40<>"","H:","") -> H: | H40: 2200 | I40: =IF(J40<>"","W:","") -> W: | J40: 720 | K40: =IF(L40<>"","D:","") -> D: | L40: 1000 | Q40: =IF(B40<>"",(C40&M40&N40&O40&P40&" / "&G40&H40&I40&J40&K40&L40&" mm"),"") -> Marco / H:2200W:720D:1000 mm
A41: 36 | B41: =MID(H41,1,2)&MID(J41,1,2)&MID(L41,1,2)&MID(C41,1,2)&MID(M41,1,1)&MID(N41,1,1)&MID(O41,1,1)&MID(P41,1,3) -> 228060Ma | C41: Marco | D41: 017035 | E41: 014007 | F41: 010023 | G41: =IF(H41<>"","H:","") -> H: | H41: 2200 | I41: =IF(J41<>"","W:","") -> W: | J41: 800 | K41: =IF(L41<>"","D:","") -> D: | L41: 600 | Q41: =IF(B41<>"",(C41&M41&N41&O41&P41&" / "&G41&H41&I41&J41&K41&L41&" mm"),"") -> Marco / H:2200W:800D:600 mm
A42: 37 | B42: =MID(H42,1,2)&MID(J42,1,2)&MID(L42,1,2)&MID(C42,1,2)&MID(M42,1,1)&MID(N42,1,1)&MID(O42,1,1)&MID(P42,1,3) -> 228010Ma | C42: Marco | D42: 017036 | E42: 014008 | F42: 010023 | G42: =IF(H42<>"","H:","") -> H: | H42: 2200 | I42: =IF(J42<>"","W:","") -> W: | J42: 800 | K42: =IF(L42<>"","D:","") -> D: | L42: 1000 | Q42: =IF(B42<>"",(C42&M42&N42&O42&P42&" / "&G42&H42&I42&J42&K42&L42&" mm"),"") -> Marco / H:2200W:800D:1000 mm
A43: 38 | B43: =MID(H43,1,2)&MID(J43,1,2)&MID(L43,1,2)&MID(C43,1,2)&MID(M43,1,1)&MID(N43,1,1)&MID(O43,1,1)&MID(P43,1,3) -> 221140Ma | C43: Marco | D43: 017037 | E43: 014006 | F43: 010024 | G43: =IF(H43<>"","H:","") -> H: | H43: 2200 | I43: =IF(J43<>"","W:","") -> W: | J43: 1120 | K43: =IF(L43<>"","D:","") -> D: | L43: 400 | Q43: =IF(B43<>"",(C43&M43&N43&O43&P43&" / "&G43&H43&I43&J43&K43&L43&" mm"),"") -> Marco / H:2200W:1120D:400 mm
A44: 39 | B44: =MID(H44,1,2)&MID(J44,1,2)&MID(L44,1,2)&MID(C44,1,2)&MID(M44,1,1)&MID(N44,1,1)&MID(O44,1,1)&MID(P44,1,3) -> 221160Ma | C44: Marco | D44: 017038 | E44: 014007 | F44: 010024 | G44: =IF(H44<>"","H:","") -> H: | H44: 2200 | I44: =IF(J44<>"","W:","") -> W: | J44: 1120 | K44: =IF(L44<>"","D:","") -> D: | L44: 600 | Q44: =IF(B44<>"",(C44&M44&N44&O44&P44&" / "&G44&H44&I44&J44&K44&L44&" mm"),"") -> Marco / H:2200W:1120D:600 mm
A45: 40 | B45: =MID(H45,1,2)&MID(J45,1,2)&MID(L45,1,2)&MID(C45,1,2)&MID(M45,1,1)&MID(N45,1,1)&MID(O45,1,1)&MID(P45,1,3) -> 221110Ma | C45: Marco | D45: 017039 | E45: 014008 | F45: 010024 | G45: =IF(H45<>"","H:","") -> H: | H45: 2200 | I45: =IF(J45<>"","W:","") -> W: | J45: 1120 | K45: =IF(L45<>"","D:","") -> D: | L45: 1000 | Q45: =IF(B45<>"",(C45&M45&N45&O45&P45&" / "&G45&H45&I45&J45&K45&L45&" mm"),"") -> Marco / H:2200W:1120D:1000 mm
B46: =MID(H46,1,2)&MID(J46,1,2)&MID(L46,1,2)&MID(C46,1,2)&MID(M46,1,1)&MID(N46,1,1)&MID(O46,1,1)&MID(P46,1,3)
B47: =MID(H47,1,2)&MID(J47,1,2)&MID(L47,1,2)&MID(C47,1,2)&MID(M47,1,1)&MID(N47,1,1)&MID(O47,1,1)&MID(P47,1,3) -> 1840MaL | C47: Marco | D47: 013100 | G47: =IF(H47<>"","H:","") -> H: | H47: 1800 | I47: =IF(J47<>"","W:","") -> W: | J47: 400 | K47: =IF(L47<>"","D:","") | M47: Liso | Q47: =IF(B47<>"",(C47&M47&N47&O47&P47&" / "&G47&H47&I47&J47&K47&L47&" mm"),"") -> Marco Liso / H:1800W:400 mm
B48: =MID(H48,1,2)&MID(J48,1,2)&MID(L48,1,2)&MID(C48,1,2)&MID(M48,1,1)&MID(N48,1,1)&MID(O48,1,1)&MID(P48,1,3) -> 1872MaL | C48: Marco | D48: 013101 | G48: =IF(H48<>"","H:","") -> H: | H48: 1800 | I48: =IF(J48<>"","W:","") -> W: | J48: 720 | K48: =IF(L48<>"","D:","") | M48: Liso | Q48: =IF(B48<>"",(C48&M48&N48&O48&P48&" / "&G48&H48&I48&J48&K48&L48&" mm"),"") -> Marco Liso / H:1800W:720 mm
B49: =MID(H49,1,2)&MID(J49,1,2)&MID(L49,1,2)&MID(C49,1,2)&MID(M49,1,1)&MID(N49,1,1)&MID(O49,1,1)&MID(P49,1,3) -> 1811MaL | C49: Marco | D49: 013102 | G49: =IF(H49<>"","H:","") -> H: | H49: 1800 | I49: =IF(J49<>"","W:","") -> W: | J49: 1120 | K49: =IF(L49<>"","D:","") | M49: Liso | Q49: =IF(B49<>"",(C49&M49&N49&O49&P49&" / "&G49&H49&I49&J49&K49&L49&" mm"),"") -> Marco Liso / H:1800W:1120 mm
B50: =MID(H50,1,2)&MID(J50,1,2)&MID(L50,1,2)&MID(C50,1,2)&MID(M50,1,1)&MID(N50,1,1)&MID(O50,1,1)&MID(P50,1,3) -> 2040MaL | C50: Marco | D50: 013103 | G50: =IF(H50<>"","H:","") -> H: | H50: 2000 | I50: =IF(J50<>"","W:","") -> W: | J50: 400 | K50: =IF(L50<>"","D:","") | M50: Liso | Q50: =IF(B50<>"",(C50&M50&N50&O50&P50&" / "&G50&H50&I50&J50&K50&L50&" mm"),"") -> Marco Liso / H:2000W:400 mm
B51: =MID(H51,1,2)&MID(J51,1,2)&MID(L51,1,2)&MID(C51,1,2)&MID(M51,1,1)&MID(N51,1,1)&MID(O51,1,1)&MID(P51,1,3) -> 2072MaL | C51: Marco | D51: 013104 | G51: =IF(H51<>"","H:","") -> H: | H51: 2000 | I51: =IF(J51<>"","W:","") -> W: | J51: 720 | K51: =IF(L51<>"","D:","") | M51: Liso | Q51: =IF(B51<>"",(C51&M51&N51&O51&P51&" / "&G51&H51&I51&J51&K51&L51&" mm"),"") -> Marco Liso / H:2000W:720 mm
B52: =MID(H52,1,2)&MID(J52,1,2)&MID(L52,1,2)&MID(C52,1,2)&MID(M52,1,1)&MID(N52,1,1)&MID(O52,1,1)&MID(P52,1,3) -> 2080MaL | C52: Marco | D52: 013105 | G52: =IF(H52<>"","H:","") -> H: | H52: 2000 | I52: =IF(J52<>"","W:","") -> W: | J52: 800 | K52: =IF(L52<>"","D:","") | M52: Liso | Q52: =IF(B52<>"",(C52&M52&N52&O52&P52&" / "&G52&H52&I52&J52&K52&L52&" mm"),"") -> Marco Liso / H:2000W:800 mm
B53: =MID(H53,1,2)&MID(J53,1,2)&MID(L53,1,2)&MID(C53,1,2)&MID(M53,1,1)&MID(N53,1,1)&MID(O53,1,1)&MID(P53,1,3) -> 2011MaL | C53: Marco | D53: 013106 | G53: =IF(H53<>"","H:","") -> H: | H53: 2000 | I53: =IF(J53<>"","W:","") -> W: | J53: 1120 | K53: =IF(L53<>"","D:","") | M53: Liso | Q53: =IF(B53<>"",(C53&M53&N53&O53&P53&" / "&G53&H53&I53&J53&K53&L53&" mm"),"") -> Marco Liso / H:2000W:1120 mm
B54: =MID(H54,1,2)&MID(J54,1,2)&MID(L54,1,2)&MID(C54,1,2)&MID(M54,1,1)&MID(N54,1,1)&MID(O54,1,1)&MID(P54,1,3) -> 2240MaL | C54: Marco | D54: 013107 | G54: =IF(H54<>"","H:","") -> H: | H54: 2200 | I54: =IF(J54<>"","W:","") -> W: | J54: 400 | K54: =IF(L54<>"","D:","") | M54: Liso | Q54: =IF(B54<>"",(C54&M54&N54&O54&P54&" / "&G54&H54&I54&J54&K54&L54&" mm"),"") -> Marco Liso / H:2200W:400 mm
B55: =MID(H55,1,2)&MID(J55,1,2)&MID(L55,1,2)&MID(C55,1,2)&MID(M55,1,1)&MID(N55,1,1)&MID(O55,1,1)&MID(P55,1,3) -> 2272MaL | C55: Marco | D55: 013108 | G55: =IF(H55<>"","H:","") -> H: | H55: 2200 | I55: =IF(J55<>"","W:","") -> W: | J55: 720 | K55: =IF(L55<>"","D:","") | M55: Liso | Q55: =IF(B55<>"",(C55&M55&N55&O55&P55&" / "&G55&H55&I55&J55&K55&L55&" mm"),"") -> Marco Liso / H:2200W:720 mm
B56: =MID(H56,1,2)&MID(J56,1,2)&MID(L56,1,2)&MID(C56,1,2)&MID(M56,1,1)&MID(N56,1,1)&MID(O56,1,1)&MID(P56,1,3) -> 2280MaL | C56: Marco | D56: 013109 | G56: =IF(H56<>"","H:","") -> H: | H56: 2200 | I56: =IF(J56<>"","W:","") -> W: | J56: 800 | K56: =IF(L56<>"","D:","") | M56: Liso | Q56: =IF(B56<>"",(C56&M56&N56&O56&P56&" / "&G56&H56&I56&J56&K56&L56&" mm"),"") -> Marco Liso / H:2200W:800 mm
B57: =MID(H57,1,2)&MID(J57,1,2)&MID(L57,1,2)&MID(C57,1,2)&MID(M57,1,1)&MID(N57,1,1)&MID(O57,1,1)&MID(P57,1,3) -> 2211MaL | C57: Marco | D57: 013110 | G57: =IF(H57<>"","H:","") -> H: | H57: 2200 | I57: =IF(J57<>"","W:","") -> W: | J57: 1120 | K57: =IF(L57<>"","D:","") | M57: Liso | Q57: =IF(B57<>"",(C57&M57&N57&O57&P57&" / "&G57&H57&I57&J57&K57&L57&" mm"),"") -> Marco Liso / H:2200W:1120 mm
B58: =MID(H58,1,2)&MID(J58,1,2)&MID(L58,1,2)&MID(C58,1,2)&MID(M58,1,1)&MID(N58,1,1)&MID(O58,1,1)&MID(P58,1,3)
A59: 41 | B59: =MID(H59,1,2)&MID(J59,1,2)&MID(L59,1,2)&MID(C59,1,2)&MID(M59,1,1)&MID(N59,1,1)&MID(O59,1,1)&MID(P59,1,3) -> 1820PuP | C59: Puerta | D59: 014100 | G59: =IF(H59<>"","H:","") -> H: | H59: 1800 | I59: =IF(J59<>"","W:","") -> W: | J59: 200 | K59: =IF(L59<>"","D:","") | N59: Plena | Q59: =IF(B59<>"",(C59&M59&N59&O59&P59&" / "&G59&H59&I59&J59&K59&L59&" mm"),"") -> Puerta Plena / H:1800W:200 mm
A60: 42 | B60: =MID(H60,1,2)&MID(J60,1,2)&MID(L60,1,2)&MID(C60,1,2)&MID(M60,1,1)&MID(N60,1,1)&MID(O60,1,1)&MID(P60,1,3) -> 1840PuP | C60: Puerta | D60: 014101 | G60: =IF(H60<>"","H:","") -> H: | H60: 1800 | I60: =IF(J60<>"","W:","") -> W: | J60: 400 | K60: =IF(L60<>"","D:","") | N60: Plena | Q60: =IF(B60<>"",(C60&M60&N60&O60&P60&" / "&G60&H60&I60&J60&K60&L60&" mm"),"") -> Puerta Plena / H:1800W:400 mm
A61: 43 | B61: =MID(H61,1,2)&MID(J61,1,2)&MID(L61,1,2)&MID(C61,1,2)&MID(M61,1,1)&MID(N61,1,1)&MID(O61,1,1)&MID(P61,1,3) -> 1872PuP | C61: Puerta | D61: 014102 | G61: =IF(H61<>"","H:","") -> H: | H61: 1800 | I61: =IF(J61<>"","W:","") -> W: | J61: 720 | K61: =IF(L61<>"","D:","") | N61: Plena | Q61: =IF(B61<>"",(C61&M61&N61&O61&P61&" / "&G61&H61&I61&J61&K61&L61&" mm"),"") -> Puerta Plena / H:1800W:720 mm
A62: 44 | B62: =MID(H62,1,2)&MID(J62,1,2)&MID(L62,1,2)&MID(C62,1,2)&MID(M62,1,1)&MID(N62,1,1)&MID(O62,1,1)&MID(P62,1,3) -> 2020PuP | C62: Puerta | D62: 014103 | G62: =IF(H62<>"","H:","") -> H: | H62: 2000 | I62: =IF(J62<>"","W:","") -> W: | J62: 200 | K62: =IF(L62<>"","D:","") | N62: Plena | Q62: =IF(B62<>"",(C62&M62&N62&O62&P62&" / "&G62&H62&I62&J62&K62&L62&" mm"),"") -> Puerta Plena / H:2000W:200 mm
A63: 45 | B63: =MID(H63,1,2)&MID(J63,1,2)&MID(L63,1,2)&MID(C63,1,2)&MID(M63,1,1)&MID(N63,1,1)&MID(O63,1,1)&MID(P63,1,3) -> 2040PuP | C63: Puerta | D63: 014104 | G63: =IF(H63<>"","H:","") -> H: | H63: 2000 | I63: =IF(J63<>"","W:","") -> W: | J63: 400 | K63: =IF(L63<>"","D:","") | N63: Plena | Q63: =IF(B63<>"",(C63&M63&N63&O63&P63&" / "&G63&H63&I63&J63&K63&L63&" mm"),"") -> Puerta Plena / H:2000W:400 mm
A64: 46 | B64: =MID(H64,1,2)&MID(J64,1,2)&MID(L64,1,2)&MID(C64,1,2)&MID(M64,1,1)&MID(N64,1,1)&MID(O64,1,1)&MID(P64,1,3) -> 2072PuP | C64: Puerta | D64: 014105 | G64: =IF(H64<>"","H:","") -> H: | H64: 2000 | I64: =IF(J64<>"","W:","") -> W: | J64: 720 | K64: =IF(L64<>"","D:","") | N64: Plena | Q64: =IF(B64<>"",(C64&M64&N64&O64&P64&" / "&G64&H64&I64&J64&K64&L64&" mm"),"") -> Puerta Plena / H:2000W:720 mm
A65: 47 | B65: =MID(H65,1,2)&MID(J65,1,2)&MID(L65,1,2)&MID(C65,1,2)&MID(M65,1,1)&MID(N65,1,1)&MID(O65,1,1)&MID(P65,1,3) -> 2080PuP | C65: Puerta | D65: 014106 | G65: =IF(H65<>"","H:","") -> H: | H65: 2000 | I65: =IF(J65<>"","W:","") -> W: | J65: 800 | K65: =IF(L65<>"","D:","") | N65: Plena | Q65: =IF(B65<>"",(C65&M65&N65&O65&P65&" / "&G65&H65&I65&J65&K65&L65&" mm"),"") -> Puerta Plena / H:2000W:800 mm
A66: 48 | B66: =MID(H66,1,2)&MID(J66,1,2)&MID(L66,1,2)&MID(C66,1,2)&MID(M66,1,1)&MID(N66,1,1)&MID(O66,1,1)&MID(P66,1,3) -> 2220PuP | C66: Puerta | D66: 014107 | G66: =IF(H66<>"","H:","") -> H: | H66: 2200 | I66: =IF(J66<>"","W:","") -> W: | J66: 200 | K66: =IF(L66<>"","D:","") | N66: Plena | Q66: =IF(B66<>"",(C66&M66&N66&O66&P66&" / "&G66&H66&I66&J66&K66&L66&" mm"),"") -> Puerta Plena / H:2200W:200 mm
A67: 49 | B67: =MID(H67,1,2)&MID(J67,1,2)&MID(L67,1,2)&MID(C67,1,2)&MID(M67,1,1)&MID(N67,1,1)&MID(O67,1,1)&MID(P67,1,3) -> 2240PuP | C67: Puerta | D67: 014108 | G67: =IF(H67<>"","H:","") -> H: | H67: 2200 | I67: =IF(J67<>"","W:","") -> W: | J67: 400 | K67: =IF(L67<>"","D:","") | N67: Plena | Q67: =IF(B67<>"",(C67&M67&N67&O67&P67&" / "&G67&H67&I67&J67&K67&L67&" mm"),"") -> Puerta Plena / H:2200W:400 mm
A68: 50 | B68: =MID(H68,1,2)&MID(J68,1,2)&MID(L68,1,2)&MID(C68,1,2)&MID(M68,1,1)&MID(N68,1,1)&MID(O68,1,1)&MID(P68,1,3) -> 2272PuP | C68: Puerta | D68: 014109 | G68: =IF(H68<>"","H:","") -> H: | H68: 2200 | I68: =IF(J68<>"","W:","") -> W: | J68: 720 | K68: =IF(L68<>"","D:","") | N68: Plena | Q68: =IF(B68<>"",(C68&M68&N68&O68&P68&" / "&G68&H68&I68&J68&K68&L68&" mm"),"") -> Puerta Plena / H:2200W:720 mm
A69: 51 | B69: =MID(H69,1,2)&MID(J69,1,2)&MID(L69,1,2)&MID(C69,1,2)&MID(M69,1,1)&MID(N69,1,1)&MID(O69,1,1)&MID(P69,1,3) -> 2280PuP | C69: Puerta | D69: 014110 | G69: =IF(H69<>"","H:","") -> H: | H69: 2200 | I69: =IF(J69<>"","W:","") -> W: | J69: 800 | K69: =IF(L69<>"","D:","") | N69: Plena | Q69: =IF(B69<>"",(C69&M69&N69&O69&P69&" / "&G69&H69&I69&J69&K69&L69&" mm"),"") -> Puerta Plena / H:2200W:800 mm
A70: 52 | B70: =MID(H70,1,2)&MID(J70,1,2)&MID(L70,1,2)&MID(C70,1,2)&MID(M70,1,1)&MID(N70,1,1)&MID(O70,1,1)&MID(P70,1,3) -> 1840PuCS_SE | C70: Puerta | D70: 014654 | G70: =IF(H70<>"","H:","") -> H: | H70: 1800 | I70: =IF(J70<>"","W:","") -> W: | J70: 400 | K70: =IF(L70<>"","D:","") | N70: Corte | O70: Sencillo | P70: _SE223*223 | Q70: =IF(B70<>"",(C70&M70&N70&O70&P70&" / "&G70&H70&I70&J70&K70&L70&" mm"),"") -> Puerta Corte Sencillo_SE223*223 / H:1800W:400 mm
A71: 53 | B71: =MID(H71,1,2)&MID(J71,1,2)&MID(L71,1,2)&MID(C71,1,2)&MID(M71,1,1)&MID(N71,1,1)&MID(O71,1,1)&MID(P71,1,3) -> 1872PuCS_SE | C71: Puerta | D71: 014655 | G71: =IF(H71<>"","H:","") -> H: | H71: 1800 | I71: =IF(J71<>"","W:","") -> W: | J71: 720 | K71: =IF(L71<>"","D:","") | N71: Corte | O71: Sencillo | P71: _SE223*223 | Q71: =IF(B71<>"",(C71&M71&N71&O71&P71&" / "&G71&H71&I71&J71&K71&L71&" mm"),"") -> Puerta Corte Sencillo_SE223*223 / H:1800W:720 mm
A72: 54 | B72: =MID(H72,1,2)&MID(J72,1,2)&MID(L72,1,2)&MID(C72,1,2)&MID(M72,1,1)&MID(N72,1,1)&MID(O72,1,1)&MID(P72,1,3) -> 2040PuCS_SE | C72: Puerta | D72: 014656 | G72: =IF(H72<>"","H:","") -> H: | H72: 2000 | I72: =IF(J72<>"","W:","") -> W: | J72: 400 | K72: =IF(L72<>"","D:","") | N72: Corte | O72: Sencillo | P72: _SE223*223 | Q72: =IF(B72<>"",(C72&M72&N72&O72&P72&" / "&G72&H72&I72&J72&K72&L72&" mm"),"") -> Puerta Corte Sencillo_SE223*223 / H:2000W:400 mm
A73: 55 | B73: =MID(H73,1,2)&MID(J73,1,2)&MID(L73,1,2)&MID(C73,1,2)&MID(M73,1,1)&MID(N73,1,1)&MID(O73,1,1)&MID(P73,1,3) -> 2072PuCS_SE | C73: Puerta | D73: 014657 | G73: =IF(H73<>"","H:","") -> H: | H73: 2000 | I73: =IF(J73<>"","W:","") -> W: | J73: 720 | K73: =IF(L73<>"","D:","") | N73: Corte | O73: Sencillo | P73: _SE223*223 | Q73: =IF(B73<>"",(C73&M73&N73&O73&P73&" / "&G73&H73&I73&J73&K73&L73&" mm"),"") -> Puerta Corte Sencillo_SE223*223 / H:2000W:720 mm
A74: 56 | B74: =MID(H74,1,2)&MID(J74,1,2)&MID(L74,1,2)&MID(C74,1,2)&MID(M74,1,1)&MID(N74,1,1)&MID(O74,1,1)&MID(P74,1,3) -> 2080PuCS_SE | C74: Puerta | D74: 014658 | G74: =IF(H74<>"","H:","") -> H: | H74: 2000 | I74: =IF(J74<>"","W:","") -> W: | J74: 800 | K74: =IF(L74<>"","D:","") | N74: Corte | O74: Sencillo | P74: _SE223*223 | Q74: =IF(B74<>"",(C74&M74&N74&O74&P74&" / "&G74&H74&I74&J74&K74&L74&" mm"),"") -> Puerta Corte Sencillo_SE223*223 / H:2000W:800 mm
A75: 57 | B75: =MID(H75,1,2)&MID(J75,1,2)&MID(L75,1,2)&MID(C75,1,2)&MID(M75,1,1)&MID(N75,1,1)&MID(O75,1,1)&MID(P75,1,3) -> 2240PuCS_SE | C75: Puerta | D75: 014659 | G75: =IF(H75<>"","H:","") -> H: | H75: 2200 | I75: =IF(J75<>"","W:","") -> W: | J75: 400 | K75: =IF(L75<>"","D:","") | N75: Corte | O75: Sencillo | P75: _SE223*223 | Q75: =IF(B75<>"",(C75&M75&N75&O75&P75&" / "&G75&H75&I75&J75&K75&L75&" mm"),"") -> Puerta Corte Sencillo_SE223*223 / H:2200W:400 mm
A76: 58 | B76: =MID(H76,1,2)&MID(J76,1,2)&MID(L76,1,2)&MID(C76,1,2)&MID(M76,1,1)&MID(N76,1,1)&MID(O76,1,1)&MID(P76,1,3) -> 2272PuCS_SE | C76: Puerta | D76: 014660 | G76: =IF(H76<>"","H:","") -> H: | H76: 2200 | I76: =IF(J76<>"","W:","") -> W: | J76: 720 | K76: =IF(L76<>"","D:","") | N76: Corte | O76: Sencillo | P76: _SE223*223 | Q76: =IF(B76<>"",(C76&M76&N76&O76&P76&" / "&G76&H76&I76&J76&K76&L76&" mm"),"") -> Puerta Corte Sencillo_SE223*223 / H:2200W:720 mm
A77: 59 | B77: =MID(H77,1,2)&MID(J77,1,2)&MID(L77,1,2)&MID(C77,1,2)&MID(M77,1,1)&MID(N77,1,1)&MID(O77,1,1)&MID(P77,1,3) -> 2280PuCS_SE | C77: Puerta | D77: 014661 | G77: =IF(H77<>"","H:","") -> H: | H77: 2200 | I77: =IF(J77<>"","W:","") -> W: | J77: 800 | K77: =IF(L77<>"","D:","") | N77: Corte | O77: Sencillo | P77: _SE223*223 | Q77: =IF(B77<>"",(C77&M77&N77&O77&P77&" / "&G77&H77&I77&J77&K77&L77&" mm"),"") -> Puerta Corte Sencillo_SE223*223 / H:2200W:800 mm
A78: 60 | B78: =MID(H78,1,2)&MID(J78,1,2)&MID(L78,1,2)&MID(C78,1,2)&MID(M78,1,1)&MID(N78,1,1)&MID(O78,1,1)&MID(P78,1,3) -> 1840PuCS_NG | C78: Puerta | D78: 014662 | G78: =IF(H78<>"","H:","") -> H: | H78: 1800 | I78: =IF(J78<>"","W:","") -> W: | J78: 400 | K78: =IF(L78<>"","D:","") | N78: Corte | O78: Sencillo | P78: _NG-229*229 | Q78: =IF(B78<>"",(C78&M78&N78&O78&P78&" / "&G78&H78&I78&J78&K78&L78&" mm"),"") -> Puerta Corte Sencillo_NG-229*229 / H:1800W:400 mm
A79: 61 | B79: =MID(H79,1,2)&MID(J79,1,2)&MID(L79,1,2)&MID(C79,1,2)&MID(M79,1,1)&MID(N79,1,1)&MID(O79,1,1)&MID(P79,1,3) -> 1872PuCS_NG | C79: Puerta | D79: 014663 | G79: =IF(H79<>"","H:","") -> H: | H79: 1800 | I79: =IF(J79<>"","W:","") -> W: | J79: 720 | K79: =IF(L79<>"","D:","") | N79: Corte | O79: Sencillo | P79: _NG-229*229 | Q79: =IF(B79<>"",(C79&M79&N79&O79&P79&" / "&G79&H79&I79&J79&K79&L79&" mm"),"") -> Puerta Corte Sencillo_NG-229*229 / H:1800W:720 mm
A80: 62 | B80: =MID(H80,1,2)&MID(J80,1,2)&MID(L80,1,2)&MID(C80,1,2)&MID(M80,1,1)&MID(N80,1,1)&MID(O80,1,1)&MID(P80,1,3) -> 2040PuCS_NG | C80: Puerta | D80: 014664 | G80: =IF(H80<>"","H:","") -> H: | H80: 2000 | I80: =IF(J80<>"","W:","") -> W: | J80: 400 | K80: =IF(L80<>"","D:","") | N80: Corte | O80: Sencillo | P80: _NG-229*229 | Q80: =IF(B80<>"",(C80&M80&N80&O80&P80&" / "&G80&H80&I80&J80&K80&L80&" mm"),"") -> Puerta Corte Sencillo_NG-229*229 / H:2000W:400 mm
A81: 63 | B81: =MID(H81,1,2)&MID(J81,1,2)&MID(L81,1,2)&MID(C81,1,2)&MID(M81,1,1)&MID(N81,1,1)&MID(O81,1,1)&MID(P81,1,3) -> 2072PuCS_NG | C81: Puerta | D81: 014665 | G81: =IF(H81<>"","H:","") -> H: | H81: 2000 | I81: =IF(J81<>"","W:","") -> W: | J81: 720 | K81: =IF(L81<>"","D:","") | N81: Corte | O81: Sencillo | P81: _NG-229*229 | Q81: =IF(B81<>"",(C81&M81&N81&O81&P81&" / "&G81&H81&I81&J81&K81&L81&" mm"),"") -> Puerta Corte Sencillo_NG-229*229 / H:2000W:720 mm
... A101: 83 | B101: =MID(H101,1,2)&MID(J101,1,2)&MID(L101,1,2)&MID(C101,1,2)&MID(M101,1,1)&MID(N101,1,1)&MID(O101,1,1)&MID(P101,1,3) -> 2280PuCS_NP | C101: Puerta | D101: 014685 | G101: =IF(H101<>"","H:","") -> H: | H101: 2200 | I101: =IF(J101<>"","W:","") -> W: | J101: 800 | K101: =IF(L101<>"","D:","") | N101: Corte | O101: Sencillo | P101: _NP-125*125 | Q101: =IF(B101<>"",(C101&M101&N101&O101&P101&" / "&G101&H101&I101&J101&K101&L101&" mm"),"") -> Puerta Corte Sencillo_NP-125*125 / H:2200W:800 mm
A102: 84 | B102: =MID(H102,1,2)&MID(J102,1,2)&MID(L102,1,2)&MID(C102,1,2)&MID(M102,1,1)&MID(N102,1,1)&MID(O102,1,1)&MID(P102,1,3) -> 1840PuV | C102: Puerta | D102: 014686 | G102: =IF(H102<>"","H:","") -> H: | H102: 1800 | I102: =IF(J102<>"","W:","") -> W: | J102: 400 | K102: =IF(L102<>"","D:","") | N102: Vidrio | Q102: =IF(B102<>"",(C102&M102&N102&O102&P102&" / "&G102&H102&I102&J102&K102&L102&" mm"),"") -> Puerta Vidrio / H:1800W:400 mm
A103: 85 | B103: =MID(H103,1,2)&MID(J103,1,2)&MID(L103,1,2)&MID(C103,1,2)&MID(M103,1,1)&MID(N103,1,1)&MID(O103,1,1)&MID(P103,1,3) -> 1872PuV | C103: Puerta | D103: 014687 | G103: =IF(H103<>"","H:","") -> H: | H103: 1800 | I103: =IF(J103<>"","W:","") -> W: | J103: 720 | K103: =IF(L103<>"","D:","") | N103: Vidrio | Q103: =IF(B103<>"",(C103&M103&N103&O103&P103&" / "&G103&H103&I103&J103&K103&L103&" mm"),"") -> Puerta Vidrio / H:1800W:720 mm
A104: 86 | B104: =MID(H104,1,2)&MID(J104,1,2)&MID(L104,1,2)&MID(C104,1,2)&MID(M104,1,1)&MID(N104,1,1)&MID(O104,1,1)&MID(P104,1,3) -> 2040PuV | C104: Puerta | D104: 014688 | G104: =IF(H104<>"","H:","") -> H: | H104: 2000 | I104: =IF(J104<>"","W:","") -> W: | J104: 400 | K104: =IF(L104<>"","D:","") | N104: Vidrio | Q104: =IF(B104<>"",(C104&M104&N104&O104&P104&" / "&G104&H104&I104&J104&K104&L104&" mm"),"") -> Puerta Vidrio / H:2000W:400 mm
A105: 87 | B105: =MID(H105,1,2)&MID(J105,1,2)&MID(L105,1,2)&MID(C105,1,2)&MID(M105,1,1)&MID(N105,1,1)&MID(O105,1,1)&MID(P105,1,3) -> 2072PuV | C105: Puerta | D105: 014689 | G105: =IF(H105<>"","H:","") -> H: | H105: 2000 | I105: =IF(J105<>"","W:","") -> W: | J105: 720 | K105: =IF(L105<>"","D:","") | N105: Vidrio | Q105: =IF(B105<>"",(C105&M105&N105&O105&P105&" / "&G105&H105&I105&J105&K105&L105&" mm"),"") -> Puerta Vidrio / H:2000W:720 mm
A106: 88 | B106: =MID(H106,1,2)&MID(J106,1,2)&MID(L106,1,2)&MID(C106,1,2)&MID(M106,1,1)&MID(N106,1,1)&MID(O106,1,1)&MID(P106,1,3) -> 2080PuV | C106: Puerta | D106: 014690 | G106: =IF(H106<>"","H:","") -> H: | H106: 2000 | I106: =IF(J106<>"","W:","") -> W: | J106: 800 | K106: =IF(L106<>"","D:","") | N106: Vidrio | Q106: =IF(B106<>"",(C106&M106&N106&O106&P106&" / "&G106&H106&I106&J106&K106&L106&" mm"),"") -> Puerta Vidrio / H:2000W:800 mm
A107: 89 | B107: =MID(H107,1,2)&MID(J107,1,2)&MID(L107,1,2)&MID(C107,1,2)&MID(M107,1,1)&MID(N107,1,1)&MID(O107,1,1)&MID(P107,1,3) -> 2240PuV | C107: Puerta | D107: 014691 | G107: =IF(H107<>"","H:","") -> H: | H107: 2200 | I107: =IF(J107<>"","W:","") -> W: | J107: 400 | K107: =IF(L107<>"","D:","") | N107: Vidrio | Q107: =IF(B107<>"",(C107&M107&N107&O107&P107&" / "&G107&H107&I107&J107&K107&L107&" mm"),"") -> Puerta Vidrio / H:2200W:400 mm
A108: 90 | B108: =MID(H108,1,2)&MID(J108,1,2)&MID(L108,1,2)&MID(C108,1,2)&MID(M108,1,1)&MID(N108,1,1)&MID(O108,1,1)&MID(P108,1,3) -> 2272PuV | C108: Puerta | D108: 014692 | G108: =IF(H108<>"","H:","") -> H: | H108: 2200 | I108: =IF(J108<>"","W:","") -> W: | J108: 720 | K108: =IF(L108<>"","D:","") | N108: Vidrio | Q108: =IF(B108<>"",(C108&M108&N108&O108&P108&" / "&G108&H108&I108&J108&K108&L108&" mm"),"") -> Puerta Vidrio / H:2200W:720 mm
A109: 91 | B109: =MID(H109,1,2)&MID(J109,1,2)&MID(L109,1,2)&MID(C109,1,2)&MID(M109,1,1)&MID(N109,1,1)&MID(O109,1,1)&MID(P109,1,3) -> 2280PuV | C109: Puerta | D109: 014693 | G109: =IF(H109<>"","H:","") -> H: | H109: 2200 | I109: =IF(J109<>"","W:","") -> W: | J109: 800 | K109: =IF(L109<>"","D:","") | N109: Vidrio | Q109: =IF(B109<>"",(C109&M109&N109&O109&P109&" / "&G109&H109&I109&J109&K109&L109&" mm"),"") -> Puerta Vidrio / H:2200W:800 mm
A110: 92 | B110: =MID(H110,1,2)&MID(J110,1,2)&MID(L110,1,2)&MID(C110,1,2)&MID(M110,1,1)&MID(N110,1,1)&MID(O110,1,1)&MID(P110,1,3) -> 1840PuCP_Pe | C110: Puerta | D110: 014694 | G110: =IF(H110<>"","H:","") -> H: | H110: 1800 | I110: =IF(J110<>"","W:","") -> W: | J110: 400 | K110: =IF(L110<>"","D:","") | N110: Corte | O110: Placa | P110: _Pequeña | Q110: =IF(B110<>"",(C110&M110&N110&O110&P110&" / "&G110&H110&I110&J110&K110&L110&" mm"),"") -> Puerta Corte Placa_Pequeña / H:1800W:400 mm
A111: 93 | B111: =MID(H111,1,2)&MID(J111,1,2)&MID(L111,1,2)&MID(C111,1,2)&MID(M111,1,1)&MID(N111,1,1)&MID(O111,1,1)&MID(P111,1,3) -> 1872PuCP_Pe | C111: Puerta | D111: 014695 | G111: =IF(H111<>"","H:","") -> H: | H111: 1800 | I111: =IF(J111<>"","W:","") -> W: | J111: 720 | K111: =IF(L111<>"","D:","") | N111: Corte | O111: Placa | P111: _Pequeña | Q111: =IF(B111<>"",(C111&M111&N111&O111&P111&" / "&G111&H111&I111&J111&K111&L111&" mm"),"") -> Puerta Corte Placa_Pequeña / H:1800W:720 mm
A112: 94 | B112: =MID(H112,1,2)&MID(J112,1,2)&MID(L112,1,2)&MID(C112,1,2)&MID(M112,1,1)&MID(N112,1,1)&MID(O112,1,1)&MID(P112,1,3) -> 2040PuCP_Pe | C112: Puerta | D112: 014696 | G112: =IF(H112<>"","H:","") -> H: | H112: 2000 | I112: =IF(J112<>"","W:","") -> W: | J112: 400 | K112: =IF(L112<>"","D:","") | N112: Corte | O112: Placa | P112: _Pequeña | Q112: =IF(B112<>"",(C112&M112&N112&O112&P112&" / "&G112&H112&I112&J112&K112&L112&" mm"),"") -> Puerta Corte Placa_Pequeña / H:2000W:400 mm
A113: 95 | B113: =MID(H113,1,2)&MID(J113,1,2)&MID(L113,1,2)&MID(C113,1,2)&MID(M113,1,1)&MID(N113,1,1)&MID(O113,1,1)&MID(P113,1,3) -> 2072PuCP_Pe | C113: Puerta | D113: 014697 | G113: =IF(H113<>"","H:","") -> H: | H113: 2000 | I113: =IF(J113<>"","W:","") -> W: | J113: 720 | K113: =IF(L113<>"","D:","") | N113: Corte | O113: Placa | P113: _Pequeña | Q113: =IF(B113<>"",(C113&M113&N113&O113&P113&" / "&G113&H113&I113&J113&K113&L113&" mm"),"") -> Puerta Corte Placa_Pequeña / H:2000W:720 mm
A114: 96 | B114: =MID(H114,1,2)&MID(J114,1,2)&MID(L114,1,2)&MID(C114,1,2)&MID(M114,1,1)&MID(N114,1,1)&MID(O114,1,1)&MID(P114,1,3) -> 2080PuCP_Pe | C114: Puerta | D114: 014698 | G114: =IF(H114<>"","H:","") -> H: | H114: 2000 | I114: =IF(J114<>"","W:","") -> W: | J114: 800 | K114: =IF(L114<>"","D:","") | N114: Corte | O114: Placa | P114: _Pequeña | Q114: =IF(B114<>"",(C114&M114&N114&O114&P114&" / "&G114&H114&I114&J114&K114&L114&" mm"),"") -> Puerta Corte Placa_Pequeña / H:2000W:800 mm
A115: 97 | B115: =MID(H115,1,2)&MID(J115,1,2)&MID(L115,1,2)&MID(C115,1,2)&MID(M115,1,1)&MID(N115,1,1)&MID(O115,1,1)&MID(P115,1,3) -> 2240PuCP_Pe | C115: Puerta | D115: 014699 | G115: =IF(H115<>"","H:","") -> H: | H115: 2200 | I115: =IF(J115<>"","W:","") -> W: | J115: 400 | K115: =IF(L115<>"","D:","") | N115: Corte | O115: Placa | P115: _Pequeña | Q115: =IF(B115<>"",(C115&M115&N115&O115&P115&" / "&G115&H115&I115&J115&K115&L115&" mm"),"") -> Puerta Corte Placa_Pequeña / H:2200W:400 mm
A116: 98 | B116: =MID(H116,1,2)&MID(J116,1,2)&MID(L116,1,2)&MID(C116,1,2)&MID(M116,1,1)&MID(N116,1,1)&MID(O116,1,1)&MID(P116,1,3) -> 2272PuCP_Pe | C116: Puerta | D116: 014700 | G116: =IF(H116<>"","H:","") -> H: | H116: 2200 | I116: =IF(J116<>"","W:","") -> W: | J116: 720 | K116: =IF(L116<>"","D:","") | N116: Corte | O116: Placa | P116: _Pequeña | Q116: =IF(B116<>"",(C116&M116&N116&O116&P116&" / "&G116&H116&I116&J116&K116&L116&" mm"),"") -> Puerta Corte Placa_Pequeña / H:2200W:720 mm
A117: 99 | B117: =MID(H117,1,2)&MID(J117,1,2)&MID(L117,1,2)&MID(C117,1,2)&MID(M117,1,1)&MID(N117,1,1)&MID(O117,1,1)&MID(P117,1,3) -> 2280PuCP_Pe | C117: Puerta | D117: 014701 | G117: =IF(H117<>"","H:","") -> H: | H117: 2200 | I117: =IF(J117<>"","W:","") -> W: | J117: 800 | K117: =IF(L117<>"","D:","") | N117: Corte | O117: Placa | P117: _Pequeña | Q117: =IF(B117<>"",(C117&M117&N117&O117&P117&" / "&G117&H117&I117&J117&K117&L117&" mm"),"") -> Puerta Corte Placa_Pequeña / H:2200W:800 mm
A118: 100 | B118: =MID(H118,1,2)&MID(J118,1,2)&MID(L118,1,2)&MID(C118,1,2)&MID(M118,1,1)&MID(N118,1,1)&MID(O118,1,1)&MID(P118,1,3) -> 1840PuCP_Me | C118: Puerta | D118: 014702 | G118: =IF(H118<>"","H:","") -> H: | H118: 1800 | I118: =IF(J118<>"","W:","") -> W: | J118: 400 | K118: =IF(L118<>"","D:","") | N118: Corte | O118: Placa | P118: _Mediana | Q118: =IF(B118<>"",(C118&M118&N118&O118&P118&" / "&G118&H118&I118&J118&K118&L118&" mm"),"") -> Puerta Corte Placa_Mediana / H:1800W:400 mm
A119: 101 | B119: =MID(H119,1,2)&MID(J119,1,2)&MID(L119,1,2)&MID(C119,1,2)&MID(M119,1,1)&MID(N119,1,1)&MID(O119,1,1)&MID(P119,1,3) -> 1872PuCP_Me | C119: Puerta | D119: 014703 | G119: =IF(H119<>"","H:","") -> H: | H119: 1800 | I119: =IF(J119<>"","W:","") -> W: | J119: 720 | K119: =IF(L119<>"","D:","") | N119: Corte | O119: Placa | P119: _Mediana | Q119: =IF(B119<>"",(C119&M119&N119&O119&P119&" / "&G119&H119&I119&J119&K119&L119&" mm"),"") -> Puerta Corte Placa_Mediana / H:1800W:720 mm
...

Sheet Portada
C1: Alto : | I1: H | J1: =MID(K1,1,2) -> 20 | K1: 2000
C2: Ancho : | I2: W | J2: =MID(K2,1,2) -> 72 | K2: 720
C3: Profundo: | I3: D | J3: =MID(K3,1,2) -> 60 | K3: 600
C4: IP: | K4: 30
E5: Categoria | F5: Criterio5 | G5: Criterio1 | H5: Criterio2 | I5: Criterio3 | J5: CodigoB | K5: Codigo
C6: 1.1.1. | D6: Marco | E6: Ma | F6: =J1&J2&J3 -> 207260 | J6: =F6&E6&MID(G6,1,1)&MID(H6,1,1)&MID(I6,1,3) -> 207260Ma | K6: =VLOOKUP(J6,BD!$B$6:$F$426,3,FALSE) -> 017019 | M6: Puerta | O6: Panel Lateral | Q6: Panel Posterior
C7: 1.1.2. | D7: Puerta/Marco liso | E7: Pu | F7: =J1&J2 -> 2072 | G7: Vidrio | J7: =F7&E7&MID(G7,1,1)&MID(H7,1,1)&MID(I7,1,3) -> 2072PuV | K7: =VLOOKUP(J7,BD!$B$6:$F$426,3,FALSE) -> 014689 | M7: Plena | O7: Plena | Q7: Pleno
C8: 1.1.3. | D8: Kit paneles laterales | E8: PaL | F8: =J1&J3 -> 2060 | G8: Corte | H8: Sencillo | I8: _NP | J8: =F8&E8&MID(G8,1,1)&MID(H8,1,1)&MID(I8,1,3) -> 2060PaLCS_NP | K8: =VLOOKUP(J8,BD!$B$6:$F$426,3,FALSE) -> 014617 | M8: Vidrio
C9: 1.1.4. | D9: Panel posterior | E9: PaP | F9: =J1&J2 -> 2072 | G9: Corte | H9: Doble | I9: _SE | J9: =F9&E9&MID(G9,1,1)&MID(H9,1,1)&MID(I9,1,3) -> 2072PaPCD_SE | K9: =VLOOKUP(J9,BD!$B$6:$F$426,3,FALSE) -> 014512 | M9: Corte Sencillo | N9: _SE | O9: Corte Sencillo | P9: _SE | Q9: Corte Sencillo | R9: _SE
C10: 1.1.5. | D10: Panel superior | E10: Pa | F10: =J2&J3 -> 7260 | G10: Superior | J10: =F10&E10&MID(G10,1,1)&MID(H10,1,1)&MID(I10,1,3) -> 7260PaS | K10: =VLOOKUP(J10,BD!$B$6:$F$426,3,FALSE) -> 010057 | N10: _NP | P10: _NP | R10: _NP
C11: 1.1.6. | D11: Base inferior | E11: Ba | F11: =J2&J3 -> 7260 | G11: Estructural | J11: =F11&E11&MID(G11,1,1)&MID(H11,1,1)&MID(I11,1,3) -> 7260BaE | K11: =VLOOKUP(J11,BD!$B$6:$F$426,3,FALSE) -> 015007 | N11: _NM | P11: _NM | R11: _NM
C12: 1.1.7. | D12: Kit tapa zocalos laterales | E12: Zo | F12: =J3 -> 60 | G12: Laterales | J12: =F12&E12&MID(G12,1,1)&MID(H12,1,1)&MID(I12,1,3) -> 60ZoL | K12: =VLOOKUP(J12,BD!$B$6:$F$426,3,FALSE) -> 010177 | N12: _NG | P12: _NG | R12: _NG
C13: 1.1.8. | D13: Kit tapa zocalos Frontales | E13: Zo | F13: =J2 -> 72 | G13: Frontales | J13: =F13&E13&MID(G13,1,1)&MID(H13,1,1)&MID(I13,1,3) -> 72ZoF | K13: =VLOOKUP(J13,BD!$B$6:$F$426,3,FALSE) -> 010178 | M13: Corte Doble | N13: _SE | Q13: Corte Doble | R13: _SE
C14: 1.1.9. | D14: Pane linferior | E14: Pa | F14: =J2&J3 -> 7260 | G14: Inferior | J14: =F14&E14&MID(G14,1,1)&MID(H14,1,1)&MID(I14,1,3) -> 7260PaI | K14: =VLOOKUP(J14,BD!$B$6:$F$426,3,FALSE) -> 014257 | N14: _NP | R14: _NP
C15: 1.1.10. | D15: Paral interno vertical total | E15: PaIV | F15: =J1 -> 20 | G15: Total | J15: =F15&E15&MID(G15,1,1)&MID(H15,1,1)&MID(I15,1,3) -> 20PaIVT | K15: =VLOOKUP(J15,BD!$B$6:$F$426,3,FALSE) -> 014153 | N15: _NM | R15: _NM
C16: 1.1.11. | D16: Paral interno vertical intermedio | E16: PaI | F16: 600 | G16: Vertical | J16: =MID(F16,1,2)&E16&MID(G16,1,1)&MID(H16,1,1)&MID(I16,1,3) -> 60PaIV | K16: =VLOOKUP(J16,BD!$B$6:$F$426,3,FALSE) -> 014150 | N16: _NG | R16: _NG
C17: 1.1.12. | D17: Paral interno horizontal | E17: PaI | F17: 600 | G17: Horizontal | J17: =MID(F17,1,2)&E17&MID(G17,1,1)&MID(H17,1,1)&MID(I17,1,3) -> 60PaIH | K17: =VLOOKUP(J17,BD!$B$6:$F$426,3,FALSE) -> 10285 | M17: Corte Placa | N17: _Pe
C18: 1.1.13. | D18: Ducto de cables | E18: DuC | F18: =J2 -> 72 | J18: =F18&E18&MID(G18,1,1)&MID(H18,1,1)&MID(I18,1,3) -> 72DuC | K18: =VLOOKUP(J18,BD!$B$6:$F$426,3,FALSE) -> 014301 | N18: _Me
C19: 1.1.14. | D19: Kit union posterior | E19: Ki | G19: Union | H19: Posterior | J19: =F19&E19&MID(G19,1,1)&MID(H19,1,1)&MID(I19,1,3) -> KiUP | K19: =VLOOKUP(J19,BD!$B$6:$F$426,3,FALSE) -> 012000 | N19: _Gr
C20: 1.1.15. | D20: Segregación frontal* | E20: Se | F20: =J1&J2 -> 2072 | G20: Frontales | J20: =F20&E20&MID(G20,1,1)&MID(H20,1,1)&MID(I20,1,3) -> 2072SeF | K20: =VLOOKUP(J20,BD!$B$6:$F$426,3,FALSE) -> #N/A
C22: 1.2.1. | D22: Hablador | J22: =F22&E22&MID(G22,1,1)&MID(H22,1,1)&MID(I22,1,3) | K22: SinReferencia
C23: 1.2.2. | D23: Kit de cancamos | E23: CaE | J23: =F23&E23&MID(G23,1,1)&MID(H23,1,1)&MID(I23,1,3) -> CaE | K23: =VLOOKUP(J23,BD!$B$6:$F$426,3,FALSE) -> 014501
C24: 1.2.3. | D24: Angulo de izaje | E24: AnI | J24: =F24&E24&MID(G24,1,1)&MID(H24,1,1)&MID(I24,1,3) -> AnI | K24: =VLOOKUP(J24,BD!$B$6:$F$426,3,FALSE) -> 014502
C25: 1.2.4. | D25: Grua | J25: =F25&E25&MID(G25,1,1)&MID(H25,1,1)&MID(I25,1,3) | K25: SinReferencia
C27: 1.3.1. | D27: Cubierta para modulo | K27: SinReferencia
C28: 1.3.2. | D28: Cubierta para ventilación | K28: SinReferencia
C29: 1.4.1. | D29: Cubierta de ventilación | K29: SinReferencia
C30: 1.4.2. | D30: Segregación | K30: SinReferencia
C32: 1.5.1. | D32: Cubierta de ventilación | J32: =F32&E32&MID(G32,1,1)&MID(H32,1,1)&MID(I32,1,3) | K32: =VLOOKUP(J32,BD!$B$6:$F$426,3,FALSE) -> 0
C33: 1.5.2. | D33: Accesorio de poste | K33: SinReferencia
C34: 1.5.3. | D34: Accesorio de muro | K34: SinReferencia
C35: 1.5.4. | D35: Segregación | K35: SinReferencia
C36: 1.6.1. | D36: Placa para modulo | E36: PlM | G36: Grande | J36: =F36&E36&MID(G36,1,1)&MID(H36,1,1)&MID(I36,1,3) -> PlMG | K36: =VLOOKUP(J36,BD!$B$6:$F$426,3,FALSE) -> 013202
C37: 1.6.2. | D37: Tapa del modulo | E37: TaM | G37: PM6 | J37: =F37&E37&MID(G37,1,3)&MID(H37,1,3)&MID(I37,1,3) -> TaMPM6 | K37: =VLOOKUP(J37,BD!$B$6:$F$426,3,FALSE) -> 012111

Sheet Formato
B2: Alto : | D2: 2000 | E2: =MID(D2,1,2) -> 20 | I2: Codigo de pedido
B3: Ancho : | D3: 720 | E3: =MID(D3,1,2) -> 72
B4: Profundo: | D4: 600 | E4: =MID(D4,1,2) -> 60
B5: IP: | D5: 30
B6: 1.1.1. | C6: Marco | E6: =E2&E3&E4 -> 207260 | F6: Ma | H6: =E6&F6&G6 -> 207260Ma | I6: =IFERROR(VLOOKUP(H6,BD!$B$6:$F$426,3,FALSE),"") -> 017019
B7: 1.1.2. | C7: Puerta/Marco liso | D7: CortePlacaGrande | E7: =E2&E3 -> 2072 | F7: Pu | G7: {=_xlfn.IFS(D7="Plena","P",D7="CortePlacaPequeña","CP_Pe",D7="CortePlacaMediana","CP_ME",D7="CortePlacaGrande","CP_Gr",D7="CorteSencillo_Schneider","CS_SE",D7="CorteSencilloNatural_Pequeño","CS_NP",D7="CorteSencilloNatural_Mediano","CS_NM",D7="CorteSencilloNatural_Grande","CS_NG",D7="CorteDoble_Schneider","CD_SE",D7="CorteDobleNatural_Pequeño","CD_NP",D7="CorteDobleNatural_Mediano","CD_NM",D7="CorteDobleNatural_Grande","CD_NG",D7="Vidrio","V",D7="MarcoLiso","MaL")} -> CP_Gr | H7: =IF(G7="MaL",E7&G7,E7&F7&G7) -> 2072PuCP_Gr | I7: =IFERROR(VLOOKUP(H7,BD!$B$6:$F$426,3,FALSE),"") -> 014116 | R7: Plena | S7: P | T7: Pleno | V7: Pleno
B8: 1.1.3. | C8: Kit paneles laterales | D8: Pleno | E8: =E2&E4 -> 2060 | F8: PaL | G8: {=_xlfn.IFS(D8="Pleno","P",D8="CorteSencillo_Schneider","CS_SE",D8="CorteSencilloNatural_Pequeño","CS_NP",D8="CorteSencilloNatural_Mediano","CS_NM",D8="CorteSencilloNatural_Grande","CS_NG")} -> P | H8: =E8&F8&G8 -> 2060PaLP | I8: =IFERROR(VLOOKUP(H8,BD!$B$6:$F$426,3,FALSE),"") -> 014029 | R8: CortePlacaPequeña | S8: CP_Pe | T8: CorteSencillo_Schneider | U8: CS_SE | V8: CorteSencillo_Schneider | W8: CS_SE
B9: 1.1.4. | C9: Panel posterior | D9: Pleno | E9: =E2&E3 -> 2072 | F9: PaP | G9: {=_xlfn.IFS(D9="Pleno","P",D9="CorteSencillo_Schneider","CS_SE",D9="CorteSencilloNatural_Pequeño","CS_NP",D9="CorteSencilloNatural_Mediano","CS_NM",D9="CorteSencilloNatural_Grande","CS_NG",D9="CorteDoble_Schneider","CD_SE",D9="CorteDobleNatural_Pequeño","CD_NP",D9="CorteDobleNatural_Mediano","CD_NM",D9="CorteDobleNatural_Grande","CD_NG")} -> P | H9: =E9&F9&G9 -> 2072PaPP | I9: =IFERROR(VLOOKUP(H9,BD!$B$6:$F$426,3,FALSE),"") -> 014056 | R9: CortePlacaMediana | S9: CP_ME | T9: CorteSencilloNatural_Pequeño | U9: CS_NP | V9: CorteSencilloNatural_Pequeño | W9: CS_NP
B10: 1.1.5. | C10: Panel superior | E10: =E3&E4 -> 7260 | F10: PaS | H10: =E10&F10&G10 -> 7260PaS | I10: =IFERROR(VLOOKUP(H10,BD!$B$6:$F$426,3,FALSE),"") -> 010057 | R10: CortePlacaGrande | S10: CP_Gr | T10: CorteSencilloNatural_Mediano | U10: CS_NM | V10: CorteSencilloNatural_Mediano | W10: CS_NM
B11: 1.1.6. | C11: Base inferior | D11: Zocalo | E11: =E3&E4 -> 7260 | F11: Ba | G11: {=_xlfn.IFS(D11="Zocalo","Z",D11="Estructural","E",D11="Estructural_H400mm","EH4")} -> Z | H11: =E11&F11&G11 -> 7260BaZ | I11: =IFERROR(IF(D11="Zocalo",VLOOKUP(J11,BD!$B$6:$F$426,3,FALSE),VLOOKUP(H11,BD!$B$6:$F$426,3,FALSE)),"") -> 014500 | J11: =IF(D11="Zocalo",(F11&G11),"") -> BaZ | R11: CorteSencillo_Schneider | S11: CS_SE | T11: CorteSencilloNatural_Grande | U11: CS_NG | V11: CorteSencilloNatural_Grande | W11: CS_NG
B12: 1.1.7. | C12: Kit tapa zocalos laterales | E12: =E4 -> 60 | F12: ZoL | H12: =E12&F12&G12 -> 60ZoL | I12: =IFERROR(VLOOKUP(H12,BD!$B$6:$F$426,3,FALSE),"") -> 010177 | R12: CorteSencilloNatural_Pequeño | S12: CS_NP | V12: CorteDoble_Schneider | W12: CD_SE
B13: 1.1.8. | C13: Kit tapa zocalos Frontales | E13: =E3 -> 72 | F13: ZoF | H13: =E13&F13&G13 -> 72ZoF | I13: =IFERROR(VLOOKUP(H13,BD!$B$6:$F$426,3,FALSE),"") -> 010178 | R13: CorteSencilloNatural_Mediano | S13: CS_NM | V13: CorteDobleNatural_Pequeño | W13: CD_NP
B14: 1.1.9. | C14: Pane linferior | E14: =E3&E4 -> 7260 | F14: PaI | H14: =E14&F14&G14 -> 7260PaI | I14: =IFERROR(VLOOKUP(H14,BD!$B$6:$F$426,3,FALSE),"") -> 014257 | R14: CorteSencilloNatural_Grande | S14: CS_NG | V14: CorteDobleNatural_Mediano | W14: CD_NM
B15: 1.1.10. | C15: Paral interno vertical total | E15: =E2 -> 20 | F15: PaIVT | H15: =E15&F15&G15 -> 20PaIVT | I15: =IFERROR(VLOOKUP(H15,BD!$B$6:$F$426,3,FALSE),"") -> 014153 | R15: CorteDoble_Schneider | S15: CD_SE | V15: CorteDobleNatural_Grande | W15: CD_NG
B16: 1.1.11. | C16: Paral interno vertical intermedio | F16: PaIVI | H16: =E16&F16&G16 -> PaIVI | I16: =IFERROR(VLOOKUP(H16,BD!$B$6:$F$426,3,FALSE),"") | R16: CorteDobleNatural_Pequeño | S16: CD_NP
B17: 1.1.12. | C17: Paral interno horizontal | E17: =E4 -> 60 | F17: PaIH | H17: =E17&F17&G17 -> 60PaIH | I17: =IFERROR(VLOOKUP(H17,BD!$B$6:$F$426,3,FALSE),"") -> 10285 | R17: CorteDobleNatural_Mediano | S17: CD_NM
B18: 1.1.13. | C18: Ducto de cables | E18: =E3 -> 72 | F18: DuC | H18: =E18&F18&G18 -> 72DuC | I18: =IFERROR(VLOOKUP(H18,BD!$B$6:$F$426,3,FALSE),"") -> 014301 | R18: CorteDobleNatural_Grande | S18: CD_NG
B19: 1.1.14. | C19: Kit union posterior | D19: Si | F19: KiUP | H19: =E19&F19&G19 -> KiUP | I19: =IF(D19="Si",VLOOKUP(H19,BD!$B$6:$F$426,3,FALSE),"") -> 012000 | R19: Vidrio | S19: V
B20: 1.1.15. | C20: Segregación frontal* | E20: =E2&E3 -> 2072 | F20: SeF | H20: =E20&F20&G20 -> 2072SeF | I20: =IFERROR(VLOOKUP(H20,BD!$B$6:$F$426,3,FALSE),"") | R20: MarcoLiso | S20: MaL
B22: 1.2.1. | C22: Hablador | H22: =E22&F22&G22 | I22: SinReferencia
B23: 1.2.2. | C23: Kit de cancamos | D23: Si | F23: CaE | H23: =E23&F23&G23 -> CaE | I23: =IF(D23="Si",VLOOKUP(H23,BD!$B$6:$F$426,3,FALSE),"") -> 014501
B24: 1.2.3. | C24: Angulo de izaje | D24: No | F24: AnI | H24: =E24&F24&G24 -> AnI | I24: =IF(D24="Si",VLOOKUP(H24,BD!$B$6:$F$426,3,FALSE),"")
B25: 1.2.4. | C25: Grua | H25: =E25&F25&G25 | I25: SinReferencia
B26: 1.2.5. | C26: Techo | H26: =E26&F26&G26 | I26: SinReferencia
B28: 1.3.1. | C28: Cubierta para modulo | I28: SinReferencia
B29: 1.3.2. | C29: Cubierta para ventilación | I29: SinReferencia
B30: 1.4.1. | C30: Cubierta de ventilación | I30: SinReferencia
B31: 1.4.2. | C31: Segregación | I31: SinReferencia
B33: 1.5.1. | C33: Cubierta de ventilación | H33: - | I33: =IFERROR(VLOOKUP(H33,BD!$B$6:$F$426,3,FALSE),"")
B34: 1.5.2. | C34: Accesorio de poste | I34: SinReferencia
B35: 1.5.3. | C35: Accesorio de muro | I35: SinReferencia
B36: 1.5.4. | C36: Segregación | I36: SinReferencia
B37: 1.6.1. | C37: Placa para modulo | D37: Grande | F37: PlM | G37: {=_xlfn.IFS(D37="Pequeña","P",D37="Mediana","M",D37="Grande","G")} -> G | H37: =E37&F37&G37 -> PlMG | I37: =IFERROR(VLOOKUP(H37,BD!$B$6:$F$426,3,FALSE),"") -> 013202
B38: 1.6.2. | C38: Tapa del modulo | D38: ATS | F38: TaM | G38: {=_xlfn.IFS(D38="ATS","ATS",D38="PM + 6 Perforaciones","PM6")} -> ATS | H38: =E38&F38&G38 -> TaMATS | I38: =IFERROR(VLOOKUP(H38,BD!$B$6:$F$426,3,FALSE),"") -> 012110

Sheet ANEXOS
B1: #VALUE!
AG2: © Industrias CTS S.A.S. – Todos los derechos reservados. Prohíbida su reproducción sin autorización expresa de la compañía.
AN18: #VALUE!
AG40: © Industrias CTS S.A.S. – Todos los derechos reservados. Prohíbida su reproducción sin autorización expresa de la compañía.
C42: #VALUE! | BG42: #VALUE!
F43: T-Power NEO | AJ43: T-Power NEO
F44: Catalogo de Producto | AJ44: Catalogo de Producto
AF45: © Industrias CTS S.A.S. – Todos los derechos reservados. Prohíbida su reproducción sin autorización expresa de la compañía.
B46: B | D46: Envolventes | AH46: Envolventes | BI46: B
E47: T-Power NEO | AH47: T-Power NEO
C49: Caracteristicas | M49: Marco | P49: Puerta Plena | S49: Panel Lateral | V49: Panel Posterior | Y49: Panel Superior | AB49: Base Inferior | AG49: Kit Zocalo | AJ49: Tapa Zocalo Lateral | AM49: Tapa Zocalo Frontal | AP49: Panel Inferior | AS49: Paral interno Vertical | AV49: Paral Iterno Horizontal | AY49: Ducto de cables | BB49: Kit Union Posterior | BE49: Segregacion Frontal Barraje
C50: +NB | D50: 200 mm | F50: +NL | G50: 800 mm | J50: H1 | K50: 1800 mm | M50: #VALUE! | P50: #VALUE! | S50: #VALUE! | V50: #VALUE! | Y50: #VALUE! | AB50: #VALUE! | AJ50: #VALUE! | AM50: #VALUE! | AP50: #VALUE! | AS50: #VALUE! | AV50: #VALUE! | AY50: #VALUE! | BF50: #VALUE!
C51: +NI | D51: 400 mm | F51: +NE* | G51: 1120 mm | J51: H2 | K51: 2000 mm
C52: +NE | D52: 720 mm | J52: H3 | K52: 2200 mm
B53: D1 = 400 mm | C53: +NB | E53: Columna de Barraje (VBB) | L53: H1 | M53: 017000 | P53: 014100 | Q53: 014100 | R53: 014100 | S53: 014025 | T53: 014025 | U53: 014025 | V53: 014050 | W53: 014050 | X53: 014050 | Y53: 010050 | Z53: 010050 | AA53: 010050 | AB53: 150000 | AC53: 150000 | AD53: 150000 | AG53: 14500 | AH53: 14500 | AI53: 14500 | AJ53: 010176 | AK53: 010176 | AL53: 010176 | AM53: 010175 | AN53: 010175 | AO53: 010175 | AP53: 014250 | AQ53: 014250 | AR53: 014250 | AS53: 014152 | AT53: 014152 | AU53: 014152 | AV53: - | AY53: - | AZ53: - | BA53: - | BB53: 12000 | BC53: 12000 | BD53: 12000 | BE53: Pte | BH53: H1 | BI53: D1 = 400 mm
L54: H2 | M54: 017012 | P54: 014103 | Q54: 014103 | R54: 014103 | S54: 014028 | T54: 014028 | U54: 014028 | V54: 014054 | W54: 014054 | X54: 014054 | Y54: 010050 | Z54: 010050 | AA54: 010050 | AB54: 150000 | AC54: 150000 | AD54: 150000 | AG54: 14500 | AH54: 14500 | AI54: 14500 | AJ54: 010176 | AK54: 010176 | AL54: 010176 | AM54: 010175 | AN54: 010175 | AO54: 010175 | AP54: 014250 | AQ54: 014250 | AR54: 014250 | AS54: 014153 | AT54: 014153 | AU54: 014153 | AV54: - | AY54: - | AZ54: - | BA54: - | BB54: 12000 | BC54: 12000 | BD54: 12000 | BE54: Pte | BH54: H2
L55: H3 | M55: 017026 | P55: 014107 | Q55: 014107 | R55: 014107 | S55: 014031 | T55: 014031 | U55: 014031 | V55: 014059 | W55: 014059 | X55: 014059 | Y55: 010050 | Z55: 010050 | AA55: 010050 | AB55: 150000 | AC55: 150000 | AD55: 150000 | AG55: 14500 | AH55: 14500 | AI55: 14500 | AJ55: 010176 | AK55: 010176 | AL55: 010176 | AM55: 010175 | AN55: 010175 | AO55: 010175 | AP55: 014250 | AQ55: 014250 | AR55: 014250 | AS55: 014154 | AT55: 014154 | AU55: 014154 | AV55: - | AY55: - | AZ55: - | BA55: - | BB55: 12000 | BC55: 12000 | BD55: 12000 | BE55: Pte | BH55: H3
C56: +NI | E56: Columna de Integración | L56: H1 | M56: 017001 | P56: 014101 | Q56: 014101 | R56: 014101 | S56: 014025 | T56: 014025 | U56: 014025 | V56: 014051 | W56: 014051 | X56: 014051 | Y56: 010053 | Z56: 010053 | AA56: 010053 | AB56: 150003 | AC56: 150003 | AD56: 150003 | AG56: 14500 | AH56: 14500 | AI56: 14500 | AJ56: 010176 | AK56: 010176 | AL56: 010176 | AM56: 010176 | AN56: 010176 | AO56: 010176 | AP56: 014253 | AQ56: 014253 | AR56: 014253 | AS56: 014152 | AT56: 014152 | AU56: 014152 | AV56: - | AY56: 014300 | AZ56: 014300 | BA56: 014300 | BB56: 12000 | BC56: 12000 | BD56: 12000 | BE56: Pte | BH56: H1
L57: H2 | M57: 017013 | P57: 014104 | Q57: 014104 | R57: 014104 | S57: 014028 | T57: 014028 | U57: 014028 | V57: 014055 | W57: 014055 | X57: 014055 | Y57: 010053 | Z57: 010053 | AA57: 010053 | AB57: 150003 | AC57: 150003 | AD57: 150003 | AG57: 14500 | AH57: 14500 | AI57: 14500 | AJ57: 010176 | AK57: 010176 | AL57: 010176 | AM57: 010176 | AN57: 010176 | AO57: 010176 | AP57: 014253 | AQ57: 014253 | AR57: 014253 | AS57: 014153 | AT57: 014153 | AU57: 014153 | AV57: - | AY57: 014300 | AZ57: 014300 | BA57: 014300 | BB57: 12000 | BC57: 12000 | BD57: 12000 | BE57: Pte | BH57: H2
L58: H3 | M58: 017027 | P58: 014108 | Q58: 014108 | R58: 014108 | S58: 014031 | T58: 014031 | U58: 014031 | V58: 014060 | W58: 014060 | X58: 014060 | Y58: 010053 | Z58: 010053 | AA58: 010053 | AB58: 150003 | AC58: 150003 | AD58: 150003 | AG58: 14500 | AH58: 14500 | AI58: 14500 | AJ58: 010176 | AK58: 010176 | AL58: 010176 | AM58: 010176 | AN58: 010176 | AO58: 010176 | AP58: 014253 | AQ58: 014253 | AR58: 014253 | AS58: 014154 | AT58: 014154 | AU58: 014154 | AV58: - | AY58: 014300 | AZ58: 014300 | BA58: 014300 | BB58: 12000 | BC58: 12000 | BD58: 12000 | BE58: Pte | BH58: H3
C59: +NE | E59: Columna de Equipos | L59: H1 | M59: 017002 | P59: 014102 | Q59: 014102 | R59: 014102 | S59: 014025 | T59: 014025 | U59: 014025 | V59: 014052 | W59: 014052 | X59: 014052 | Y59: 010056 | Z59: 010056 | AA59: 010056 | AB59: 150006 | AC59: 150006 | AD59: 150006 | AE59: © Industrias CTS S.A.S. – Todos los derechos reservados. Prohíbida su reproducción sin autorización expresa de la compañía. | AG59: 14500 | AH59: 14500 | AI59: 14500 | AJ59: 010176 | AK59: 010176 | AL59: 010176 | AM59: 010178 | AN59: 010178 | AO59: 010178 | AP59: 014256 | AQ59: 014256 | AR59: 014256 | AS59: 014152 | AT59: 014152 | AU59: 014152 | AV59: - | AY59: 014301 | AZ59: 014301 | BA59: 014301 | BB59: 12000 | BC59: 12000 | BD59: 12000 | BE59: - | BH59: H1
L60: H2 | M60: 017014 | P60: 014105 | Q60: 014105 | R60: 014105 | S60: 014028 | T60: 014028 | U60: 014028 | V60: 014056 | W60: 014056 | X60: 014056 | Y60: 010056 | Z60: 010056 | AA60: 010056 | AB60: 150006 | AC60: 150006 | AD60: 150006 | AG60: 14500 | AH60: 14500 | AI60: 14500 | AJ60: 010176 | AK60: 010176 | AL60: 010176 | AM60: 010178 | AN60: 010178 | AO60: 010178 | AP60: 014256 | AQ60: 014256 | AR60: 014256 | AS60: 014153 | AT60: 014153 | AU60: 014153 | AV60: - | AY60: 014301 | AZ60: 014301 | BA60: 014301 | BB60: 12000 | BC60: 12000 | BD60: 12000 | BE60: - | BH60: H2
L61: H3 | M61: 017028 | P61: 014109 | Q61: 014109 | R61: 014109 | S61: 014031 | T61: 014031 | U61: 014031 | V61: 014061 | W61: 014061 | X61: 014061 | Y61: 010056 | Z61: 010056 | AA61: 010056 | AB61: 150006 | AC61: 150006 | AD61: 150006 | AG61: 14500 | AH61: 14500 | AI61: 14500 | AJ61: 010176 | AK61: 010176 | AL61: 010176 | AM61: 010178 | AN61: 010178 | AO61: 010178 | AP61: 014256 | AQ61: 014256 | AR61: 014256 | AS61: 014154 | AT61: 014154 | AU61: 014154 | AV61: - | AY61: 014301 | AZ61: 014301 | BA61: 014301 | BB61: 12000 | BC61: 12000 | BD61: 12000 | BE61: - | BH61: H3
B62: D2 = 600 mm | C62: +NB | E62: Columna de Barraje (VBB) | L62: H1 | M62: 017004 | N62: 017004 | O62: 017004 | P62: 014100 | Q62: 014100 | R62: 014100 | S62: 014026 | T62: 014026 | U62: 014026 | V62: 014050 | W62: 014050 | X62: 014050 | Y62: 010051 | Z62: 010051 | AA62: 010051 | AB62: 150001 | AC62: 150001 | AD62: 150001 | AG62: 14500 | AH62: 14500 | AI62: 14500 | AJ62: 010177 | AK62: 010177 | AL62: 010177 | AM62: 010175 | AN62: 010175 | AO62: 010175 | AP62: 014251 | AQ62: 014251 | AR62: 014251 | AS62: 014152 | AT62: 014152 | AU62: 014152 | AV62: 10185 | AW62: 10185 | AX62: 10185 | AY62: - | AZ62: - | BA62: - | BB62: 12000 | BC62: 12000 | BD62: 12000 | BE62: Pte | BH62: H1 | BI62: D2 =600 mm
L63: H2 | M63: 017016 | N63: 017016 | O63: 017016 | P63: 014103 | Q63: 014103 | R63: 014103 | S63: 014029 | T63: 014029 | U63: 014029 | V63: 014054 | W63: 014054 | X63: 014054 | Y63: 010051 | Z63: 010051 | AA63: 010051 | AB63: 150001 | AC63: 150001 | AD63: 150001 | AG63: 14500 | AH63: 14500 | AI63: 14500 | AJ63: 010177 | AK63: 010177 | AL63: 010177 | AM63: 010175 | AN63: 010175 | AO63: 010175 | AP63: 014251 | AQ63: 014251 | AR63: 014251 | AS63: 014153 | AT63: 014153 | AU63: 014153 | AV63: 10185 | AW63: 10185 | AX63: 10185 | AY63: - | AZ63: - | BA63: - | BB63: 12000 | BC63: 12000 | BD63: 12000 | BE63: Pte | BH63: H2
L64: H3 | M64: 017030 | N64: 017030 | O64: 017030 | P64: 014107 | Q64: 014107 | R64: 014107 | S64: 014032 | T64: 014032 | U64: 014032 | V64: 014059 | W64: 014059 | X64: 014059 | Y64: 010051 | Z64: 010051 | AA64: 010051 | AB64: 150001 | AC64: 150001 | AD64: 150001 | AG64: 14500 | AH64: 14500 | AI64: 14500 | AJ64: 010177 | AK64: 010177 | AL64: 010177 | AM64: 010175 | AN64: 010175 | AO64: 010175 | AP64: 014251 | AQ64: 014251 | AR64: 014251 | AS64: 014154 | AT64: 014154 | AU64: 014154 | AV64: 10185 | AW64: 10185 | AX64: 10185 | AY64: - | AZ64: - | BA64: - | BB64: 12000 | BC64: 12000 | BD64: 12000 | BE64: Pte | BH64: H3
C65: +NI | E65: Columna de Integración | L65: H1 | M65: 017005 | N65: 017005 | O65: 017005 | P65: 014101 | Q65: 014101 | R65: 014101 | S65: 014026 | T65: 014026 | U65: 014026 | V65: 014051 | W65: 014051 | X65: 014051 | Y65: 010054 | Z65: 010054 | AA65: 010054 | AB65: 150004 | AC65: 150004 | AD65: 150004 | AG65: 14500 | AH65: 14500 | AI65: 14500 | AJ65: 010177 | AK65: 010177 | AL65: 010177 | AM65: 010176 | AN65: 010176 | AO65: 010176 | AP65: 014254 | AQ65: 014254 | AR65: 014254 | AS65: 014152 | AT65: 014152 | AU65: 014152 | AV65: 10185 | AW65: 10185 | AX65: 10185 | AY65: 014300 | AZ65: 014300 | BA65: 014300 | BB65: 12000 | BC65: 12000 | BD65: 12000 | BE65: Pte | BH65: H1
L66: H2 | M66: 017017 | N66: 017017 | O66: 017017 | P66: 014104 | Q66: 014104 | R66: 014104 | S66: 014029 | T66: 014029 | U66: 014029 | V66: 014055 | W66: 014055 | X66: 014055 | Y66: 010054 | Z66: 010054 | AA66: 010054 | AB66: 150004 | AC66: 150004 | AD66: 150004 | AG66: 14500 | AH66: 14500 | AI66: 14500 | AJ66: 010177 | AK66: 010177 | AL66: 010177 | AM66: 010176 | AN66: 010176 | AO66: 010176 | AP66: 014254 | AQ66: 014254 | AR66: 014254 | AS66: 014153 | AT66: 014153 | AU66: 014153 | AV66: 10185 | AW66: 10185 | AX66: 10185 | AY66: 014300 | AZ66: 014300 | BA66: 014300 | BB66: 12000 | BC66: 12000 | BD66: 12000 | BE66: Pte | BH66: H2
L67: H3 | M67: 017031 | N67: 017031 | O67: 017031 | P67: 014108 | Q67: 014108 | R67: 014108 | S67: 014032 | T67: 014032 | U67: 014032 | V67: 014060 | W67: 014060 | X67: 014060 | Y67: 010054 | Z67: 010054 | AA67: 010054 | AB67: 150004 | AC67: 150004 | AD67: 150004 | AG67: 14500 | AH67: 14500 | AI67: 14500 | AJ67: 010177 | AK67: 010177 | AL67: 010177 | AM67: 010176 | AN67: 010176 | AO67: 010176 | AP67: 014254 | AQ67: 014254 | AR67: 014254 | AS67: 014154 | AT67: 014154 | AU67: 014154 | AV67: 10185 | AW67: 10185 | AX67: 10185 | AY67: 014300 | AZ67: 014300 | BA67: 014300 | BB67: 12000 | BC67: 12000 | BD67: 12000 | BE67: Pte | BH67: H3
C68: +NE | E68: Columna de Equipos | L68: H1 | M68: 017006 | N68: 017006 | O68: 017006 | P68: 014102 | Q68: 014102 | R68: 014102 | S68: 014026 | T68: 014026 | U68: 014026 | V68: 014052 | W68: 014052 | X68: 014052 | Y68: 010057 | Z68: 010057 | AA68: 010057 | AB68: 150007 | AC68: 150007 | AD68: 150007 | AG68: 14500 | AH68: 14500 | AI68: 14500 | AJ68: 010177 | AK68: 010177 | AL68: 010177 | AM68: 010178 | AN68: 010178 | AO68: 010178 | AP68: 014257 | AQ68: 014257 | AR68: 014257 | AS68: 014152 | AT68: 014152 | AU68: 014152 | AV68: 10185 | AW68: 10185 | AX68: 10185 | AY68: 014301 | AZ68: 014301 | BA68: 014301 | BB68: 12000 | BC68: 12000 | BD68: 12000 | BE68: - | BH68: H1
L69: H2 | M69: 017018 | N69: 017018 | O69: 017018 | P69: 014105 | Q69: 014105 | R69: 014105 | S69: 014029 | T69: 014029 | U69: 014029 | V69: 014056 | W69: 014056 | X69: 014056 | Y69: 010057 | Z69: 010057 | AA69: 010057 | AB69: 150007 | AC69: 150007 | AD69: 150007 | AG69: 14500 | AH69: 14500 | AI69: 14500 | AJ69: 010177 | AK69: 010177 | AL69: 010177 | AM69: 010178 | AN69: 010178 | AO69: 010178 | AP69: 014257 | AQ69: 014257 | AR69: 014257 | AS69: 014153 | AT69: 014153 | AU69: 014153 | AV69: 10185 | AW69: 10185 | AX69: 10185 | AY69: 014301 | AZ69: 014301 | BA69: 014301 | BB69: 12000 | BC69: 12000 | BD69: 12000 | BE69: - | BH69: H2
L70: H3 | M70: 017032 | N70: 017032 | O70: 017032 | P70: 014109 | Q70: 014109 | R70: 014109 | S70: 014032 | T70: 014032 | U70: 014032 | V70: 014061 | W70: 014061 | X70: 014061 | Y70: 010057 | Z70: 010057 | AA70: 010057 | AB70: 150007 | AC70: 150007 | AD70: 150007 | AG70: 14500 | AH70: 14500 | AI70: 14500 | AJ70: 010177 | AK70: 010177 | AL70: 010177 | AM70: 010178 | AN70: 010178 | AO70: 010178 | AP70: 014257 | AQ70: 014257 | AR70: 014257 | AS70: 014154 | AT70: 014154 | AU70: 014154 | AV70: 10185 | AW70: 10185 | AX70: 10185 | AY70: 014301 | AZ70: 014301 | BA70: 014301 | BB70: 12000 | BC70: 12000 | BD70: 12000 | BE70: - | BH70: H3
C71: +NL | E71: Columna de automatizacion industrial (T-Power Logic) | L71: H1 | M71: - | N71: - | O71: - | P71: - | Q71: - | R71: - | S71: 014026 | T71: 014026 | U71: 014026 | V71: - | W71: - | X71: - | Y71: 010060 | Z71: 010060 | AA71: 010060 | AB71: 150009 | AC71: 150009 | AD71: 150009 | AG71: 14500 | AH71: 14500 | AI71: 14500 | AJ71: 010177 | AK71: 010177 | AL71: 010177 | AM71: 010179 | AN71: 010179 | AO71: 010179 | AP71: 014259 | AQ71: 014259 | AR71: 014259 | AS71: 014152 | AT71: 014152 | AU71: 014152 | AV71: 10185 | AW71: 10185 | AX71: 10185 | AY71: 014302 | AZ71: 014302 | BA71: 014302 | BB71: 12000 | BC71: 12000 | BD71: 12000 | BE71: - | BF71: - | BG71: - | BH71: H1
L72: H2 | M72: 017019 | N72: 017019 | O72: 017019 | P72: 014106 | Q72: 014106 | R72: 014106 | S72: 014029 | T72: 014029 | U72: 014029 | V72: 014057 | W72: 014057 | X72: 014057 | Y72: 010060 | Z72: 010060 | AA72: 010060 | AB72: 150009 | AC72: 150009 | AD72: 150009 | AG72: 14500 | AH72: 14500 | AI72: 14500 | AJ72: 010177 | AK72: 010177 | AL72: 010177 | AM72: 010179 | AN72: 010179 | AO72: 010179 | AP72: 014259 | AQ72: 014259 | AR72: 014259 | AS72: 014153 | AT72: 014153 | AU72: 014153 | AV72: 10185 | AW72: 10185 | AX72: 10185 | AY72: 014302 | AZ72: 014302 | BA72: 014302 | BB72: 12000 | BC72: 12000 | BD72: 12000 | BE72: - | BF72: - | BG72: - | BH72: H2
L73: H3 | M73: 017033 | N73: 017033 | O73: 017033 | P73: 014110 | Q73: 014110 | R73: 014110 | S73: 014032 | T73: 014032 | U73: 014032 | V73: 014062 | W73: 014062 | X73: 014062 | Y73: 010060 | Z73: 010060 | AA73: 010060 | AB73: 150009 | AC73: 150009 | AD73: 150009 | AG73: 14500 | AH73: 14500 | AI73: 14500 | AJ73: 010177 | AK73: 010177 | AL73: 010177 | AM73: 010179 | AN73: 010179 | AO73: 010179 | AP73: 014259 | AQ73: 014259 | AR73: 014259 | AS73: 014154 | AT73: 014154 | AU73: 014154 | AV73: 10185 | AW73: 10185 | AX73: 10185 | AY73: 014302 | AZ73: 014302 | BA73: 014302 | BB73: 12000 | BC73: 12000 | BD73: 12000 | BE73: - | BF73: - | BG73: - | BH73: H3
B74: D3 = 1000 mm | C74: +NB | E74: Columna de Barraje (VBB) | L74: H1 | M74: 017008 | N74: 017008 | O74: 017008 | P74: 014100 | Q74: 014100 | R74: 014100 | S74: 014027 | T74: 014027 | U74: 014027 | V74: 014050 | W74: 014050 | X74: 014050 | Y74: 010052 | Z74: 010052 | AA74: 010052 | AB74: 150002 | AC74: 150002 | AD74: 150002 | AG74: 14500 | AH74: 14500 | AI74: 14500 | AJ74: 010180 | AK74: 010180 | AL74: 010180 | AM74: 010175 | AN74: 010175 | AO74: 010175 | AP74: 014252 | AQ74: 014252 | AR74: 014252 | AS74: 014152 | AT74: 014152 | AU74: 014152 | AV74: 10186 | AW74: 10186 | AX74: 10186 | AY74: - | AZ74: - | BA74: - | BB74: 12000 | BC74: 12000 | BD74: 12000 | BE74: Pte | BF74: - | BG74: - | BH74: H1 | BI74: D3 = 1000 mm
L75: H2 | M75: 017021 | N75: 017021 | O75: 017021 | P75: 014103 | Q75: 014103 | R75: 014103 | S75: 014030 | T75: 014030 | U75: 014030 | V75: 014054 | W75: 014054 | X75: 014054 | Y75: 010052 | Z75: 010052 | AA75: 010052 | AB75: 150002 | AC75: 150002 | AD75: 150002 | AG75: 14500 | AH75: 14500 | AI75: 14500 | AJ75: 010180 | AK75: 010180 | AL75: 010180 | AM75: 010175 | AN75: 010175 | AO75: 010175 | AP75: 014252 | AQ75: 014252 | AR75: 014252 | AS75: 014153 | AT75: 014153 | AU75: 014153 | AV75: 10186 | AW75: 10186 | AX75: 10186 | AY75: - | AZ75: - | BA75: - | BB75: 12000 | BC75: 12000 | BD75: 12000 | BE75: Pte | BF75: - | BG75: - | BH75: H2
L76: H3 | M76: 017035 | N76: 017035 | O76: 017035 | P76: 014107 | Q76: 014107 | R76: 014107 | S76: 014033 | T76: 014033 | U76: 014033 | V76: 014059 | W76: 014059 | X76: 014059 | Y76: 010052 | Z76: 010052 | AA76: 010052 | AB76: 150002 | AC76: 150002 | AD76: 150002 | AG76: 14500 | AH76: 14500 | AI76: 14500 | AJ76: 010180 | AK76: 010180 | AL76: 010180 | AM76: 010175 | AN76: 010175 | AO76: 010175 | AP76: 014252 | AQ76: 014252 | AR76: 014252 | AS76: 014154 | AT76: 014154 | AU76: 014154 | AV76: 10186 | AW76: 10186 | AX76: 10186 | AY76: - | AZ76: - | BA76: - | BB76: 12000 | BC76: 12000 | BD76: 12000 | BE76: Pte | BF76: - | BG76: - | BH76: H3
C77: +NI | E77: Columna de Integración | L77: H1 | M77: 017009 | N77: 017009 | O77: 017009 | P77: 014101 | Q77: 014101 | R77: 014101 | S77: 014027 | T77: 014027 | U77: 014027 | V77: 014051 | W77: 014051 | X77: 014051 | Y77: 010055 | Z77: 010055 | AA77: 010055 | AB77: 150005 | AC77: 150005 | AD77: 150005 | AG77: 14500 | AH77: 14500 | AI77: 14500 | AJ77: 010180 | AK77: 010180 | AL77: 010180 | AM77: 010176 | AN77: 010176 | AO77: 010176 | AP77: 014255 | AQ77: 014255 | AR77: 014255 | AS77: 014152 | AT77: 014152 | AU77: 014152 | AV77: 10186 | AW77: 10186 | AX77: 10186 | AY77: 014300 | AZ77: 014300 | BA77: 014300 | BB77: 12000 | BC77: 12000 | BD77: 12000 | BE77: Pte | BF77: - | BG77: - | BH77: H1
L78: H2 | M78: 017022 | N78: 017022 | O78: 017022 | P78: 014104 | Q78: 014104 | R78: 014104 | S78: 014030 | T78: 014030 | U78: 014030 | V78: 014055 | W78: 014055 | X78: 014055 | Y78: 010055 | Z78: 010055 | AA78: 010055 | AB78: 150005 | AC78: 150005 | AD78: 150005 | AG78: 14500 | AH78: 14500 | AI78: 14500 | AJ78: 010180 | AK78: 010180 | AL78: 010180 | AM78: 010176 | AN78: 010176 | AO78: 010176 | AP78: 014255 | AQ78: 014255 | AR78: 014255 | AS78: 014153 | AT78: 014153 | AU78: 014153 | AV78: 10186 | AW78: 10186 | AX78: 10186 | AY78: 014300 | AZ78: 014300 | BA78: 014300 | BB78: 12000 | BC78: 12000 | BD78: 12000 | BE78: Pte | BF78: - | BG78: - | BH78: H2
L79: H3 | M79: 017036 | N79: 017036 | O79: 017036 | P79: 014108 | Q79: 014108 | R79: 014108 | S79: 014033 | T79: 014033 | U79: 014033 | V79: 014060 | W79: 014060 | X79: 014060 | Y79: 010055 | Z79: 010055 | AA79: 010055 | AB79: 150005 | AC79: 150005 | AD79: 150005 | AG79: 14500 | AH79: 14500 | AI79: 14500 | AJ79: 010180 | AK79: 010180 | AL79: 010180 | AM79: 010176 | AN79: 010176 | AO79: 010176 | AP79: 014255 | AQ79: 014255 | AR79: 014255 | AS79: 014154 | AT79: 014154 | AU79: 014154 | AV79: 10186 | AW79: 10186 | AX79: 10186 | AY79: 014300 | AZ79: 014300 | BA79: 014300 | BB79: 12000 | BC79: 12000 | BD79: 12000 | BE79: Pte | BF79: - | BG79: - | BH79: H3
C80: +NE | E80: Columna de Equipos | L80: H1 | M80: 017010 | N80: 017010 | O80: 017010 | P80: 014102 | Q80: 014102 | R80: 014102 | S80: 014027 | T80: 014027 | U80: 014027 | V80: 014052 | W80: 014052 | X80: 014052 | Y80: 010058 | Z80: 010058 | AA80: 010058 | AB80: 150008 | AC80: 150008 | AD80: 150008 | AG80: 14500 | AH80: 14500 | AI80: 14500 | AJ80: 010180 | AK80: 010180 | AL80: 010180 | AM80: 010178 | AN80: 010178 | AO80: 010178 | AP80: 014258 | AQ80: 014258 | AR80: 014258 | AS80: 014152 | AT80: 014152 | AU80: 014152 | AV80: 10186 | AW80: 10186 | AX80: 10186 | AY80: 014301 | AZ80: 014301 | BA80: 014301 | BB80: 12000 | BC80: 12000 | BD80: 12000 | BE80: - | BF80: - | BG80: - | BH80: H1
L81: H2 | M81: 017023 | N81: 017023 | O81: 017023 | P81: 014105 | Q81: 014105 | R81: 014105 | S81: 014030 | T81: 014030 | U81: 014030 | V81: 014056 | W81: 014056 | X81: 014056 | Y81: 010058 | Z81: 010058 | AA81: 010058 | AB81: 150008 | AC81: 150008 | AD81: 150008 | AG81: 14500 | AH81: 14500 | AI81: 14500 | AJ81: 010180 | AK81: 010180 | AL81: 010180 | AM81: 010178 | AN81: 010178 | AO81: 010178 | AP81: 014258 | AQ81: 014258 | AR81: 014258 | AS81: 014153 | AT81: 014153 | AU81: 014153 | AV81: 10186 | AW81: 10186 | AX81: 10186 | AY81: 014301 | AZ81: 014301 | BA81: 014301 | BB81: 12000 | BC81: 12000 | BD81: 12000 | BE81: - | BF81: - | BG81: - | BH81: H2
L82: H3 | M82: 017037 | N82: 017037 | O82: 017037 | P82: 014109 | Q82: 014109 | R82: 014109 | S82: 014033 | T82: 014033 | U82: 014033 | V82: 014061 | W82: 014061 | X82: 014061 | Y82: 010058 | Z82: 010058 | AA82: 010058 | AB82: 150008 | AC82: 150008 | AD82: 150008 | AG82: 14500 | AH82: 14500 | AI82: 14500 | AJ82: 010180 | AK82: 010180 | AL82: 010180 | AM82: 010178 | AN82: 010178 | AO82: 010178 | AP82: 014258 | AQ82: 014258 | AR82: 014258 | AS82: 014154 | AT82: 014154 | AU82: 014154 | AV82: 10186 | AW82: 10186 | AX82: 10186 | AY82: 014301 | AZ82: 014301 | BA82: 014301 | BB82: 12000 | BC82: 12000 | BD82: 12000 | BE82: - | BF82: - | BG82: - | BH82: H3
C83: +NL | E83: Columna de automatizacion industrial (T-Power Logic) | L83: H1 | M83: - | N83: - | O83: - | P83: - | Q83: - | R83: - | S83: 014027 | T83: 014027 | U83: 014027 | V83: - | W83: - | X83: - | Y83: 010061 | Z83: 010061 | AA83: 010061 | AB83: 150010 | AC83: 150010 | AD83: 150010 | AG83: 14500 | AH83: 14500 | AI83: 14500 | AJ83: 010180 | AK83: 010180 | AL83: 010180 | AM83: 010179 | AN83: 010179 | AO83: 010179 | AP83: 014260 | AQ83: 014260 | AR83: 014260 | AS83: 014152 | AT83: 014152 | AU83: 014152 | AV83: 10186 | AW83: 10186 | AX83: 10186 | AY83: 014302 | AZ83: 014302 | BA83: 014302 | BB83: 12000 | BC83: 12000 | BD83: 12000 | BE83: - | BF83: - | BG83: - | BH83: H1
L84: H2 | M84: 017024 | N84: 017024 | O84: 017024 | P84: 014106 | Q84: 014106 | R84: 014106 | S84: 014030 | T84: 014030 | U84: 014030 | V84: 014057 | W84: 014057 | X84: 014057 | Y84: 010061 | Z84: 010061 | AA84: 010061 | AB84: 150010 | AC84: 150010 | AD84: 150010 | AG84: 14500 | AH84: 14500 | AI84: 14500 | AJ84: 010180 | AK84: 010180 | AL84: 010180 | AM84: 010179 | AN84: 010179 | AO84: 010179 | AP84: 014260 | AQ84: 014260 | AR84: 014260 | AS84: 014153 | AT84: 014153 | AU84: 014153 | AV84: 10186 | AW84: 10186 | AX84: 10186 | AY84: 014302 | AZ84: 014302 | BA84: 014302 | BB84: 12000 | BC84: 12000 | BD84: 12000 | BE84: - | BF84: - | BG84: - | BH84: H2
L85: H3 | M85: 017038 | N85: 017038 | O85: 017038 | P85: 014110 | Q85: 014110 | R85: 014110 | S85: 014033 | T85: 014033 | U85: 014033 | V85: 014062 | W85: 014062 | X85: 014062 | Y85: 010061 | Z85: 010061 | AA85: 010061 | AB85: 150010 | AC85: 150010 | AD85: 150010 | AG85: 14500 | AH85: 14500 | AI85: 14500 | AJ85: 010180 | AK85: 010180 | AL85: 010180 | AM85: 010179 | AN85: 010179 | AO85: 010179 | AP85: 014260 | AQ85: 014260 | AR85: 014260 | AS85: 014154 | AT85: 014154 | AU85: 014154 | AV85: 10186 | AW85: 10186 | AX85: 10186 | AY85: 014302 | AZ85: 014302 | BA85: 014302 | BB85: 12000 | BC85: 12000 | BD85: 12000 | BE85: - | BF85: - | BG85: - | BH85: H3
C86: +NE* | E86: Columna de Equipos (Electricos frame mayor a 4000 A. Familia MasterPact | L86: H1 | M86: - | N86: - | O86: - | P86: - | Q86: - | R86: - | S86: - | T86: - | U86: - | V86: - | W86: - | X86: - | Y86: - | Z86: - | AA86: - | AB86: - | AC86: - | AD86: - | AG86: - | AH86: - | AI86: - | AJ86: - | AK86: - | AL86: - | AM86: - | AN86: - | AO86: - | AP86: - | AQ86: - | AR86: - | AS86: - | AT86: - | AU86: - | AV86: - | AW86: - | AX86: - | AY86: - | AZ86: - | BA86: - | BB86: - | BC86: - | BD86: - | BE86: - | BF86: - | BG86: - | BH86: H1
L87: H2 | M87: 017025 | N87: 017025 | O87: 017025 | P87: - | Q87: - | R87: - | S87: 013106 | T87: 013106 | U87: 013106 | V87: 014030 | W87: 014030 | X87: 014030 | Y87: 014058 | Z87: 014058 | AA87: 014058 | AB87: 010064 | AC87: 010064 | AD87: 010064 | AG87: 14500 | AH87: 14500 | AI87: 14500 | AJ87: 010180 | AK87: 010180 | AL87: 010180 | AM87: 010181 | AN87: 010181 | AO87: 010181 | AP87: 014263 | AQ87: 014263 | AR87: 014263 | AS87: 014153 | AT87: 014153 | AU87: 014153 | AV87: 10186 | AW87: 10186 | AX87: 10186 | AY87: 014303 | AZ87: 014303 | BA87: 014303 | BB87: 12000 | BC87: 12000 | BD87: 12000 | BE87: - | BF87: - | BG87: - | BH87: H2
L88: H3 | M88: 017039 | N88: 017039 | O88: 017039 | P88: - | Q88: - | R88: - | S88: 013110 | T88: 013110 | U88: 013110 | V88: 014033 | W88: 014033 | X88: 014033 | Y88: 014063 | Z88: 014063 | AA88: 014063 | AB88: 010064 | AC88: 010064 | AD88: 010064 | AG88: 14500 | AH88: 14500 | AI88: 14500 | AJ88: 010180 | AK88: 010180 | AL88: 010180 | AM88: 010181 | AN88: 010181 | AO88: 010181 | AP88: 014263 | AQ88: 014263 | AR88: 014263 | AS88: 014154 | AT88: 014154 | AU88: 014154 | AV88: 10186 | AW88: 10186 | AX88: 10186 | AY88: 014303 | AZ88: 014303 | BA88: 014303 | BB88: 12000 | BC88: 12000 | BD88: 12000 | BE88: - | BF88: - | BG88: - | BH88: H3
C89: #VALUE! | BG89: #VALUE!
F90: T-Power NEO | AJ90: T-Power NEO
F91: Catalogo de Producto | AJ91: Catalogo de Producto
AF92: © Industrias CTS S.A.S. – Todos los derechos reservados. Prohíbida su reproducción sin autorización expresa de la compañía.
B93: B | D93: Puertas Especiales | AH93: Puertas Especiales | BI93: B
E94: T-Power NEO | AH94: T-Power NEO
C96: Caracteristicas | M96: Corte Placa Control Pequeña | P96: Placa Control Pequeña | S96: Corte Placa Control Mediano | V96: Placa Control Mediano | Y96: Corte Placa Control Grande | AB96: Placa Control Grande | AG96: Panle en vidrio | AJ96: Corte Sencillo Natural Peq. | AM96: Corte Sencillo Natural Med. | AP96: Corte Sencillo Natural Grand. | AS96: Corte Sencillo Schneider E. | AV96: Corte Doble Natural Peq. | AY96: Corte Doble Natural Med. | BB96: Corte Doble Natural Grand. | BE96: Corte Doble Schneider E.
C97: +NB | D97: 200 mm | F97: +NL | G97: 800 mm | J97: H1 | K97: 1800 mm | M97: #VALUE! | P97: #VALUE! | S97: #VALUE! | W97: #VALUE! | Y97: #VALUE! | AB97: #VALUE! | AG97: #VALUE! | AJ97: #VALUE! | AM97: #VALUE! | AP97: #VALUE! | AS97: #VALUE! | AV97: #VALUE! | AY97: #VALUE! | BB97: #VALUE! | BF97: #VALUE!
C98: +NI | D98: 400 mm | F98: +NE* | G98: 1120 mm | J98: H2 | K98: 2000 mm
C99: +NE | D99: 720 mm | J99: H3 | K99: 2200 mm
B100: 200 mm | C100: +NB | E100: Columna de Barraje (VBB) | L100: H1 | M100: - | N100: - | O100: - | P100: - | Q100: - | R100: - | S100: - | T100: - | U100: - | V100: - | W100: - | X100: - | Y100: - | Z100: - | AA100: - | AB100: - | AC100: - | AD100: - | AG100: - | AH100: - | AI100: - | AJ100: - | AK100: - | AL100: - | AM100: - | AN100: - | AO100: - | AP100: - | AQ100: - | AR100: - | AS100: - | AT100: - | AU100: - | AV100: - | AW100: - | AX100: - | AY100: - | AZ100: - | BA100: - | BB100: - | BC100: - | BD100: - | BE100: - | BF100: - | BG100: - | BH100: H1 | BI100: 200 mm
L101: H2 | M101: - | N101: - | O101: - | P101: - | Q101: - | R101: - | S101: - | T101: - | U101: - | V101: - | W101: - | X101: - | Y101: - | Z101: - | AA101: - | AB101: - | AC101: - | AD101: - | AG101: - | AH101: - | AI101: - | AJ101: - | AK101: - | AL101: - | AM101: - | AN101: - | AO101: - | AP101: - | AQ101: - | AR101: - | AS101: - | AT101: - | AU101: - | AV101: - | AW101: - | AX101: - | AY101: - | AZ101: - | BA101: - | BB101: - | BC101: - | BD101: - | BE101: - | BF101: - | BG101: - | BH101: H2
L102: H3 | M102: - | N102: - | O102: - | P102: - | Q102: - | R102: - | S102: - | T102: - | U102: - | V102: - | W102: - | X102: - | Y102: - | Z102: - | AA102: - | AB102: - | AC102: - | AD102: - | AG102: - | AH102: - | AI102: - | AJ102: - | AK102: - | AL102: - | AM102: - | AN102: - | AO102: - | AP102: - | AQ102: - | AR102: - | AS102: - | AT102: - | AU102: - | AV102: - | AW102: - | AX102: - | AY102: - | AZ102: - | BA102: - | BB102: - | BC102: - | BD102: - | BE102: - | BF102: - | BG102: - | BH102: H3
B103: 400 mm | C103: +NI | E103: Columna de Integración | L103: H1 | M103: 014694 | N103: 014694 | O103: 014694 | P103: 013200 | S103: 014702 | T103: 014702 | U103: 014702 | V103: 013201 | W103: 013201 | X103: 013201 | Y103: - | Z103: - | AA103: - | AB103: 013202 | AC103: 013202 | AD103: 013202 | AG103: 014686 | AH103: 014686 | AI103: 014686 | AJ103: 014678 | AK103: 014678 | AL103: 014678 | AM103: 014670 | AN103: 014670 | AO103: 014670 | AP103: 014662 | AQ103: 014662 | AR103: 014662 | AS103: 014654 | AT103: 014654 | AU103: 014654 | AV103: 014646 | AW103: 014646 | AX103: 014646 | AY103: 014638 | AZ103: 014638 | BA103: 014638 | BB103: 014630 | BC103: 014630 | BD103: 014630 | BE103: 014622 | BF103: 014622 | BG103: 014622 | BH103: H1 | BI103: 400 mm
L104: H2 | M104: 014696 | N104: 014696 | O104: 014696 | P104: 013200 | S104: 014704 | T104: 014704 | U104: 014704 | V104: 013201 | W104: 013201 | X104: 013201 | Y104: 014711 | Z104: 014711 | AA104: 014711 | AB104: 013202 | AC104: 013202 | AD104: 013202 | AG104: 014688 | AH104: 014688 | AI104: 014688 | AJ104: 014680 | AK104: 014680 | AL104: 014680 | AM104: 014672 | AN104: 014672 | AO104: 014672 | AP104: 014664 | AQ104: 014664 | AR104: 014664 | AS104: 014656 | AT104: 014656 | AU104: 014656 | AV104: 014648 | AW104: 014648 | AX104: 014648 | AY104: 014640 | AZ104: 014640 | BA104: 014640 | BB104: 014632 | BC104: 014632 | BD104: 014632 | BE104: 014624 | BF104: 014624 | BG104: 014624 | BH104: H2
L105: H3 | M105: 014699 | N105: 014699 | O105: 014699 | P105: 013200 | S105: 014707 | T105: 014707 | U105: 014707 | V105: 013201 | W105: 013201 | X105: 013201 | Y105: 014713 | Z105: 014713 | AA105: 014713 | AB105: 013202 | AC105: 013202 | AD105: 013202 | AG105: 014691 | AH105: 014691 | AI105: 014691 | AJ105: 014683 | AK105: 014683 | AL105: 014683 | AM105: 014675 | AN105: 014675 | AO105: 014675 | AP105: 014667 | AQ105: 014667 | AR105: 014667 | AS105: 014659 | AT105: 014659 | AU105: 014659 | AV105: 014651 | AW105: 014651 | AX105: 014651 | AY105: 014643 | AZ105: 014643 | BA105: 014643 | BB105: 014635 | BC105: 014635 | BD105: 014635 | BE105: 014627 | BF105: 014627 | BG105: 014627 | BH105: H3
B106: 720 mm | C106: +NE | E106: Columna de Equipos | L106: H1 | M106: 014695 | N106: 014695 | O106: 014695 | P106: 013200 | S106: 014703 | T106: 014703 | U106: 014703 | V106: 013201 | W106: 013201 | X106: 013201 | Y106: 014710 | Z106: 014710 | AA106: 014710 | AB106: 013202 | AC106: 013202 | AD106: 013202 | AE106: © Industrias CTS S.A.S. – Todos los derechos reservados. Prohíbida su reproducción sin autorización expresa de la compañía. | AG106: 014687 | AH106: 014687 | AI106: 014687 | AJ106: 014679 | AK106: 014679 | AL106: 014679 | AM106: 014671 | AN106: 014671 | AO106: 014671 | AP106: 014663 | AQ106: 014663 | AR106: 014663 | AS106: 014655 | AT106: 014655 | AU106: 014655 | AV106: 014647 | AW106: 014647 | AX106: 014647 | AY106: 014639 | AZ106: 014639 | BA106: 014639 | BB106: 014631 | BC106: 014631 | BD106: 014631 | BE106: 014623 | BF106: 014623 | BG106: 014623 | BH106: H1 | BI106: 720 mm
L107: H2 | M107: 014697 | N107: 014697 | O107: 014697 | P107: 013200 | S107: 014705 | T107: 014705 | U107: 014705 | V107: 013201 | W107: 013201 | X107: 013201 | Y107: 014116 | Z107: 014116 | AA107: 014116 | AB107: 013202 | AC107: 013202 | AD107: 013202 | AG107: 014689 | AH107: 014689 | AI107: 014689 | AJ107: 014681 | AK107: 014681 | AL107: 014681 | AM107: 014673 | AN107: 014673 | AO107: 014673 | AP107: 014665 | AQ107: 014665 | AR107: 014665 | AS107: 014657 | AT107: 014657 | AU107: 014657 | AV107: 014649 | AW107: 014649 | AX107: 014649 | AY107: 014641 | AZ107: 014641 | BA107: 014641 | BB107: 014633 | BC107: 014633 | BD107: 014633 | BE107: 014625 | BF107: 014625 | BG107: 014625 | BH107: H2
L108: H3 | M108: 014700 | N108: 014700 | O108: 014700 | P108: 013200 | S108: 014708 | T108: 014708 | U108: 014708 | V108: 013201 | W108: 013201 | X108: 013201 | Y108: 014714 | Z108: 014714 | AA108: 014714 | AB108: 013202 | AC108: 013202 | AD108: 013202 | AG108: 014692 | AH108: 014692 | AI108: 014692 | AJ108: 014684 | AK108: 014684 | AL108: 014684 | AM108: 014676 | AN108: 014676 | AO108: 014676 | AP108: 014668 | AQ108: 014668 | AR108: 014668 | AS108: 014660 | AT108: 014660 | AU108: 014660 | AV108: 014652 | AW108: 014652 | AX108: 014652 | AY108: 014644 | AZ108: 014644 | BA108: 014644 | BB108: 014636 | BC108: 014636 | BD108: 014636 | BE108: 014628 | BF108: 014628 | BG108: 014628 | BH108: H3
B109: 800 mm | C109: +NL | E109: Columna de automatizacion industrial (T-Power Logic) | L109: H1 | M109: - | N109: - | O109: - | P109: - | S109: - | T109: - | U109: - | V109: - | W109: 013201 | X109: 013201 | Y109: - | Z109: - | AA109: - | AB109: - | AC109: 013202 | AD109: 013202 | AG109: - | AH109: - | AI109: - | AJ109: - | AK109: - | AL109: - | AM109: - | AN109: - | AO109: - | AP109: - | AQ109: - | AR109: - | AS109: - | AT109: - | AU109: - | AV109: - | AW109: - | AX109: - | AY109: - | AZ109: - | BA109: - | BB109: - | BC109: - | BD109: - | BE109: - | BF109: - | BG109: - | BH109: H1 | BI109: 800 mm
L110: H2 | M110: 014698 | N110: 014698 | O110: 014698 | P110: 013200 | S110: 014706 | T110: 014706 | U110: 014706 | V110: 013201 | W110: 013201 | X110: 013201 | Y110: 014712 | Z110: 014712 | AA110: 014712 | AB110: 013202 | AC110: 013202 | AD110: 013202 | AG110: 014690 | AH110: 014690 | AI110: 014690 | AJ110: 014682 | AK110: 014682 | AL110: 014682 | AM110: 014674 | AN110: 014674 | AO110: 014674 | AP110: 014666 | AQ110: 014666 | AR110: 014666 | AS110: 014658 | AT110: 014658 | AU110: 014658 | AV110: 014650 | AW110: 014650 | AX110: 014650 | AY110: 014642 | AZ110: 014642 | BA110: 014642 | BB110: 014634 | BC110: 014634 | BD110: 014634 | BE110: 014626 | BF110: 014626 | BG110: 014626 | BH110: H2
L111: H3 | M111: 014701 | N111: 014701 | O111: 014701 | P111: 013200 | S111: 014709 | T111: 014709 | U111: 014709 | V111: 013201 | W111: 013201 | X111: 013201 | Y111: 014715 | Z111: 014715 | AA111: 014715 | AB111: 013202 | AC111: 013202 | AD111: 013202 | AG111: 014693 | AH111: 014693 | AI111: 014693 | AJ111: 014685 | AK111: 014685 | AL111: 014685 | AM111: 014677 | AN111: 014677 | AO111: 014677 | AP111: 014669 | AQ111: 014669 | AR111: 014669 | AS111: 014661 | AT111: 014661 | AU111: 014661 | AV111: 014653 | AW111: 014653 | AX111: 014653 | AY111: 014645 | AZ111: 014645 | BA111: 014645 | BB111: 014637 | BC111: 014637 | BD111: 014637 | BE111: 014629 | BF111: 014629 | BG111: 014629 | BH111: H3
B112: 1120 mm | C112: +NE* | E112: Columna de Equipos (Electricos frame mayor a 4000 A. Familia MasterPact | L112: H1 | M112: - | N112: - | O112: - | P112: - | Q112: - | R112: - | S112: - | T112: - | U112: - | V112: - | W112: - | X112: - | Y112: - | Z112: - | AA112: - | AB112: - | AC112: - | AD112: - | AG112: - | AH112: - | AI112: - | AJ112: - | AK112: - | AL112: - | AM112: - | AN112: - | AO112: - | AP112: - | AQ112: - | AR112: - | AS112: - | AT112: - | AU112: - | AV112: - | AW112: - | AX112: - | AY112: - | AZ112: - | BA112: - | BB112: - | BC112: - | BD112: - | BE112: - | BF112: - | BG112: - | BH112: H1 | BI112: 1120 mm
L113: H2 | M113: - | N113: - | O113: - | P113: - | Q113: - | R113: - | S113: - | T113: - | U113: - | V113: - | W113: - | X113: - | Y113: - | Z113: - | AA113: - | AB113: - | AC113: - | AD113: - | AG113: - | AH113: - | AI113: - | AJ113: - | AK113: - | AL113: - | AM113: - | AN113: - | AO113: - | AP113: - | AQ113: - | AR113: - | AS113: - | AT113: - | AU113: - | AV113: - | AW113: - | AX113: - | AY113: - | AZ113: - | BA113: - | BB113: - | BC113: - | BD113: - | BE113: - | BF113: - | BG113: - | BH113: H2
L114: H3 | M114: - | N114: - | O114: - | P114: - | Q114: - | R114: - | S114: - | T114: - | U114: - | V114: - | W114: - | X114: - | Y114: - | Z114: - | AA114: - | AB114: - | AC114: - | AD114: - | AG114: - | AH114: - | AI114: - | AJ114: - | AK114: - | AL114: - | AM114: - | AN114: - | AO114: - | AP114: - | AQ114: - | AR114: - | AS114: - | AT114: - | AU114: - | AV114: - | AW114: - | AX114: - | AY114: - | AZ114: - | BA114: - | BB114: - | BC114: - | BD114: - | BE114: - | BF114: - | BG114: - | BH114: H3
C116: Tapa de control, Según su caracteristica y aplciación | J116: #VALUE! | M116: Aplicación control de transferencia ( ATS - Comap ) | AB116: 012110
M117: Aplicación de supervicion y medida ( PM ) | AB117: 012111
C129: B | D129: 10 | Z129: www.industriascts.com | AG129: Version1.0 / 2025 | BG129: B | BH129: 11
C130: #VALUE! | BG130: #VALUE!
F131: T-Power NEO | AJ131: T-Power NEO
F132: Catalogo de Producto | AJ132: Catalogo de Producto
AF133: © Industrias CTS S.A.S. – Todos los derechos reservados. Prohíbida su reproducción sin autorización expresa de la compañía.
B134: B | D134: Panel Lateral Especial | AH134: Panel Posterior Especial | BI134: B
E135: T-Power NEO Modular | AH135: T-Power NEO Modular
C137: Caracteristicas | M137: Corte Sencillo Natural Peq. | P137: Corte Sencillo Natural Med. | S137: Corte Sencillo Natural Grand. | V137: Corte Sencillo Schneider E. | AG137: Corte Sencillo Natural Peq. | AJ137: Corte Sencillo Natural Med. | AM137: Corte Sencillo Natural Grand. | AP137: Corte Sencillo Schneider E. | AS137: Corte Doble Natural Peq. | AV137: Corte Doble Natural Med. | AY137: Corte Doble Natural Grand. | BB137: Corte Doble Schneider E.
C138: D1 | D138: 200 mm | J138: H1 | K138: 1800 mm | M138: #VALUE! | P138: #VALUE! | S138: #VALUE! | V138: #VALUE! | AG138: #VALUE! | AJ138: #VALUE! | AM138: #VALUE! | AP138: #VALUE! | AS138: #VALUE! | AV138: #VALUE! | AY138: #VALUE! | BB138: #VALUE! | BF138: H1 | BG138: 1800 mm
C139: D2 | D139: 400 mm | J139: H2 | K139: 2000 mm | BF139: H2 | BG139: 2000 mm
C140: D3 | D140: 720 mm | J140: H3 | K140: 2200 mm | BF140: H3 | BG140: 2200 mm
B141: 400 mm | C141: D1 | E141: Profundidad 400 mm | L141: H1 | M141: 014613 | P141: 014604 | S141: 014595 | V141: 014586 | AG141: - | AH141: - | AI141: - | AJ141: - | AK141: - | AL141: - | AM141: - | AN141: - | AO141: - | AP141: - | AQ141: - | AR141: - | AS141: - | AT141: - | AU141: - | AV141: - | AW141: - | AX141: - | AY141: - | AZ141: - | BA141: - | BB141: - | BC141: - | BD141: - | BE141: H1 | BF141: (+NB) Columna Barraje | BI141: 200 mm
L142: H2 | M142: 014616 | P142: 014607 | S142: 014598 | V142: 014589 | AG142: - | AH142: - | AI142: - | AJ142: - | AK142: - | AL142: - | AM142: - | AN142: - | AO142: - | AP142: - | AQ142: - | AR142: - | AS142: - | AT142: - | AU142: - | AV142: - | AW142: - | AX142: - | AY142: - | AZ142: - | BA142: - | BB142: - | BC142: - | BD142: - | BE142: H2
L143: H3 | M143: 014619 | P143: 014610 | S143: 014601 | V143: 014592 | AG143: - | AH143: - | AI143: - | AJ143: - | AK143: - | AL143: - | AM143: - | AN143: - | AO143: - | AP143: - | AQ143: - | AR143: - | AS143: - | AT143: - | AU143: - | AV143: - | AW143: - | AX143: - | AY143: - | AZ143: - | BA143: - | BB143: - | BC143: - | BD143: - | BE143: H3
B144: 600 mm | C144: D2 | E144: Profundidad 600 mm | L144: H1 | M144: 014614 | P144: 014605 | S144: 014596 | V144: 014587 | AG144: 014575 | AH144: 014575 | AI144: 014575 | AJ144: 014564 | AK144: 014564 | AL144: 014564 | AM144: - | AN144: - | AO144: - | AP144: - | AQ144: - | AR144: - | AS144: 014537 | AT144: 014537 | AU144: 014537 | AV144: 014526 | AW144: 014526 | AX144: 014526 | AY144: - | AZ144: - | BA144: - | BB144: - | BC144: - | BD144: - | BE144: H1 | BF144: (+NI) Columna de Integración | BI144: 400 mm
L145: H2 | M145: 014617 | P145: 014608 | S145: 014599 | V145: 014590 | AG145: 014578 | AH145: 014578 | AI145: 014578 | AJ145: 014567 | AK145: 014567 | AL145: 014567 | AM145: - | AN145: - | AO145: - | AP145: - | AQ145: - | AR145: - | AS145: 014540 | AT145: 014540 | AU145: 014540 | AV145: 014529 | AW145: 014529 | AX145: 014529 | AY145: - | AZ145: - | BA145: - | BB145: - | BC145: - | BD145: - | BE145: H2
L146: H3 | M146: 014620 | P146: 014611 | S146: 014602 | V146: 014593 | AG146: 014582 | AH146: 014582 | AI146: 014582 | AJ146: 014571 | AK146: 014571 | AL146: 014571 | AM146: - | AN146: - | AO146: - | AP146: - | AQ146: - | AR146: - | AS146: 014544 | AT146: 014544 | AU146: 014544 | AV146: 014533 | AW146: 014533 | AX146: 014533 | AY146: - | AZ146: - | BA146: - | BB146: - | BC146: - | BD146: - | BE146: H3
B147: 1000 mm | C147: D3 | E147: Profundida 1000 mm | L147: H1 | M147: 014615 | P147: 014606 | S147: 014597 | V147: 014588 | AE147: © Industrias CTS S.A.S. – Todos los derechos reservados. Prohíbida su reproducción sin autorización expresa de la compañía. | AG147: 014576 | AH147: 014576 | AI147: 014576 | AJ147: 014565 | AK147: 014565 | AL147: 014565 | AM147: 014556 | AN147: 014556 | AO147: 014556 | AP147: 014548 | AQ147: 014548 | AR147: 014548 | AS147: 014538 | AT147: 014538 | AU147: 014538 | AV147: 014527 | AW147: 014527 | AX147: 014527 | AY147: 014518 | AZ147: 014518 | BA147: 014518 | BB147: 014510 | BC147: 014510 | BD147: 014510 | BE147: H1 | BF147: (+NE) Columna de Equipos | BI147: 720 mm
L148: H2 | M148: 014618 | P148: 014609 | S148: 014600 | V148: 014591 | AG148: 014579 | AH148: 014579 | AI148: 014579 | AJ148: 014568 | AK148: 014568 | AL148: 014568 | AM148: 014558 | AN148: 014558 | AO148: 014558 | AP148: 014550 | AQ148: 014550 | AR148: 014550 | AS148: 014541 | AT148: 014541 | AU148: 014541 | AV148: 014530 | AW148: 014530 | AX148: 014530 | AY148: 014520 | AZ148: 014520 | BA148: 014520 | BB148: 014512 | BC148: 014512 | BD148: 014512 | BE148: H2
L149: H3 | M149: 014621 | P149: 014612 | S149: 014603 | V149: 014594 | AG149: 014583 | AH149: 014583 | AI149: 014583 | AJ149: 014572 | AK149: 014572 | AL149: 014572 | AM149: 014561 | AN149: 014561 | AO149: 014561 | AP149: 014553 | AQ149: 014553 | AR149: 014553 | AS149: 014545 | AT149: 014545 | AU149: 014545 | AV149: 014534 | AW149: 014534 | AX149: 014534 | AY149: 014523 | AZ149: 014523 | BA149: 014523 | BB149: 014515 | BC149: 014515 | BD149: 014515 | BE149: H3
AG150: - | AH150: - | AI150: - | AJ150: - | AK150: - | AL150: - | AM150: - | AN150: - | AO150: - | AP150: - | AQ150: - | AR150: - | AS150: - | AT150: - | AU150: - | AV150: - | AW150: - | AX150: - | AY150: - | AZ150: - | BA150: - | BB150: - | BC150: - | BD150: - | BE150: H1 | BF150: (+NL) Columna de Automatización | BI150: 800 mm
AG151: 014580 | AH151: 014580 | AI151: 014580 | AJ151: 014569 | AK151: 014569 | AL151: 014569 | AM151: 014559 | AN151: 014559 | AO151: 014559 | AP151: 01455 | AQ151: 01455 | AR151: 01455 | AS151: 014542 | AT151: 014542 | AU151: 014542 | AV151: 014531 | AW151: 014531 | AX151: 014531 | AY151: 014521 | AZ151: 014521 | BA151: 014521 | BB151: 014513 | BC151: 014513 | BD151: 014513 | BE151: H2
AG152: 014584 | AH152: 014584 | AI152: 014584 | AJ152: 014573 | AK152: 014573 | AL152: 014573 | AM152: 014562 | AN152: 014562 | AO152: 014562 | AP152: 014554 | AQ152: 014554 | AR152: 014554 | AS152: 014546 | AT152: 014546 | AU152: 014546 | AV152: 014535 | AW152: 014535 | AX152: 014535 | AY152: 014524 | AZ152: 014524 | BA152: 014524 | BB152: 014516 | BC152: 014516 | BD152: 014516 | BE152: H3
...

Sheet Formatos2
B2: Barraje principal
B3: Área
B4: 3.1 Barraje principal | C4: 3.1.1. Cubiculo
C5: 3.1.2. Código
B6: Frame
B7: 3.2 Barra de tierra | C7: 3.2.1. Cubiculo
C8: 3.2.2. Código
B9: 3.3 Barra de neutro | C9: 3.3.1. Cubiculo
C10: 3.3.2. Código
B13: Etiquetas envolventes
B14: ÁREA
B15: 2.1 Identificación | C15: 2.1.1 Placa de datos (1-5)
C16: 2.1.2. Ident. columna (6)
C17: 2.1.3. Enumeración columna (7)
C18: 2.1.4. Codigo QR (8-9)
B19: 2.2 Avisos | C19: 2.2.1. Riesgo eléctrico (11-13)
C20: 2.2.2. Descarga Eléctrica (14-16)
C21: 2.2.3. Precauciones antes de energizar (17)
C22: 2.2.4. Control de producción (18)
C23: 2.2.5. Control de Mtto preventivo (19)
C24: 2.2.6. Nivel de tension (20)
B25: 2.3 Logos | C25: 2.3.1. Logo del producto(21-22)
C26: 2.3.2. Logo del cliente(23)
C27: 2.3.3. Logo del fabricante(24-25)
B28: 2.4 Instructivos | C28: 2.4.1. Mimico de operación (26)
C29: 2.4.2. Manipulación gavetas(27)
C30: 2.4.3 Arco eléctrico (28)
B31: 2.5 Requerimiento del cliente | C31: 2.5.1 Nombre del tablero
C32: 2.5.2 Cuadro de cargas
C33: 2.5.3 Nímero de columnas
B36: Etiquetas cubiculos
B37: Cubículo | C37: APE | E37: Observaciones | F37: DET | H37: LDP | I37: Observaciones
C38: Código | D38: Cantidad | F38: Código | G38: Cantidad
