Workbook
Name ATS_400: #REF!
Name ATS_720: #REF!
Name U100X400: #REF!
Name U100X720: #REF!
Name U150X400: #REF!
Name U150X720: #REF!
Name U200X400: #REF!
Name U200X720: #REF!
Name U250X400: #REF!
Name U250X720: #REF!
Name U400X400: #REF!
Name U400X720: #REF!
Name UCVS100X720H: #REF!
Name UCVS100X720VC: #REF!
Name UCVS100X720VE: #REF!
Name UNS1600X720VC: #REF!
Name UNSX100X720H: #REF!
Name UNSX100X720VC: #REF!
Name UNSX100X720VE: #REF!
Name UPGoPact100X720: #REF!
Name UPGoPact250X720H: #REF!
Name UPNSX100X720H: #REF!

Sheet INICIO
GW4: #VALUE!

Sheet BD
S1: Alto : | Y1: H | Z1: =MID(AA1,1,2) -> 22 | AA1: 2200
S2: Ancho : | Y2: W | Z2: =MID(AA2,1,2) -> 72 | AA2: 720
S3: Profundo: | Y3: D | Z3: =MID(AA3,1,2) -> 60 | AA3: 600
S4: IP: | AA4: 30 | AD4: 1 | AE4: 2 | AF4: 3 | AG4: 4 | AH4: 5 | AI4: 6 | AJ4: 7 | AK4: 8 | AL4: 9 | AM4: 10 | AN4: 11 | AO4: 12 | AP4: 13 | AQ4: 14 | AR4: 15 | AS4: 16 | AT4: 17 | AU4: 18 | AV4: 19 | AW4: 20 | AX4: 21 | AY4: 22 | BL4: Caracteristicas | BP4: HBB | CJ4: VBB | DD4: 1
B5: Codigo | C5: Categoria | G5: Alto | I5: Ancho | K5: Profundo | M5: Criterio1 | N5: Criterio2 | O5: Criterio3 | P5: Criterio4 | Q5: Definición | U5: Categoria | V5: Criterio5 | W5: Criterio1 | X5: Criterio2 | Y5: Criterio3 | Z5: CodigoB | AA5: Codigo | AD5: REFERENCIA | AE5: Info | AG5: Tipo | AH5: Linea | AI5: Orientacion | AJ5: Montaje | AK5: Operacion0 | AL5: Ancho | AM5: Profundo | AN5: Topping | AO5: REFERENCIA | AV5: FM | AW5: PM | AX5: UM | AY5: Definicion | BN5: Icc | BO5: In | BP5: W (mm) | BQ5: Codigo | BR5: Interruptor | BS5: 100 A | BT5: 250 A | BU5: 400 A | BV5: 630 A | BW5: 800 A | BX5: 1000 A | BY5: 1250 A | BZ5: 1600 A | CA5: 2000 A | CB5: 2500 A | CC5: 3200 A | CD5: 4000 A | CJ5: L(mm) | CK5: Codigo | CL5: Interruptor | CM5: 100 A | CN5: 250 A | CO5: 400 A | CP5: 630 A | CQ5: 800 A | CR5: 1000 A | CS5: 1250 A | CT5: 1600 A | DD5: Codigo | DF5: SubCodigo1 | DH5: SubCodigo2
A6: 1 | B6: =MID(H6,1,2)&MID(J6,1,2)&MID(L6,1,2)&MID(C6,1,2)&MID(M6,1,1)&MID(N6,1,1)&MID(O6,1,1)&MID(P6,1,3) -> 182040Ma | C6: Marco | D6: 1017000 | E6: 1014000 | F6: 1010020 | G6: =IF(H6<>"","H:","") -> H: | H6: 1800 | I6: =IF(J6<>"","W:","") -> W: | J6: 200 | K6: =IF(L6<>"","D:","") -> D: | L6: 400 | Q6: =IF(B6<>"",(C6&M6&N6&O6&P6&" / "&G6&H6&I6&J6&K6&L6&" mm"),"") -> Marco / H:1800W:200D:400 mm | S6: 1.1.1. | T6: Marco | U6: Ma | V6: =Z1&Z2&Z3 -> 227260 | Z6: =V6&U6&MID(W6,1,1)&MID(X6,1,1)&MID(Y6,1,3) -> 227260Ma | AA6: =VLOOKUP(Z6,$B$6:$D$526,3,FALSE) -> 1017033 | AD6: =AO6&AP6&AQ6&AR6&AS6&AT6&AN6&AU6 -> IMBVFPW2- | AE6: UF. | AF6: de | AG6: Integrada | AH6: Mini Breaker | AI6: Vertical | AJ6: Fijo | AK6: Palanca | AL6: W:400 | AN6: - | AO6: =MID(AG6,1,1) -> I | AP6: {=IFERROR(_xlfn.IFS(AH6="Mini Breaker ","MB",AH6="GoPact ","GP",AH6="EZC 100 ","EZ1",AH6="EZC 250 ","EZ2",AH6="CVS/NSX 250 ","CV2",AH6="CVS/NSX/EZC 630 ","CV6",AH6="NS 1600 ","NS1",AH6="NW/MTZ 4000 ","NW4",AH6="Conmutador PEQ. ","CP",AH6="Conmutador MED. ","CM",AH6="Conmutador GRA. ","CG",AH6="Contactores ","CK"),"")} -> MB | AQ6: {=_xlfn.IFS(AI6="Horizontal ","H",AI6="Horizontal COMPUESTA ","HC",AI6="Vertical ","V",AI6="Vertical Compacta ","VC",AI6="Vertical Extendida ","VE")} -> V | AR6: =MID(AJ6,1,1) -> F | AS6: =MID(AK6,1,1) -> P | AT6: {=IFERROR(_xlfn.IFS(AL6="W:200 ","W1",AL6="W:400 ","W2",AL6="W:720 ","W3",AL6="W:800 ","W4",AL6="W:1120 ","W5"),"")} -> W2 | AU6: {=IFERROR(_xlfn.IFS(AM6="D:400 ","D1",AM6="D:600 ","D2",AM6="D:1000 ","D3"),"")} | AV6: 021125 | AW6: 024000 | AX6: 4 | AY6: =AE6&AF6&AH6&AI6&AJ6&AK6&AL6&AM6&AN6 -> UF. de Mini Breaker Vertical Fijo Palanca W:400 - | BF6: =BG6&BH6&BI6&BJ6 -> 1AH | BG6: {=_xlfn.IFS(BN6="10 - 25",1,BN6="10 - 40",2,BN6="10 - 65",3,BN6="10 - 85",4)} -> 1 | BH6: {=_xlfn.IFS(BO6="630","A",BO6="1250","B",BO6="1600","C",BO6="2000","D",BO6="2500","E",BO6="3200","F",BO6="4000","G",BO6="5000","H",BO6="6300","I",BO6="7000","J")} -> A | BI6: H | BJ6: {=IFERROR(_xlfn.IFS(BP6="400 + 400","X",BP6="720","Y",BP6="1120","Z"),"")} | BL6: TC | BN6: 10 - 25 | BO6: 630 | BP6: - | BQ6: - | BR6: EZC | BS6: - | BT6: - | BU6: - | BV6: - | BW6: - | BX6: - | BY6: - | BZ6: - | CA6: - | CB6: - | CC6: - | CD6: - | CF6: =BG6&BH6&CG6&CH6 -> 1AVM | CG6: V | CH6: {=IFERROR(_xlfn.IFS(CJ6="1/4","M",CJ6="1/2","N",CJ6="3/4","O",CJ6="1","P"),"")} -> M | CJ6: 1/4 | CK6: 037000 | CL6: EZC | CM6: 047001 | CN6: 047002 | CO6: 047003 | CP6: 047004 | CQ6: - | CR6: - | CS6: - | CT6: - | DD6: 017000 | DE6: =IF(DD6<>"",$DD$4&DD6,"") -> 1017000 | DF6: 014000 | DG6: =IF(DF6<>"",$DD$4&DF6,"") -> 1014000 | DH6: 010020 | DI6: =IF(DH6<>"",$DD$4&DH6,"") -> 1010020
A7: 2 | B7: =MID(H7,1,2)&MID(J7,1,2)&MID(L7,1,2)&MID(C7,1,2)&MID(M7,1,1)&MID(N7,1,1)&MID(O7,1,1)&MID(P7,1,3) -> 182060Ma | C7: Marco | D7: 1017001 | E7: 1014001 | F7: 1010020 | G7: =IF(H7<>"","H:","") -> H: | H7: 1800 | I7: =IF(J7<>"","W:","") -> W: | J7: 200 | K7: =IF(L7<>"","D:","") -> D: | L7: 600 | Q7: =IF(B7<>"",(C7&M7&N7&O7&P7&" / "&G7&H7&I7&J7&K7&L7&" mm"),"") -> Marco / H:1800W:200D:600 mm | S7: 1.1.2. | T7: Puerta/Marco liso | U7: Pu | V7: =Z1&Z2 -> 2272 | W7: Plena | Z7: =V7&U7&MID(W7,1,1)&MID(X7,1,1)&MID(Y7,1,3) -> 2272PuP | AA7: =VLOOKUP(Z7,$B$6:$D$526,3,FALSE) -> 1014109 | AD7: =AO7&AP7&AQ7&AR7&AS7&AT7&AN7&AU7 -> IMBVFPW3- | AE7: UF. | AF7: de | AG7: Integrada | AH7: Mini Breaker | AI7: Vertical | AJ7: Fijo | AK7: Palanca | AL7: W:720 | AN7: - | AO7: =MID(AG7,1,1) -> I | AP7: {=IFERROR(_xlfn.IFS(AH7="Mini Breaker ","MB",AH7="GoPact ","GP",AH7="EZC 100 ","EZ1",AH7="EZC 250 ","EZ2",AH7="CVS/NSX 250 ","CV2",AH7="CVS/NSX/EZC 630 ","CV6",AH7="NS 1600 ","NS1",AH7="NW/MTZ 4000 ","NW4",AH7="Conmutador PEQ. ","CP",AH7="Conmutador MED. ","CM",AH7="Conmutador GRA. ","CG",AH7="Contactores ","CK"),"")} -> MB | AQ7: {=_xlfn.IFS(AI7="Horizontal ","H",AI7="Horizontal COMPUESTA ","HC",AI7="Vertical ","V",AI7="Vertical Compacta ","VC",AI7="Vertical Extendida ","VE")} -> V | AR7: =MID(AJ7,1,1) -> F | AS7: =MID(AK7,1,1) -> P | AT7: {=IFERROR(_xlfn.IFS(AL7="W:200 ","W1",AL7="W:400 ","W2",AL7="W:720 ","W3",AL7="W:800 ","W4",AL7="W:1120 ","W5"),"")} -> W3 | AU7: {=IFERROR(_xlfn.IFS(AM7="D:400 ","D1",AM7="D:600 ","D2",AM7="D:1000 ","D3"),"")} | AV7: 021050 | AW7: 024001 | AX7: 4 | AY7: =AE7&AF7&AH7&AI7&AJ7&AK7&AL7&AM7&AN7 -> UF. de Mini Breaker Vertical Fijo Palanca W:720 - | BF7: =BG7&BH7&BI7&BJ7 -> 1AH | BG7: =BG6 -> 1 | BH7: =BH6 -> A | BI7: =BI6 -> H | BJ7: {=IFERROR(_xlfn.IFS(BP7="400 + 400","X",BP7="720","Y",BP7="1120","Z"),"")} | BP7: - | BQ7: - | BR7: CVS | BS7: - | BT7: - | BU7: - | BV7: - | BW7: - | BX7: - | BY7: - | BZ7: - | CA7: - | CB7: - | CC7: - | CD7: - | CF7: =BG7&BH7&CG7&CH7 -> 1AVN | CG7: V | CH7: {=IFERROR(_xlfn.IFS(CJ7="1/4","M",CJ7="1/2","N",CJ7="3/4","O",CJ7="1","P"),"")} -> N | CJ7: 1/2 | CK7: 037001 | CL7: CVS | CM7: 047005 | CN7: 047006 | CO7: 047007 | CP7: 047008 | CQ7: - | CR7: - | CS7: - | CT7: - | DD7: 017001 | DE7: =IF(DD7<>"",$DD$4&DD7,"") -> 1017001 | DF7: 014001 | DG7: =IF(DF7<>"",$DD$4&DF7,"") -> 1014001 | DH7: 010020 | DI7: =IF(DH7<>"",$DD$4&DH7,"") -> 1010020
A8: 3 | B8: =MID(H8,1,2)&MID(J8,1,2)&MID(L8,1,2)&MID(C8,1,2)&MID(M8,1,1)&MID(N8,1,1)&MID(O8,1,1)&MID(P8,1,3) -> 182010Ma | C8: Marco | D8: 1017002 | E8: 1014002 | F8: 1010020 | G8: =IF(H8<>"","H:","") -> H: | H8: 1800 | I8: =IF(J8<>"","W:","") -> W: | J8: 200 | K8: =IF(L8<>"","D:","") -> D: | L8: 1000 | Q8: =IF(B8<>"",(C8&M8&N8&O8&P8&" / "&G8&H8&I8&J8&K8&L8&" mm"),"") -> Marco / H:1800W:200D:1000 mm | S8: 1.1.3. | T8: Kit paneles laterales | U8: PaL | V8: =Z1&Z3 -> 2260 | W8: Pleno | Z8: =V8&U8&MID(W8,1,1)&MID(X8,1,1)&MID(Y8,1,3) -> 2260PaLP | AA8: =VLOOKUP(Z8,$B$6:$D$526,3,FALSE) -> 1014032 | AD8: =AO8&AP8&AQ8&AR8&AS8&AT8&AN8&AU8 -> ICV2VCFPW3- | AE8: UF. | AF8: de | AG8: Integrada | AH8: CVS/NSX 250 | AI8: Vertical Compacta | AJ8: Fijo | AK8: Palanca | AL8: W:720 | AN8: - | AO8: =MID(AG8,1,1) -> I | AP8: {=IFERROR(_xlfn.IFS(AH8="Mini Breaker ","MB",AH8="GoPact ","GP",AH8="EZC 100 ","EZ1",AH8="EZC 250 ","EZ2",AH8="CVS/NSX 250 ","CV2",AH8="CVS/NSX/EZC 630 ","CV6",AH8="NS 1600 ","NS1",AH8="NW/MTZ 4000 ","NW4",AH8="Conmutador PEQ. ","CP",AH8="Conmutador MED. ","CM",AH8="Conmutador GRA. ","CG",AH8="Contactores ","CK"),"")} -> CV2 | AQ8: {=_xlfn.IFS(AI8="Horizontal ","H",AI8="Horizontal COMPUESTA ","HC",AI8="Vertical ","V",AI8="Vertical Compacta ","VC",AI8="Vertical Extendida ","VE")} -> VC | AR8: =MID(AJ8,1,1) -> F | AS8: =MID(AK8,1,1) -> P | AT8: {=IFERROR(_xlfn.IFS(AL8="W:200 ","W1",AL8="W:400 ","W2",AL8="W:720 ","W3",AL8="W:800 ","W4",AL8="W:1120 ","W5"),"")} -> W3 | AU8: {=IFERROR(_xlfn.IFS(AM8="D:400 ","D1",AM8="D:600 ","D2",AM8="D:1000 ","D3"),"")} | AV8: 021058 | AW8: 024002 | AX8: 7 | AY8: =AE8&AF8&AH8&AI8&AJ8&AK8&AL8&AM8&AN8 -> UF. de CVS/NSX 250 Vertical Compacta Fijo Palanca W:720 - | BF8: =BG8&BH8&BI8&BJ8 -> 1AH | BG8: =BG7 -> 1 | BH8: =BH6 -> A | BI8: =BI7 -> H | BJ8: {=IFERROR(_xlfn.IFS(BP8="400 + 400","X",BP8="720","Y",BP8="1120","Z"),"")} | BP8: - | BQ8: - | BR8: NSX | BS8: - | BT8: - | BU8: - | BV8: - | BW8: - | BX8: - | BY8: - | BZ8: - | CA8: - | CB8: - | CC8: - | CD8: - | CF8: =BG8&BH8&CG8&CH8 -> 1AVO | CG8: V | CH8: {=IFERROR(_xlfn.IFS(CJ8="1/4","M",CJ8="1/2","N",CJ8="3/4","O",CJ8="1","P"),"")} -> O | CJ8: 3/4 | CK8: 037002 | CL8: NSX | DD8: 017002 | DE8: =IF(DD8<>"",$DD$4&DD8,"") -> 1017002 | DF8: 014002 | DG8: =IF(DF8<>"",$DD$4&DF8,"") -> 1014002 | DH8: 010020 | DI8: =IF(DH8<>"",$DD$4&DH8,"") -> 1010020
A9: 4 | B9: =MID(H9,1,2)&MID(J9,1,2)&MID(L9,1,2)&MID(C9,1,2)&MID(M9,1,1)&MID(N9,1,1)&MID(O9,1,1)&MID(P9,1,3) -> 184040Ma | C9: Marco | D9: 1017003 | E9: 1014000 | F9: 1010021 | G9: =IF(H9<>"","H:","") -> H: | H9: 1800 | I9: =IF(J9<>"","W:","") -> W: | J9: 400 | K9: =IF(L9<>"","D:","") -> D: | L9: 400 | Q9: =IF(B9<>"",(C9&M9&N9&O9&P9&" / "&G9&H9&I9&J9&K9&L9&" mm"),"") -> Marco / H:1800W:400D:400 mm | S9: 1.1.4. | T9: Panel posterior | U9: PaP | V9: =Z1&Z2 -> 2272 | W9: Pleno | Z9: =V9&U9&MID(W9,1,1)&MID(X9,1,1)&MID(Y9,1,3) -> 2272PaPP | AA9: =VLOOKUP(Z9,$B$6:$D$526,3,FALSE) -> 1014061 | AD9: =AO9&AP9&AQ9&AR9&AS9&AT9&AN9&AU9 -> ICV2VEFPW3- | AE9: UF. | AF9: de | AG9: Integrada | AH9: CVS/NSX 250 | AI9: Vertical Extendida | AJ9: Fijo | AK9: Palanca | AL9: W:720 | AN9: - | AO9: =MID(AG9,1,1) -> I | AP9: {=IFERROR(_xlfn.IFS(AH9="Mini Breaker ","MB",AH9="GoPact ","GP",AH9="EZC 100 ","EZ1",AH9="EZC 250 ","EZ2",AH9="CVS/NSX 250 ","CV2",AH9="CVS/NSX/EZC 630 ","CV6",AH9="NS 1600 ","NS1",AH9="NW/MTZ 4000 ","NW4",AH9="Conmutador PEQ. ","CP",AH9="Conmutador MED. ","CM",AH9="Conmutador GRA. ","CG",AH9="Contactores ","CK"),"")} -> CV2 | AQ9: {=_xlfn.IFS(AI9="Horizontal ","H",AI9="Horizontal COMPUESTA ","HC",AI9="Vertical ","V",AI9="Vertical Compacta ","VC",AI9="Vertical Extendida ","VE")} -> VE | AR9: =MID(AJ9,1,1) -> F | AS9: =MID(AK9,1,1) -> P | AT9: {=IFERROR(_xlfn.IFS(AL9="W:200 ","W1",AL9="W:400 ","W2",AL9="W:720 ","W3",AL9="W:800 ","W4",AL9="W:1120 ","W5"),"")} -> W3 | AU9: {=IFERROR(_xlfn.IFS(AM9="D:400 ","D1",AM9="D:600 ","D2",AM9="D:1000 ","D3"),"")} | AV9: 021099 | AW9: 024003 | AX9: 7 | AY9: =AE9&AF9&AH9&AI9&AJ9&AK9&AL9&AM9&AN9 -> UF. de CVS/NSX 250 Vertical Extendida Fijo Palanca W:720 - | BF9: =BG9&BH9&BI9&BJ9 -> 1AH | BG9: =BG8 -> 1 | BH9: =BH6 -> A | BI9: =BI8 -> H | BJ9: {=IFERROR(_xlfn.IFS(BP9="400 + 400","X",BP9="720","Y",BP9="1120","Z"),"")} | BP9: - | BQ9: - | BR9: - | BS9: - | BT9: - | BU9: - | BV9: - | BW9: - | BX9: - | BY9: - | BZ9: - | CA9: - | CB9: - | CC9: - | CD9: - | CF9: =BG9&BH9&CG9&CH9 -> 1AVP | CG9: V | CH9: {=IFERROR(_xlfn.IFS(CJ9="1/4","M",CJ9="1/2","N",CJ9="3/4","O",CJ9="1","P"),"")} -> P | CJ9: 1 | CK9: 037003 | CL9: - | CM9: - | CN9: - | CO9: - | CP9: - | CQ9: - | CR9: - | CS9: - | CT9: - | DD9: 017003 | DE9: =IF(DD9<>"",$DD$4&DD9,"") -> 1017003 | DF9: 014000 | DG9: =IF(DF9<>"",$DD$4&DF9,"") -> 1014000 | DH9: 010021 | DI9: =IF(DH9<>"",$DD$4&DH9,"") -> 1010021
A10: 5 | B10: =MID(H10,1,2)&MID(J10,1,2)&MID(L10,1,2)&MID(C10,1,2)&MID(M10,1,1)&MID(N10,1,1)&MID(O10,1,1)&MID(P10,1,3) -> 184060Ma | C10: Marco | D10: 1017004 | E10: 1014001 | F10: 1010021 | G10: =IF(H10<>"","H:","") -> H: | H10: 1800 | I10: =IF(J10<>"","W:","") -> W: | J10: 400 | K10: =IF(L10<>"","D:","") -> D: | L10: 600 | Q10: =IF(B10<>"",(C10&M10&N10&O10&P10&" / "&G10&H10&I10&J10&K10&L10&" mm"),"") -> Marco / H:1800W:400D:600 mm | S10: 1.1.5. | T10: Panel superior | U10: Pa | V10: =Z2&Z3 -> 7260 | W10: Superior | Z10: =V10&U10&MID(W10,1,1)&MID(X10,1,1)&MID(Y10,1,3) -> 7260PaS | AA10: =VLOOKUP(Z10,$B$6:$D$526,3,FALSE) -> 1010057 | AD10: =AO10&AP10&AQ10&AR10&AS10&AT10&AN10&AU10 -> ICV2VCFMW3- | AE10: UF. | AF10: de | AG10: Integrada | AH10: CVS/NSX 250 | AI10: Vertical Compacta | AJ10: Fijo | AK10: Motorizado | AL10: W:720 | AN10: - | AO10: =MID(AG10,1,1) -> I | AP10: {=IFERROR(_xlfn.IFS(AH10="Mini Breaker ","MB",AH10="GoPact ","GP",AH10="EZC 100 ","EZ1",AH10="EZC 250 ","EZ2",AH10="CVS/NSX 250 ","CV2",AH10="CVS/NSX/EZC 630 ","CV6",AH10="NS 1600 ","NS1",AH10="NW/MTZ 4000 ","NW4",AH10="Conmutador PEQ. ","CP",AH10="Conmutador MED. ","CM",AH10="Conmutador GRA. ","CG",AH10="Contactores ","CK"),"")} -> CV2 | AQ10: {=_xlfn.IFS(AI10="Horizontal ","H",AI10="Horizontal COMPUESTA ","HC",AI10="Vertical ","V",AI10="Vertical Compacta ","VC",AI10="Vertical Extendida ","VE")} -> VC | AR10: =MID(AJ10,1,1) -> F | AS10: =MID(AK10,1,1) -> M | AT10: {=IFERROR(_xlfn.IFS(AL10="W:200 ","W1",AL10="W:400 ","W2",AL10="W:720 ","W3",AL10="W:800 ","W4",AL10="W:1120 ","W5"),"")} -> W3 | AU10: {=IFERROR(_xlfn.IFS(AM10="D:400 ","D1",AM10="D:600 ","D2",AM10="D:1000 ","D3"),"")} | AV10: 021129 | AW10: 024002 | AX10: 7 | AY10: =AE10&AF10&AH10&AI10&AJ10&AK10&AL10&AM10&AN10 -> UF. de CVS/NSX 250 Vertical Compacta Fijo Motorizado W:720 - | BF10: =BG10&BH10&BI10&BJ10 -> 2BHY | BG10: {=_xlfn.IFS(BN10="10 - 25",1,BN10="10 - 40",2,BN10="10 - 65",3,BN10="10 - 85",4)} -> 2 | BH10: {=_xlfn.IFS(BO10="630","A",BO10="1250","B",BO10="1600","C",BO10="2000","D",BO10="2500","E",BO10="3200","F",BO10="4000","G",BO10="5000","H",BO10="6300","I",BO10="7000","J")} -> B | BI10: H | BJ10: {=IFERROR(_xlfn.IFS(BP10="400 + 400","X",BP10="720","Y",BP10="1120","Z"),"")} -> Y | BL10: TC | BM10: TM | BN10: 10 - 40 | BO10: 1250 | BP10: 720 | BQ10: 038000 | BR10: EZC | BS10: 048001 | BT10: 048002 | BU10: 048003 | BV10: 048004 | BW10: - | BX10: - | BY10: - | BZ10: - | CA10: - | CB10: - | CC10: - | CD10: - | CF10: =BG10&BH10&CG10&CH10 -> 2BVM | CG10: V | CH10: {=IFERROR(_xlfn.IFS(CJ10="1/4","M",CJ10="1/2","N",CJ10="3/4","O",CJ10="1","P"),"")} -> M | CJ10: 1/4 | CK10: 037004 | CL10: EZC | CM10: 047009 | CN10: 047010 | CO10: 047011 | CP10: 047012 | CQ10: - | CR10: - | CS10: - | CT10: - | DD10: 017004 | DE10: =IF(DD10<>"",$DD$4&DD10,"") -> 1017004 | DF10: 014001 | DG10: =IF(DF10<>"",$DD$4&DF10,"") -> 1014001 | DH10: 010021 | DI10: =IF(DH10<>"",$DD$4&DH10,"") -> 1010021
A11: 6 | B11: =MID(H11,1,2)&MID(J11,1,2)&MID(L11,1,2)&MID(C11,1,2)&MID(M11,1,1)&MID(N11,1,1)&MID(O11,1,1)&MID(P11,1,3) -> 184010Ma | C11: Marco | D11: 1017005 | E11: 1014002 | F11: 1010021 | G11: =IF(H11<>"","H:","") -> H: | H11: 1800 | I11: =IF(J11<>"","W:","") -> W: | J11: 400 | K11: =IF(L11<>"","D:","") -> D: | L11: 1000 | Q11: =IF(B11<>"",(C11&M11&N11&O11&P11&" / "&G11&H11&I11&J11&K11&L11&" mm"),"") -> Marco / H:1800W:400D:1000 mm | S11: 1.1.6. | T11: Base inferior | U11: Ba | V11: =Z2&Z3 -> 7260 | W11: Estructural | Z11: =V11&U11&MID(W11,1,1)&MID(X11,1,1)&MID(Y11,1,3) -> 7260BaE | AA11: =VLOOKUP(Z11,$B$6:$D$526,3,FALSE) -> 1015007 | AD11: =AO11&AP11&AQ11&AR11&AS11&AT11&AN11&AU11 -> ICV2VEFMW3- | AE11: UF. | AF11: de | AG11: Integrada | AH11: CVS/NSX 250 | AI11: Vertical Extendida | AJ11: Fijo | AK11: Motorizado | AL11: W:720 | AN11: - | AO11: =MID(AG11,1,1) -> I | AP11: {=IFERROR(_xlfn.IFS(AH11="Mini Breaker ","MB",AH11="GoPact ","GP",AH11="EZC 100 ","EZ1",AH11="EZC 250 ","EZ2",AH11="CVS/NSX 250 ","CV2",AH11="CVS/NSX/EZC 630 ","CV6",AH11="NS 1600 ","NS1",AH11="NW/MTZ 4000 ","NW4",AH11="Conmutador PEQ. ","CP",AH11="Conmutador MED. ","CM",AH11="Conmutador GRA. ","CG",AH11="Contactores ","CK"),"")} -> CV2 | AQ11: {=_xlfn.IFS(AI11="Horizontal ","H",AI11="Horizontal COMPUESTA ","HC",AI11="Vertical ","V",AI11="Vertical Compacta ","VC",AI11="Vertical Extendida ","VE")} -> VE | AR11: =MID(AJ11,1,1) -> F | AS11: =MID(AK11,1,1) -> M | AT11: {=IFERROR(_xlfn.IFS(AL11="W:200 ","W1",AL11="W:400 ","W2",AL11="W:720 ","W3",AL11="W:800 ","W4",AL11="W:1120 ","W5"),"")} -> W3 | AU11: {=IFERROR(_xlfn.IFS(AM11="D:400 ","D1",AM11="D:600 ","D2",AM11="D:1000 ","D3"),"")} | AV11: 021130 | AW11: 024003 | AX11: 7 | AY11: =AE11&AF11&AH11&AI11&AJ11&AK11&AL11&AM11&AN11 -> UF. de CVS/NSX 250 Vertical Extendida Fijo Motorizado W:720 - | BF11: =BG11&BH11&BI11&BJ11 -> 2BHZ | BG11: =BG10 -> 2 | BH11: =BH10 -> B | BI11: =BI10 -> H | BJ11: {=IFERROR(_xlfn.IFS(BP11="400 + 400","X",BP11="720","Y",BP11="1120","Z"),"")} -> Z | BP11: 1120 | BQ11: 038001 | BR11: CVS | BS11: 048005 | BT11: 048006 | BU11: 048007 | BV11: 048008 | BW11: - | BX11: - | BY11: - | BZ11: - | CA11: - | CB11: - | CC11: - | CD11: - | CF11: =BG11&BH11&CG11&CH11 -> 2BVN | CG11: V | CH11: {=IFERROR(_xlfn.IFS(CJ11="1/4","M",CJ11="1/2","N",CJ11="3/4","O",CJ11="1","P"),"")} -> N | CJ11: 1/2 | CK11: 037005 | CL11: CVS | CM11: 047013 | CN11: 047014 | CO11: 047015 | CP11: 047016 | CQ11: - | CR11: - | CS11: - | CT11: - | DD11: 017005 | DE11: =IF(DD11<>"",$DD$4&DD11,"") -> 1017005 | DF11: 014002 | DG11: =IF(DF11<>"",$DD$4&DF11,"") -> 1014002 | DH11: 010021 | DI11: =IF(DH11<>"",$DD$4&DH11,"") -> 1010021
A12: 7 | B12: =MID(H12,1,2)&MID(J12,1,2)&MID(L12,1,2)&MID(C12,1,2)&MID(M12,1,1)&MID(N12,1,1)&MID(O12,1,1)&MID(P12,1,3) -> 187240Ma | C12: Marco | D12: 1017006 | E12: 1014000 | F12: 1010022 | G12: =IF(H12<>"","H:","") -> H: | H12: 1800 | I12: =IF(J12<>"","W:","") -> W: | J12: 720 | K12: =IF(L12<>"","D:","") -> D: | L12: 400 | Q12: =IF(B12<>"",(C12&M12&N12&O12&P12&" / "&G12&H12&I12&J12&K12&L12&" mm"),"") -> Marco / H:1800W:720D:400 mm | S12: 1.1.7. | T12: Kit tapa zocalos laterales | U12: Zo | V12: =Z3 -> 60 | W12: Laterales | Z12: =V12&U12&MID(W12,1,1)&MID(X12,1,1)&MID(Y12,1,3) -> 60ZoL | AA12: =VLOOKUP(Z12,$B$6:$D$526,3,FALSE) -> 1010177 | AD12: =AO12&AP12&AQ12&AR12&AS12&AT12&AN12&AU12 -> ICV2VFPW2- | AE12: UF. | AF12: de | AG12: Integrada | AH12: CVS/NSX 250 | AI12: Vertical | AJ12: Fijo | AK12: Palanca | AL12: W:400 | AN12: - | AO12: =MID(AG12,1,1) -> I | AP12: {=IFERROR(_xlfn.IFS(AH12="Mini Breaker ","MB",AH12="GoPact ","GP",AH12="EZC 100 ","EZ1",AH12="EZC 250 ","EZ2",AH12="CVS/NSX 250 ","CV2",AH12="CVS/NSX/EZC 630 ","CV6",AH12="NS 1600 ","NS1",AH12="NW/MTZ 4000 ","NW4",AH12="Conmutador PEQ. ","CP",AH12="Conmutador MED. ","CM",AH12="Conmutador GRA. ","CG",AH12="Contactores ","CK"),"")} -> CV2 | AQ12: {=_xlfn.IFS(AI12="Horizontal ","H",AI12="Horizontal COMPUESTA ","HC",AI12="Vertical ","V",AI12="Vertical Compacta ","VC",AI12="Vertical Extendida ","VE")} -> V | AR12: =MID(AJ12,1,1) -> F | AS12: =MID(AK12,1,1) -> P | AT12: {=IFERROR(_xlfn.IFS(AL12="W:200 ","W1",AL12="W:400 ","W2",AL12="W:720 ","W3",AL12="W:800 ","W4",AL12="W:1120 ","W5"),"")} -> W2 | AU12: {=IFERROR(_xlfn.IFS(AM12="D:400 ","D1",AM12="D:600 ","D2",AM12="D:1000 ","D3"),"")} | AV12: 021133 | AW12: 024004 | AX12: 7 | AY12: =AE12&AF12&AH12&AI12&AJ12&AK12&AL12&AM12&AN12 -> UF. de CVS/NSX 250 Vertical Fijo Palanca W:400 - | BF12: =BG12&BH12&BI12&BJ12 -> 2BHX | BG12: =BG11 -> 2 | BH12: =BH10 -> B | BI12: =BI11 -> H | BJ12: {=IFERROR(_xlfn.IFS(BP12="400 + 400","X",BP12="720","Y",BP12="1120","Z"),"")} -> X | BP12: 400 + 400 | BQ12: 038002 | BR12: NSX | BS12: 048005 | BT12: 048006 | BU12: 048007 | BV12: 048008 | BW12: - | BX12: - | BY12: - | BZ12: - | CA12: - | CB12: - | CC12: - | CD12: - | CF12: =BG12&BH12&CG12&CH12 -> 2BVO | CG12: V | CH12: {=IFERROR(_xlfn.IFS(CJ12="1/4","M",CJ12="1/2","N",CJ12="3/4","O",CJ12="1","P"),"")} -> O | CJ12: 3/4 | CK12: 037006 | CL12: NSX | DD12: 017006 | DE12: =IF(DD12<>"",$DD$4&DD12,"") -> 1017006 | DF12: 014000 | DG12: =IF(DF12<>"",$DD$4&DF12,"") -> 1014000 | DH12: 010022 | DI12: =IF(DH12<>"",$DD$4&DH12,"") -> 1010022
A13: 8 | B13: =MID(H13,1,2)&MID(J13,1,2)&MID(L13,1,2)&MID(C13,1,2)&MID(M13,1,1)&MID(N13,1,1)&MID(O13,1,1)&MID(P13,1,3) -> 187260Ma | C13: Marco | D13: 1017007 | E13: 1014001 | F13: 1010022 | G13: =IF(H13<>"","H:","") -> H: | H13: 1800 | I13: =IF(J13<>"","W:","") -> W: | J13: 720 | K13: =IF(L13<>"","D:","") -> D: | L13: 600 | Q13: =IF(B13<>"",(C13&M13&N13&O13&P13&" / "&G13&H13&I13&J13&K13&L13&" mm"),"") -> Marco / H:1800W:720D:600 mm | S13: 1.1.8. | T13: Kit tapa zocalos Frontales | U13: Zo | V13: =Z2 -> 72 | W13: Frontales | Z13: =V13&U13&MID(W13,1,1)&MID(X13,1,1)&MID(Y13,1,3) -> 72ZoF | AA13: =VLOOKUP(Z13,$B$6:$D$526,3,FALSE) -> 1010178 | AD13: =AO13&AP13&AQ13&AR13&AS13&AT13&AN13&AU13 -> ICV2VFMW2- | AE13: UF. | AF13: de | AG13: Integrada | AH13: CVS/NSX 250 | AI13: Vertical | AJ13: Fijo | AK13: Motorizado | AL13: W:400 | AN13: - | AO13: =MID(AG13,1,1) -> I | AP13: {=IFERROR(_xlfn.IFS(AH13="Mini Breaker ","MB",AH13="GoPact ","GP",AH13="EZC 100 ","EZ1",AH13="EZC 250 ","EZ2",AH13="CVS/NSX 250 ","CV2",AH13="CVS/NSX/EZC 630 ","CV6",AH13="NS 1600 ","NS1",AH13="NW/MTZ 4000 ","NW4",AH13="Conmutador PEQ. ","CP",AH13="Conmutador MED. ","CM",AH13="Conmutador GRA. ","CG",AH13="Contactores ","CK"),"")} -> CV2 | AQ13: {=_xlfn.IFS(AI13="Horizontal ","H",AI13="Horizontal COMPUESTA ","HC",AI13="Vertical ","V",AI13="Vertical Compacta ","VC",AI13="Vertical Extendida ","VE")} -> V | AR13: =MID(AJ13,1,1) -> F | AS13: =MID(AK13,1,1) -> M | AT13: {=IFERROR(_xlfn.IFS(AL13="W:200 ","W1",AL13="W:400 ","W2",AL13="W:720 ","W3",AL13="W:800 ","W4",AL13="W:1120 ","W5"),"")} -> W2 | AU13: {=IFERROR(_xlfn.IFS(AM13="D:400 ","D1",AM13="D:600 ","D2",AM13="D:1000 ","D3"),"")} | AV13: 021134 | AW13: 024004 | AX13: 7 | AY13: =AE13&AF13&AH13&AI13&AJ13&AK13&AL13&AM13&AN13 -> UF. de CVS/NSX 250 Vertical Fijo Motorizado W:400 - | BF13: =BG13&BH13&BI13&BJ13 -> 2BH | BG13: =BG12 -> 2 | BH13: =BH10 -> B | BI13: =BI12 -> H | BJ13: {=IFERROR(_xlfn.IFS(BP13="400 + 400","X",BP13="720","Y",BP13="1120","Z"),"")} | BP13: - | BQ13: - | BR13: NS | BS13: - | BT13: - | BU13: - | BV13: - | BW13: 048009 | BX13: 048009 | BY13: 048009 | BZ13: - | CA13: - | CB13: - | CC13: - | CD13: - | CF13: =BG13&BH13&CG13&CH13 -> 2BVP | CG13: V | CH13: {=IFERROR(_xlfn.IFS(CJ13="1/4","M",CJ13="1/2","N",CJ13="3/4","O",CJ13="1","P"),"")} -> P | CJ13: 1 | CK13: 037007 | CL13: NS | CM13: - | CN13: - | CO13: - | CP13: - | CQ13: 047017 | CR13: 047017 | CS13: 047018 | CT13: - | DD13: 017007 | DE13: =IF(DD13<>"",$DD$4&DD13,"") -> 1017007 | DF13: 014001 | DG13: =IF(DF13<>"",$DD$4&DF13,"") -> 1014001 | DH13: 010022 | DI13: =IF(DH13<>"",$DD$4&DH13,"") -> 1010022
A14: 9 | B14: =MID(H14,1,2)&MID(J14,1,2)&MID(L14,1,2)&MID(C14,1,2)&MID(M14,1,1)&MID(N14,1,1)&MID(O14,1,1)&MID(P14,1,3) -> 187210Ma | C14: Marco | D14: 1017008 | E14: 1014002 | F14: 1010022 | G14: =IF(H14<>"","H:","") -> H: | H14: 1800 | I14: =IF(J14<>"","W:","") -> W: | J14: 720 | K14: =IF(L14<>"","D:","") -> D: | L14: 1000 | Q14: =IF(B14<>"",(C14&M14&N14&O14&P14&" / "&G14&H14&I14&J14&K14&L14&" mm"),"") -> Marco / H:1800W:720D:1000 mm | S14: 1.1.9. | T14: Pane linferior | U14: Pa | V14: =Z2&Z3 -> 7260 | W14: Inferior | Z14: =V14&U14&MID(W14,1,1)&MID(X14,1,1)&MID(Y14,1,3) -> 7260PaI | AA14: =VLOOKUP(Z14,$B$6:$D$526,3,FALSE) -> 1014257 | AD14: =AO14&AP14&AQ14&AR14&AS14&AT14&AN14&AU14 -> ICV2HFPW3- | AE14: UF. | AF14: de | AG14: Integrada | AH14: CVS/NSX 250 | AI14: Horizontal | AJ14: Fijo | AK14: Palanca | AL14: W:720 | AN14: - | AO14: =MID(AG14,1,1) -> I | AP14: {=IFERROR(_xlfn.IFS(AH14="Mini Breaker ","MB",AH14="GoPact ","GP",AH14="EZC 100 ","EZ1",AH14="EZC 250 ","EZ2",AH14="CVS/NSX 250 ","CV2",AH14="CVS/NSX/EZC 630 ","CV6",AH14="NS 1600 ","NS1",AH14="NW/MTZ 4000 ","NW4",AH14="Conmutador PEQ. ","CP",AH14="Conmutador MED. ","CM",AH14="Conmutador GRA. ","CG",AH14="Contactores ","CK"),"")} -> CV2 | AQ14: {=_xlfn.IFS(AI14="Horizontal ","H",AI14="Horizontal COMPUESTA ","HC",AI14="Vertical ","V",AI14="Vertical Compacta ","VC",AI14="Vertical Extendida ","VE")} -> H | AR14: =MID(AJ14,1,1) -> F | AS14: =MID(AK14,1,1) -> P | AT14: {=IFERROR(_xlfn.IFS(AL14="W:200 ","W1",AL14="W:400 ","W2",AL14="W:720 ","W3",AL14="W:800 ","W4",AL14="W:1120 ","W5"),"")} -> W3 | AU14: {=IFERROR(_xlfn.IFS(AM14="D:400 ","D1",AM14="D:600 ","D2",AM14="D:1000 ","D3"),"")} | AV14: 021084 | AW14: 024005 | AX14: 4 | AY14: =AE14&AF14&AH14&AI14&AJ14&AK14&AL14&AM14&AN14 -> UF. de CVS/NSX 250 Horizontal Fijo Palanca W:720 - | BF14: =BG14&BH14&BI14&BJ14 -> 2BH | BG14: =BG13 -> 2 | BH14: =BH10 -> B | BI14: =BI13 -> H | BJ14: {=IFERROR(_xlfn.IFS(BP14="400 + 400","X",BP14="720","Y",BP14="1120","Z"),"")} | BP14: - | BQ14: - | BR14: NW | BS14: - | BT14: - | BU14: - | BV14: - | BW14: 048010 | BX14: 048011 | BY14: 048012 | BZ14: - | CA14: - | CB14: - | CC14: - | CD14: - | CF14: =BG14&BH14&CG14&CH14 -> 2BV | CG14: V | CH14: {=IFERROR(_xlfn.IFS(CJ14="1/4","M",CJ14="1/2","N",CJ14="3/4","O",CJ14="1","P"),"")} | CJ14: - | CK14: - | CL14: - | CM14: - | CN14: - | CO14: - | CP14: - | CQ14: - | CR14: - | CS14: - | CT14: - | DD14: 017008 | DE14: =IF(DD14<>"",$DD$4&DD14,"") -> 1017008 | DF14: 014002 | DG14: =IF(DF14<>"",$DD$4&DF14,"") -> 1014002 | DH14: 010022 | DI14: =IF(DH14<>"",$DD$4&DH14,"") -> 1010022
A15: 10 | B15: =MID(H15,1,2)&MID(J15,1,2)&MID(L15,1,2)&MID(C15,1,2)&MID(M15,1,1)&MID(N15,1,1)&MID(O15,1,1)&MID(P15,1,3) -> 181140Ma | C15: Marco | D15: 1017009 | E15: 1014000 | F15: 1010024 | G15: =IF(H15<>"","H:","") -> H: | H15: 1800 | I15: =IF(J15<>"","W:","") -> W: | J15: 1120 | K15: =IF(L15<>"","D:","") -> D: | L15: 400 | Q15: =IF(B15<>"",(C15&M15&N15&O15&P15&" / "&G15&H15&I15&J15&K15&L15&" mm"),"") -> Marco / H:1800W:1120D:400 mm | S15: 1.1.10. | T15: Paral interno vertical total | U15: PaIV | V15: =Z1 -> 22 | W15: Total | Z15: =V15&U15&MID(W15,1,1)&MID(X15,1,1)&MID(Y15,1,3) -> 22PaIVT | AA15: =VLOOKUP(Z15,$B$6:$D$526,3,FALSE) -> 1014154 | AD15: =AO15&AP15&AQ15&AR15&AS15&AT15&AN15&AU15 -> ICV2HFMW3- | AE15: UF. | AF15: de | AG15: Integrada | AH15: CVS/NSX 250 | AI15: Horizontal | AJ15: Fijo | AK15: Motorizado | AL15: W:720 | AN15: - | AO15: =MID(AG15,1,1) -> I | AP15: {=IFERROR(_xlfn.IFS(AH15="Mini Breaker ","MB",AH15="GoPact ","GP",AH15="EZC 100 ","EZ1",AH15="EZC 250 ","EZ2",AH15="CVS/NSX 250 ","CV2",AH15="CVS/NSX/EZC 630 ","CV6",AH15="NS 1600 ","NS1",AH15="NW/MTZ 4000 ","NW4",AH15="Conmutador PEQ. ","CP",AH15="Conmutador MED. ","CM",AH15="Conmutador GRA. ","CG",AH15="Contactores ","CK"),"")} -> CV2 | AQ15: {=_xlfn.IFS(AI15="Horizontal ","H",AI15="Horizontal COMPUESTA ","HC",AI15="Vertical ","V",AI15="Vertical Compacta ","VC",AI15="Vertical Extendida ","VE")} -> H | AR15: =MID(AJ15,1,1) -> F | AS15: =MID(AK15,1,1) -> M | AT15: {=IFERROR(_xlfn.IFS(AL15="W:200 ","W1",AL15="W:400 ","W2",AL15="W:720 ","W3",AL15="W:800 ","W4",AL15="W:1120 ","W5"),"")} -> W3 | AU15: {=IFERROR(_xlfn.IFS(AM15="D:400 ","D1",AM15="D:600 ","D2",AM15="D:1000 ","D3"),"")} | AV15: 025500 | AW15: 024005 | AX15: 4 | AY15: =AE15&AF15&AH15&AI15&AJ15&AK15&AL15&AM15&AN15 -> UF. de CVS/NSX 250 Horizontal Fijo Motorizado W:720 - | BF15: =BG15&BH15&BI15&BJ15 -> 2CHY | BG15: {=_xlfn.IFS(BN15="10 - 25",1,BN15="10 - 40",2,BN15="10 - 65",3,BN15="10 - 85",4)} -> 2 | BH15: {=_xlfn.IFS(BO15="630","A",BO15="1250","B",BO15="1600","C",BO15="2000","D",BO15="2500","E",BO15="3200","F",BO15="4000","G",BO15="5000","H",BO15="6300","I",BO15="7000","J")} -> C | BI15: H | BJ15: {=IFERROR(_xlfn.IFS(BP15="400 + 400","X",BP15="720","Y",BP15="1120","Z"),"")} -> Y | BN15: 10 - 40 | BO15: 1600 | BP15: 720 | BQ15: 038003 | BR15: EZC | BS15: 048001 | BT15: 048002 | BU15: 048003 | BV15: 048004 | BW15: - | BX15: - | BY15: - | BZ15: - | CA15: - | CB15: - | CC15: - | CD15: - | CF15: =BG15&BH15&CG15&CH15 -> 2CVM | CG15: V | CH15: {=IFERROR(_xlfn.IFS(CJ15="1/4","M",CJ15="1/2","N",CJ15="3/4","O",CJ15="1","P"),"")} -> M | CJ15: 1/4 | CK15: 037008 | CL15: EZC | CM15: 047009 | CN15: 047010 | CO15: 047011 | CP15: 047012 | CQ15: - | CR15: - | CS15: - | CT15: - | DD15: 017009 | DE15: =IF(DD15<>"",$DD$4&DD15,"") -> 1017009 | DF15: 014000 | DG15: =IF(DF15<>"",$DD$4&DF15,"") -> 1014000 | DH15: 010024 | DI15: =IF(DH15<>"",$DD$4&DH15,"") -> 1010024
A16: 11 | B16: =MID(H16,1,2)&MID(J16,1,2)&MID(L16,1,2)&MID(C16,1,2)&MID(M16,1,1)&MID(N16,1,1)&MID(O16,1,1)&MID(P16,1,3) -> 181160Ma | C16: Marco | D16: 1017010 | E16: 1014001 | F16: 1010024 | G16: =IF(H16<>"","H:","") -> H: | H16: 1800 | I16: =IF(J16<>"","W:","") -> W: | J16: 1120 | K16: =IF(L16<>"","D:","") -> D: | L16: 600 | Q16: =IF(B16<>"",(C16&M16&N16&O16&P16&" / "&G16&H16&I16&J16&K16&L16&" mm"),"") -> Marco / H:1800W:1120D:600 mm | S16: 1.1.11. | T16: Paral interno vertical intermedio | U16: PaI | V16: 600 | W16: Vertical | Z16: =MID(V16,1,2)&U16&MID(W16,1,1)&MID(X16,1,1)&MID(Y16,1,3) -> 60PaIV | AA16: =VLOOKUP(Z16,$B$6:$D$526,3,FALSE) -> #N/A | AD16: =AO16&AP16&AQ16&AR16&AS16&AT16&AN16&AU16 -> ICV2HFPW3DPS | AE16: UF. | AF16: de | AG16: Integrada | AH16: CVS/NSX 250 | AI16: Horizontal | AJ16: Fijo | AK16: Palanca | AL16: W:720 | AN16: DPS | AO16: =MID(AG16,1,1) -> I | AP16: {=IFERROR(_xlfn.IFS(AH16="Mini Breaker ","MB",AH16="GoPact ","GP",AH16="EZC 100 ","EZ1",AH16="EZC 250 ","EZ2",AH16="CVS/NSX 250 ","CV2",AH16="CVS/NSX/EZC 630 ","CV6",AH16="NS 1600 ","NS1",AH16="NW/MTZ 4000 ","NW4",AH16="Conmutador PEQ. ","CP",AH16="Conmutador MED. ","CM",AH16="Conmutador GRA. ","CG",AH16="Contactores ","CK"),"")} -> CV2 | AQ16: {=_xlfn.IFS(AI16="Horizontal ","H",AI16="Horizontal COMPUESTA ","HC",AI16="Vertical ","V",AI16="Vertical Compacta ","VC",AI16="Vertical Extendida ","VE")} -> H | AR16: =MID(AJ16,1,1) -> F | AS16: =MID(AK16,1,1) -> P | AT16: {=IFERROR(_xlfn.IFS(AL16="W:200 ","W1",AL16="W:400 ","W2",AL16="W:720 ","W3",AL16="W:800 ","W4",AL16="W:1120 ","W5"),"")} -> W3 | AU16: {=IFERROR(_xlfn.IFS(AM16="D:400 ","D1",AM16="D:600 ","D2",AM16="D:1000 ","D3"),"")} | AV16: 021085 | AW16: 024006 | AX16: 4 | AY16: =AE16&AF16&AH16&AI16&AJ16&AK16&AL16&AM16&AN16 -> UF. de CVS/NSX 250 Horizontal Fijo Palanca W:720 DPS | BF16: =BG16&BH16&BI16&BJ16 -> 2CHZ | BG16: =BG15 -> 2 | BH16: =BH15 -> C | BI16: =BI15 -> H | BJ16: {=IFERROR(_xlfn.IFS(BP16="400 + 400","X",BP16="720","Y",BP16="1120","Z"),"")} -> Z | BP16: 1120 | BQ16: 038004 | BR16: CVS | BS16: 048005 | BT16: 048006 | BU16: 048007 | BV16: 048008 | BW16: - | BX16: - | BY16: - | BZ16: - | CA16: - | CB16: - | CC16: - | CD16: - | CF16: =BG16&BH16&CG16&CH16 -> 2CVN | CG16: V | CH16: {=IFERROR(_xlfn.IFS(CJ16="1/4","M",CJ16="1/2","N",CJ16="3/4","O",CJ16="1","P"),"")} -> N | CJ16: 1/2 | CK16: 037009 | CL16: CVS | CM16: 047013 | CN16: 047014 | CO16: 047015 | CP16: 047016 | CQ16: - | CR16: - | CS16: - | CT16: - | DD16: 017010 | DE16: =IF(DD16<>"",$DD$4&DD16,"") -> 1017010 | DF16: 014001 | DG16: =IF(DF16<>"",$DD$4&DF16,"") -> 1014001 | DH16: 010024 | DI16: =IF(DH16<>"",$DD$4&DH16,"") -> 1010024
A17: 12 | B17: =MID(H17,1,2)&MID(J17,1,2)&MID(L17,1,2)&MID(C17,1,2)&MID(M17,1,1)&MID(N17,1,1)&MID(O17,1,1)&MID(P17,1,3) -> 181110Ma | C17: Marco | D17: 1017011 | E17: 1014002 | F17: 1010024 | G17: =IF(H17<>"","H:","") -> H: | H17: 1800 | I17: =IF(J17<>"","W:","") -> W: | J17: 1120 | K17: =IF(L17<>"","D:","") -> D: | L17: 1000 | Q17: =IF(B17<>"",(C17&M17&N17&O17&P17&" / "&G17&H17&I17&J17&K17&L17&" mm"),"") -> Marco / H:1800W:1120D:1000 mm | S17: 1.1.12. | T17: Paral interno horizontal | U17: PaI | V17: 600 | W17: Horizontal | Z17: =MID(V17,1,2)&U17&MID(W17,1,1)&MID(X17,1,1)&MID(Y17,1,3) -> 60PaIH | AA17: =VLOOKUP(Z17,$B$6:$D$526,3,FALSE) -> 1010285 | AD17: =AO17&AP17&AQ17&AR17&AS17&AT17&AN17&AU17 -> ICV2HFPW3HWA | AE17: UF. | AF17: de | AG17: Integrada | AH17: CVS/NSX 250 | AI17: Horizontal | AJ17: Fijo | AK17: Palanca | AL17: W:720 | AN17: HWA | AO17: =MID(AG17,1,1) -> I | AP17: {=IFERROR(_xlfn.IFS(AH17="Mini Breaker ","MB",AH17="GoPact ","GP",AH17="EZC 100 ","EZ1",AH17="EZC 250 ","EZ2",AH17="CVS/NSX 250 ","CV2",AH17="CVS/NSX/EZC 630 ","CV6",AH17="NS 1600 ","NS1",AH17="NW/MTZ 4000 ","NW4",AH17="Conmutador PEQ. ","CP",AH17="Conmutador MED. ","CM",AH17="Conmutador GRA. ","CG",AH17="Contactores ","CK"),"")} -> CV2 | AQ17: {=_xlfn.IFS(AI17="Horizontal ","H",AI17="Horizontal COMPUESTA ","HC",AI17="Vertical ","V",AI17="Vertical Compacta ","VC",AI17="Vertical Extendida ","VE")} -> H | AR17: =MID(AJ17,1,1) -> F | AS17: =MID(AK17,1,1) -> P | AT17: {=IFERROR(_xlfn.IFS(AL17="W:200 ","W1",AL17="W:400 ","W2",AL17="W:720 ","W3",AL17="W:800 ","W4",AL17="W:1120 ","W5"),"")} -> W3 | AU17: {=IFERROR(_xlfn.IFS(AM17="D:400 ","D1",AM17="D:600 ","D2",AM17="D:1000 ","D3"),"")} | AV17: 021087 | AW17: 024007 | AX17: 4 | AY17: =AE17&AF17&AH17&AI17&AJ17&AK17&AL17&AM17&AN17 -> UF. de CVS/NSX 250 Horizontal Fijo Palanca W:720 HWA | BF17: =BG17&BH17&BI17&BJ17 -> 2CHX | BG17: =BG16 -> 2 | BH17: =BH16 -> C | BI17: =BI16 -> H | BJ17: {=IFERROR(_xlfn.IFS(BP17="400 + 400","X",BP17="720","Y",BP17="1120","Z"),"")} -> X | BP17: 400 + 400 | BQ17: 038005 | BR17: NSX | BS17: 048005 | BT17: 048006 | BU17: 048007 | BV17: 048008 | BW17: - | BX17: - | BY17: - | BZ17: - | CA17: - | CB17: - | CC17: - | CD17: - | CF17: =BG17&BH17&CG17&CH17 -> 2CVO | CG17: V | CH17: {=IFERROR(_xlfn.IFS(CJ17="1/4","M",CJ17="1/2","N",CJ17="3/4","O",CJ17="1","P"),"")} -> O | CJ17: 3/4 | CK17: 037010 | CL17: NSX | DD17: 017011 | DE17: =IF(DD17<>"",$DD$4&DD17,"") -> 1017011 | DF17: 014002 | DG17: =IF(DF17<>"",$DD$4&DF17,"") -> 1014002 | DH17: 010024 | DI17: =IF(DH17<>"",$DD$4&DH17,"") -> 1010024
A18: 13 | B18: =MID(H18,1,2)&MID(J18,1,2)&MID(L18,1,2)&MID(C18,1,2)&MID(M18,1,1)&MID(N18,1,1)&MID(O18,1,1)&MID(P18,1,3) -> 202040Ma | C18: Marco | D18: 1017012 | E18: 1014003 | F18: 1010020 | G18: =IF(H18<>"","H:","") -> H: | H18: 2000 | I18: =IF(J18<>"","W:","") -> W: | J18: 200 | K18: =IF(L18<>"","D:","") -> D: | L18: 400 | Q18: =IF(B18<>"",(C18&M18&N18&O18&P18&" / "&G18&H18&I18&J18&K18&L18&" mm"),"") -> Marco / H:2000W:200D:400 mm | S18: 1.1.13. | T18: Ducto de cables | U18: DuC | V18: =Z2 -> 72 | Z18: =V18&U18&MID(W18,1,1)&MID(X18,1,1)&MID(Y18,1,3) -> 72DuC | AA18: =VLOOKUP(Z18,$B$6:$D$526,3,FALSE) -> 1014301 | AD18: =AO18&AP18&AQ18&AR18&AS18&AT18&AN18&AU18 -> ICV2HCFPW3- | AE18: UF. | AF18: de | AG18: Integrada | AH18: CVS/NSX 250 | AI18: Horizontal COMPUESTA | AJ18: Fijo | AK18: Palanca | AL18: W:720 | AN18: - | AO18: =MID(AG18,1,1) -> I | AP18: {=IFERROR(_xlfn.IFS(AH18="Mini Breaker ","MB",AH18="GoPact ","GP",AH18="EZC 100 ","EZ1",AH18="EZC 250 ","EZ2",AH18="CVS/NSX 250 ","CV2",AH18="CVS/NSX/EZC 630 ","CV6",AH18="NS 1600 ","NS1",AH18="NW/MTZ 4000 ","NW4",AH18="Conmutador PEQ. ","CP",AH18="Conmutador MED. ","CM",AH18="Conmutador GRA. ","CG",AH18="Contactores ","CK"),"")} -> CV2 | AQ18: {=_xlfn.IFS(AI18="Horizontal ","H",AI18="Horizontal COMPUESTA ","HC",AI18="Vertical ","V",AI18="Vertical Compacta ","VC",AI18="Vertical Extendida ","VE")} -> HC | AR18: =MID(AJ18,1,1) -> F | AS18: =MID(AK18,1,1) -> P | AT18: {=IFERROR(_xlfn.IFS(AL18="W:200 ","W1",AL18="W:400 ","W2",AL18="W:720 ","W3",AL18="W:800 ","W4",AL18="W:1120 ","W5"),"")} -> W3 | AU18: {=IFERROR(_xlfn.IFS(AM18="D:400 ","D1",AM18="D:600 ","D2",AM18="D:1000 ","D3"),"")} | AV18: 021061 | AW18: 024005 | AX18: 4 | AY18: =AE18&AF18&AH18&AI18&AJ18&AK18&AL18&AM18&AN18 -> UF. de CVS/NSX 250 Horizontal COMPUESTA Fijo Palanca W:720 - | BF18: =BG18&BH18&BI18&BJ18 -> 2CH | BG18: =BG17 -> 2 | BH18: =BH17 -> C | BI18: =BI17 -> H | BJ18: {=IFERROR(_xlfn.IFS(BP18="400 + 400","X",BP18="720","Y",BP18="1120","Z"),"")} | BP18: - | BQ18: - | BR18: NS | BS18: - | BT18: - | BU18: - | BV18: - | BW18: 048009 | BX18: 048009 | BY18: 048009 | BZ18: 048013 | CA18: - | CB18: - | CC18: - | CD18: - | CF18: =BG18&BH18&CG18&CH18 -> 2CVP | CG18: V | CH18: {=IFERROR(_xlfn.IFS(CJ18="1/4","M",CJ18="1/2","N",CJ18="3/4","O",CJ18="1","P"),"")} -> P | CJ18: 1 | CK18: 037011 | CL18: NS | CM18: - | CN18: - | CO18: - | CP18: - | CQ18: 047017 | CR18: 047017 | CS18: 047018 | CT18: 047019 | DD18: 017012 | DE18: =IF(DD18<>"",$DD$4&DD18,"") -> 1017012 | DF18: 014003 | DG18: =IF(DF18<>"",$DD$4&DF18,"") -> 1014003 | DH18: 010020 | DI18: =IF(DH18<>"",$DD$4&DH18,"") -> 1010020
A19: 14 | B19: =MID(H19,1,2)&MID(J19,1,2)&MID(L19,1,2)&MID(C19,1,2)&MID(M19,1,1)&MID(N19,1,1)&MID(O19,1,1)&MID(P19,1,3) -> 202060Ma | C19: Marco | D19: 1017013 | E19: 1014004 | F19: 1010020 | G19: =IF(H19<>"","H:","") -> H: | H19: 2000 | I19: =IF(J19<>"","W:","") -> W: | J19: 200 | K19: =IF(L19<>"","D:","") -> D: | L19: 600 | Q19: =IF(B19<>"",(C19&M19&N19&O19&P19&" / "&G19&H19&I19&J19&K19&L19&" mm"),"") -> Marco / H:2000W:200D:600 mm | S19: 1.1.14. | T19: Kit union posterior | U19: Ki | W19: Union | Z19: =V19&U19&MID(W19,1,1)&MID(X19,1,1)&MID(Y19,1,3) -> KiU | AA19: =VLOOKUP(Z19,$B$6:$D$526,3,FALSE) -> #N/A | AD19: =AO19&AP19&AQ19&AR19&AS19&AT19&AN19&AU19 -> ICV2HCFMW3- | AE19: UF. | AF19: de | AG19: Integrada | AH19: CVS/NSX 250 | AI19: Horizontal COMPUESTA | AJ19: Fijo | AK19: Motorizado | AL19: W:720 | AN19: - | AO19: =MID(AG19,1,1) -> I | AP19: {=IFERROR(_xlfn.IFS(AH19="Mini Breaker ","MB",AH19="GoPact ","GP",AH19="EZC 100 ","EZ1",AH19="EZC 250 ","EZ2",AH19="CVS/NSX 250 ","CV2",AH19="CVS/NSX/EZC 630 ","CV6",AH19="NS 1600 ","NS1",AH19="NW/MTZ 4000 ","NW4",AH19="Conmutador PEQ. ","CP",AH19="Conmutador MED. ","CM",AH19="Conmutador GRA. ","CG",AH19="Contactores ","CK"),"")} -> CV2 | AQ19: {=_xlfn.IFS(AI19="Horizontal ","H",AI19="Horizontal COMPUESTA ","HC",AI19="Vertical ","V",AI19="Vertical Compacta ","VC",AI19="Vertical Extendida ","VE")} -> HC | AR19: =MID(AJ19,1,1) -> F | AS19: =MID(AK19,1,1) -> M | AT19: {=IFERROR(_xlfn.IFS(AL19="W:200 ","W1",AL19="W:400 ","W2",AL19="W:720 ","W3",AL19="W:800 ","W4",AL19="W:1120 ","W5"),"")} -> W3 | AU19: {=IFERROR(_xlfn.IFS(AM19="D:400 ","D1",AM19="D:600 ","D2",AM19="D:1000 ","D3"),"")} | AV19: 025501 | AW19: 024005 | AX19: 4 | AY19: =AE19&AF19&AH19&AI19&AJ19&AK19&AL19&AM19&AN19 -> UF. de CVS/NSX 250 Horizontal COMPUESTA Fijo Motorizado W:720 - | BF19: =BG19&BH19&BI19&BJ19 -> 2CH | BG19: =BG18 -> 2 | BH19: =BH18 -> C | BI19: =BI18 -> H | BJ19: {=IFERROR(_xlfn.IFS(BP19="400 + 400","X",BP19="720","Y",BP19="1120","Z"),"")} | BP19: - | BQ19: - | BR19: NW | BS19: - | BT19: - | BU19: - | BV19: - | BW19: 048010 | BX19: 048011 | BY19: 048012 | BZ19: - | CA19: - | CB19: - | CC19: - | CD19: - | CF19: =BG19&BH19&CG19&CH19 -> 2CV | CG19: V | CH19: {=IFERROR(_xlfn.IFS(CJ19="1/4","M",CJ19="1/2","N",CJ19="3/4","O",CJ19="1","P"),"")} | CJ19: - | CK19: - | CL19: - | CM19: - | CN19: - | CO19: - | CP19: - | CQ19: - | CR19: - | CS19: - | CT19: - | DD19: 017013 | DE19: =IF(DD19<>"",$DD$4&DD19,"") -> 1017013 | DF19: 014004 | DG19: =IF(DF19<>"",$DD$4&DF19,"") -> 1014004 | DH19: 010020 | DI19: =IF(DH19<>"",$DD$4&DH19,"") -> 1010020
A20: 15 | B20: =MID(H20,1,2)&MID(J20,1,2)&MID(L20,1,2)&MID(C20,1,2)&MID(M20,1,1)&MID(N20,1,1)&MID(O20,1,1)&MID(P20,1,3) -> 202010Ma | C20: Marco | D20: 1017014 | E20: 1014005 | F20: 1010020 | G20: =IF(H20<>"","H:","") -> H: | H20: 2000 | I20: =IF(J20<>"","W:","") -> W: | J20: 200 | K20: =IF(L20<>"","D:","") -> D: | L20: 1000 | Q20: =IF(B20<>"",(C20&M20&N20&O20&P20&" / "&G20&H20&I20&J20&K20&L20&" mm"),"") -> Marco / H:2000W:200D:1000 mm | S20: 1.1.15. | T20: Segregación frontal* | U20: Se | V20: =Z1&Z2 -> 2272 | W20: Frontales | Z20: =V20&U20&MID(W20,1,1)&MID(X20,1,1)&MID(Y20,1,3) -> 2272SeF | AA20: =VLOOKUP(Z20,$B$6:$D$526,3,FALSE) -> #N/A | AD20: =AO20&AP20&AQ20&AR20&AS20&AT20&AN20&AU20 -> IEZ1VCFPW3- | AE20: UF. | AF20: de | AG20: Integrada | AH20: EZC 100 | AI20: Vertical Compacta | AJ20: Fijo | AK20: Palanca | AL20: W:720 | AN20: - | AO20: =MID(AG20,1,1) -> I | AP20: {=IFERROR(_xlfn.IFS(AH20="Mini Breaker ","MB",AH20="GoPact ","GP",AH20="EZC 100 ","EZ1",AH20="EZC 250 ","EZ2",AH20="CVS/NSX 250 ","CV2",AH20="CVS/NSX/EZC 630 ","CV6",AH20="NS 1600 ","NS1",AH20="NW/MTZ 4000 ","NW4",AH20="Conmutador PEQ. ","CP",AH20="Conmutador MED. ","CM",AH20="Conmutador GRA. ","CG",AH20="Contactores ","CK"),"")} -> EZ1 | AQ20: {=_xlfn.IFS(AI20="Horizontal ","H",AI20="Horizontal COMPUESTA ","HC",AI20="Vertical ","V",AI20="Vertical Compacta ","VC",AI20="Vertical Extendida ","VE")} -> VC | AR20: =MID(AJ20,1,1) -> F | AS20: =MID(AK20,1,1) -> P | AT20: {=IFERROR(_xlfn.IFS(AL20="W:200 ","W1",AL20="W:400 ","W2",AL20="W:720 ","W3",AL20="W:800 ","W4",AL20="W:1120 ","W5"),"")} -> W3 | AU20: {=IFERROR(_xlfn.IFS(AM20="D:400 ","D1",AM20="D:600 ","D2",AM20="D:1000 ","D3"),"")} | AV20: 021102 | AW20: 024008 | AX20: 6 | AY20: =AE20&AF20&AH20&AI20&AJ20&AK20&AL20&AM20&AN20 -> UF. de EZC 100 Vertical Compacta Fijo Palanca W:720 - | BF20: =BG20&BH20&BI20&BJ20 -> 3DHY | BG20: {=_xlfn.IFS(BN20="10 - 25",1,BN20="10 - 40",2,BN20="10 - 65",3,BN20="10 - 85",4)} -> 3 | BH20: {=_xlfn.IFS(BO20="630","A",BO20="1250","B",BO20="1600","C",BO20="2000","D",BO20="2500","E",BO20="3200","F",BO20="4000","G",BO20="5000","H",BO20="6300","I",BO20="7000","J")} -> D | BI20: H | BJ20: {=IFERROR(_xlfn.IFS(BP20="400 + 400","X",BP20="720","Y",BP20="1120","Z"),"")} -> Y | BL20: TM | BN20: 10 - 65 | BO20: 2000 | BP20: 720 | BQ20: 038006 | BR20: - | BS20: - | BT20: - | BU20: - | BV20: - | BW20: - | BX20: - | BY20: - | BZ20: - | CA20: - | CB20: - | CC20: - | CD20: - | CF20: =BG20&BH20&CG20&CH20 -> 3DVM | CG20: V | CH20: {=IFERROR(_xlfn.IFS(CJ20="1/4","M",CJ20="1/2","N",CJ20="3/4","O",CJ20="1","P"),"")} -> M | CJ20: 1/4 | CK20: 037012 | CL20: EZC | CM20: 047020 | CN20: 047021 | CO20: 047022 | CP20: 047023 | CQ20: - | CR20: - | CS20: - | CT20: - | DD20: 017014 | DE20: =IF(DD20<>"",$DD$4&DD20,"") -> 1017014 | DF20: 014005 | DG20: =IF(DF20<>"",$DD$4&DF20,"") -> 1014005 | DH20: 010020 | DI20: =IF(DH20<>"",$DD$4&DH20,"") -> 1010020
A21: 16 | B21: =MID(H21,1,2)&MID(J21,1,2)&MID(L21,1,2)&MID(C21,1,2)&MID(M21,1,1)&MID(N21,1,1)&MID(O21,1,1)&MID(P21,1,3) -> 204040Ma | C21: Marco | D21: 1017015 | E21: 1014003 | F21: 1010021 | G21: =IF(H21<>"","H:","") -> H: | H21: 2000 | I21: =IF(J21<>"","W:","") -> W: | J21: 400 | K21: =IF(L21<>"","D:","") -> D: | L21: 400 | Q21: =IF(B21<>"",(C21&M21&N21&O21&P21&" / "&G21&H21&I21&J21&K21&L21&" mm"),"") -> Marco / H:2000W:400D:400 mm | AD21: =AO21&AP21&AQ21&AR21&AS21&AT21&AN21&AU21 -> IEZ1VEFPW3- | AE21: UF. | AF21: de | AG21: Integrada | AH21: EZC 100 | AI21: Vertical Extendida | AJ21: Fijo | AK21: Palanca | AL21: W:720 | AN21: - | AO21: =MID(AG21,1,1) -> I | AP21: {=IFERROR(_xlfn.IFS(AH21="Mini Breaker ","MB",AH21="GoPact ","GP",AH21="EZC 100 ","EZ1",AH21="EZC 250 ","EZ2",AH21="CVS/NSX 250 ","CV2",AH21="CVS/NSX/EZC 630 ","CV6",AH21="NS 1600 ","NS1",AH21="NW/MTZ 4000 ","NW4",AH21="Conmutador PEQ. ","CP",AH21="Conmutador MED. ","CM",AH21="Conmutador GRA. ","CG",AH21="Contactores ","CK"),"")} -> EZ1 | AQ21: {=_xlfn.IFS(AI21="Horizontal ","H",AI21="Horizontal COMPUESTA ","HC",AI21="Vertical ","V",AI21="Vertical Compacta ","VC",AI21="Vertical Extendida ","VE")} -> VE | AR21: =MID(AJ21,1,1) -> F | AS21: =MID(AK21,1,1) -> P | AT21: {=IFERROR(_xlfn.IFS(AL21="W:200 ","W1",AL21="W:400 ","W2",AL21="W:720 ","W3",AL21="W:800 ","W4",AL21="W:1120 ","W5"),"")} -> W3 | AU21: {=IFERROR(_xlfn.IFS(AM21="D:400 ","D1",AM21="D:600 ","D2",AM21="D:1000 ","D3"),"")} | AV21: 021104 | AW21: 024009 | AX21: 6 | AY21: =AE21&AF21&AH21&AI21&AJ21&AK21&AL21&AM21&AN21 -> UF. de EZC 100 Vertical Extendida Fijo Palanca W:720 - | BF21: =BG21&BH21&BI21&BJ21 -> 3DHZ | BG21: =BG20 -> 3 | BH21: =BH20 -> D | BI21: =BI20 -> H | BJ21: {=IFERROR(_xlfn.IFS(BP21="400 + 400","X",BP21="720","Y",BP21="1120","Z"),"")} -> Z | BP21: 1120 | BQ21: 038007 | BR21: - | BS21: - | BT21: - | BU21: - | BV21: - | BW21: - | BX21: - | BY21: - | BZ21: - | CA21: - | CB21: - | CC21: - | CD21: - | CF21: =BG21&BH21&CG21&CH21 -> 3DVN | CG21: V | CH21: {=IFERROR(_xlfn.IFS(CJ21="1/4","M",CJ21="1/2","N",CJ21="3/4","O",CJ21="1","P"),"")} -> N | CJ21: 1/2 | CK21: 037013 | CL21: CVS | CM21: 047024 | CN21: 047025 | CO21: 047026 | CP21: 047027 | CQ21: - | CR21: - | CS21: - | CT21: - | DD21: 017015 | DE21: =IF(DD21<>"",$DD$4&DD21,"") -> 1017015 | DF21: 014003 | DG21: =IF(DF21<>"",$DD$4&DF21,"") -> 1014003 | DH21: 010021 | DI21: =IF(DH21<>"",$DD$4&DH21,"") -> 1010021
A22: 17 | B22: =MID(H22,1,2)&MID(J22,1,2)&MID(L22,1,2)&MID(C22,1,2)&MID(M22,1,1)&MID(N22,1,1)&MID(O22,1,1)&MID(P22,1,3) -> 204060Ma | C22: Marco | D22: 1017016 | E22: 1014004 | F22: 1010021 | G22: =IF(H22<>"","H:","") -> H: | H22: 2000 | I22: =IF(J22<>"","W:","") -> W: | J22: 400 | K22: =IF(L22<>"","D:","") -> D: | L22: 600 | Q22: =IF(B22<>"",(C22&M22&N22&O22&P22&" / "&G22&H22&I22&J22&K22&L22&" mm"),"") -> Marco / H:2000W:400D:600 mm | S22: 1.2.1. | T22: Hablador | Z22: =V22&U22&MID(W22,1,1)&MID(X22,1,1)&MID(Y22,1,3) | AA22: SinReferencia | AD22: =AO22&AP22&AQ22&AR22&AS22&AT22&AN22&AU22 -> IEZ1HFPW3- | AE22: UF. | AF22: de | AG22: Integrada | AH22: EZC 100 | AI22: Horizontal | AJ22: Fijo | AK22: Palanca | AL22: W:720 | AN22: - | AO22: =MID(AG22,1,1) -> I | AP22: {=IFERROR(_xlfn.IFS(AH22="Mini Breaker ","MB",AH22="GoPact ","GP",AH22="EZC 100 ","EZ1",AH22="EZC 250 ","EZ2",AH22="CVS/NSX 250 ","CV2",AH22="CVS/NSX/EZC 630 ","CV6",AH22="NS 1600 ","NS1",AH22="NW/MTZ 4000 ","NW4",AH22="Conmutador PEQ. ","CP",AH22="Conmutador MED. ","CM",AH22="Conmutador GRA. ","CG",AH22="Contactores ","CK"),"")} -> EZ1 | AQ22: {=_xlfn.IFS(AI22="Horizontal ","H",AI22="Horizontal COMPUESTA ","HC",AI22="Vertical ","V",AI22="Vertical Compacta ","VC",AI22="Vertical Extendida ","VE")} -> H | AR22: =MID(AJ22,1,1) -> F | AS22: =MID(AK22,1,1) -> P | AT22: {=IFERROR(_xlfn.IFS(AL22="W:200 ","W1",AL22="W:400 ","W2",AL22="W:720 ","W3",AL22="W:800 ","W4",AL22="W:1120 ","W5"),"")} -> W3 | AU22: {=IFERROR(_xlfn.IFS(AM22="D:400 ","D1",AM22="D:600 ","D2",AM22="D:1000 ","D3"),"")} | AV22: 021075 | AW22: 024010 | AX22: 3 | AY22: =AE22&AF22&AH22&AI22&AJ22&AK22&AL22&AM22&AN22 -> UF. de EZC 100 Horizontal Fijo Palanca W:720 - | BF22: =BG22&BH22&BI22&BJ22 -> 3DH | BG22: =BG21 -> 3 | BH22: =BH21 -> D | BI22: =BI21 -> H | BJ22: {=IFERROR(_xlfn.IFS(BP22="400 + 400","X",BP22="720","Y",BP22="1120","Z"),"")} | BP22: - | BQ22: - | BR22: - | BS22: - | BT22: - | BU22: - | BV22: - | BW22: - | BX22: - | BY22: - | BZ22: - | CA22: - | CB22: - | CC22: - | CD22: - | CF22: =BG22&BH22&CG22&CH22 -> 3DVO | CG22: V | CH22: {=IFERROR(_xlfn.IFS(CJ22="1/4","M",CJ22="1/2","N",CJ22="3/4","O",CJ22="1","P"),"")} -> O | CJ22: 3/4 | CK22: 037014 | CL22: NSX | DD22: 017016 | DE22: =IF(DD22<>"",$DD$4&DD22,"") -> 1017016 | DF22: 014004 | DG22: =IF(DF22<>"",$DD$4&DF22,"") -> 1014004 | DH22: 010021 | DI22: =IF(DH22<>"",$DD$4&DH22,"") -> 1010021
A23: 18 | B23: =MID(H23,1,2)&MID(J23,1,2)&MID(L23,1,2)&MID(C23,1,2)&MID(M23,1,1)&MID(N23,1,1)&MID(O23,1,1)&MID(P23,1,3) -> 204010Ma | C23: Marco | D23: 1017017 | E23: 1014005 | F23: 1010021 | G23: =IF(H23<>"","H:","") -> H: | H23: 2000 | I23: =IF(J23<>"","W:","") -> W: | J23: 400 | K23: =IF(L23<>"","D:","") -> D: | L23: 1000 | Q23: =IF(B23<>"",(C23&M23&N23&O23&P23&" / "&G23&H23&I23&J23&K23&L23&" mm"),"") -> Marco / H:2000W:400D:1000 mm | S23: 1.2.2. | T23: Kit de cancamos | U23: CaE | Z23: =V23&U23&MID(W23,1,1)&MID(X23,1,1)&MID(Y23,1,3) -> CaE | AA23: =VLOOKUP(Z23,$B$6:$D$526,3,FALSE) -> 1014501 | AD23: =AO23&AP23&AQ23&AR23&AS23&AT23&AN23&AU23 -> IEZ1HFPW3DPS | AE23: UF. | AF23: de | AG23: Integrada | AH23: EZC 100 | AI23: Horizontal | AJ23: Fijo | AK23: Palanca | AL23: W:720 | AN23: DPS | AO23: =MID(AG23,1,1) -> I | AP23: {=IFERROR(_xlfn.IFS(AH23="Mini Breaker ","MB",AH23="GoPact ","GP",AH23="EZC 100 ","EZ1",AH23="EZC 250 ","EZ2",AH23="CVS/NSX 250 ","CV2",AH23="CVS/NSX/EZC 630 ","CV6",AH23="NS 1600 ","NS1",AH23="NW/MTZ 4000 ","NW4",AH23="Conmutador PEQ. ","CP",AH23="Conmutador MED. ","CM",AH23="Conmutador GRA. ","CG",AH23="Contactores ","CK"),"")} -> EZ1 | AQ23: {=_xlfn.IFS(AI23="Horizontal ","H",AI23="Horizontal COMPUESTA ","HC",AI23="Vertical ","V",AI23="Vertical Compacta ","VC",AI23="Vertical Extendida ","VE")} -> H | AR23: =MID(AJ23,1,1) -> F | AS23: =MID(AK23,1,1) -> P | AT23: {=IFERROR(_xlfn.IFS(AL23="W:200 ","W1",AL23="W:400 ","W2",AL23="W:720 ","W3",AL23="W:800 ","W4",AL23="W:1120 ","W5"),"")} -> W3 | AU23: {=IFERROR(_xlfn.IFS(AM23="D:400 ","D1",AM23="D:600 ","D2",AM23="D:1000 ","D3"),"")} | AV23: 021055 | AW23: 024011 | AX23: 4 | AY23: =AE23&AF23&AH23&AI23&AJ23&AK23&AL23&AM23&AN23 -> UF. de EZC 100 Horizontal Fijo Palanca W:720 DPS | BF23: =BG23&BH23&BI23&BJ23 -> 3DH | BG23: =BG22 -> 3 | BH23: =BH22 -> D | BI23: =BI22 -> H | BJ23: {=IFERROR(_xlfn.IFS(BP23="400 + 400","X",BP23="720","Y",BP23="1120","Z"),"")} | BP23: - | BQ23: - | BR23: - | BS23: - | BT23: - | BU23: - | BV23: - | BW23: - | BX23: - | BY23: - | BZ23: - | CA23: - | CB23: - | CC23: - | CD23: - | CF23: =BG23&BH23&CG23&CH23 -> 3DVP | CG23: V | CH23: {=IFERROR(_xlfn.IFS(CJ23="1/4","M",CJ23="1/2","N",CJ23="3/4","O",CJ23="1","P"),"")} -> P | CJ23: 1 | CK23: 037015 | CL23: NS | CM23: - | CN23: - | CO23: - | CP23: - | CQ23: 047028 | CR23: 047028 | CS23: 047029 | CT23: 047030 | DD23: 017017 | DE23: =IF(DD23<>"",$DD$4&DD23,"") -> 1017017 | DF23: 014005 | DG23: =IF(DF23<>"",$DD$4&DF23,"") -> 1014005 | DH23: 010021 | DI23: =IF(DH23<>"",$DD$4&DH23,"") -> 1010021
A24: 19 | B24: =MID(H24,1,2)&MID(J24,1,2)&MID(L24,1,2)&MID(C24,1,2)&MID(M24,1,1)&MID(N24,1,1)&MID(O24,1,1)&MID(P24,1,3) -> 207240Ma | C24: Marco | D24: 1017018 | E24: 1014003 | F24: 1010022 | G24: =IF(H24<>"","H:","") -> H: | H24: 2000 | I24: =IF(J24<>"","W:","") -> W: | J24: 720 | K24: =IF(L24<>"","D:","") -> D: | L24: 400 | Q24: =IF(B24<>"",(C24&M24&N24&O24&P24&" / "&G24&H24&I24&J24&K24&L24&" mm"),"") -> Marco / H:2000W:720D:400 mm | S24: 1.2.3. | T24: Angulo de izaje | U24: AnI | Z24: =V24&U24&MID(W24,1,1)&MID(X24,1,1)&MID(Y24,1,3) -> AnI | AA24: =VLOOKUP(Z24,$B$6:$D$526,3,FALSE) -> 1014502 | AD24: =AO24&AP24&AQ24&AR24&AS24&AT24&AN24&AU24 -> IEZ1HFPW3HWA | AE24: UF. | AF24: de | AG24: Integrada | AH24: EZC 100 | AI24: Horizontal | AJ24: Fijo | AK24: Palanca | AL24: W:720 | AN24: HWA | AO24: =MID(AG24,1,1) -> I | AP24: {=IFERROR(_xlfn.IFS(AH24="Mini Breaker ","MB",AH24="GoPact ","GP",AH24="EZC 100 ","EZ1",AH24="EZC 250 ","EZ2",AH24="CVS/NSX 250 ","CV2",AH24="CVS/NSX/EZC 630 ","CV6",AH24="NS 1600 ","NS1",AH24="NW/MTZ 4000 ","NW4",AH24="Conmutador PEQ. ","CP",AH24="Conmutador MED. ","CM",AH24="Conmutador GRA. ","CG",AH24="Contactores ","CK"),"")} -> EZ1 | AQ24: {=_xlfn.IFS(AI24="Horizontal ","H",AI24="Horizontal COMPUESTA ","HC",AI24="Vertical ","V",AI24="Vertical Compacta ","VC",AI24="Vertical Extendida ","VE")} -> H | AR24: =MID(AJ24,1,1) -> F | AS24: =MID(AK24,1,1) -> P | AT24: {=IFERROR(_xlfn.IFS(AL24="W:200 ","W1",AL24="W:400 ","W2",AL24="W:720 ","W3",AL24="W:800 ","W4",AL24="W:1120 ","W5"),"")} -> W3 | AU24: {=IFERROR(_xlfn.IFS(AM24="D:400 ","D1",AM24="D:600 ","D2",AM24="D:1000 ","D3"),"")} | AV24: 021076 | AW24: 024012 | AX24: 4 | AY24: =AE24&AF24&AH24&AI24&AJ24&AK24&AL24&AM24&AN24 -> UF. de EZC 100 Horizontal Fijo Palanca W:720 HWA | BF24: =BG24&BH24&BI24&BJ24 -> 3DH | BG24: =BG23 -> 3 | BH24: =BH23 -> D | BI24: =BI23 -> H | BJ24: {=IFERROR(_xlfn.IFS(BP24="400 + 400","X",BP24="720","Y",BP24="1120","Z"),"")} | BR24: NW | BS24: - | BT24: - | BU24: - | BV24: - | BW24: 048014 | BX24: 048015 | BY24: 048016 | BZ24: 048017 | CA24: 048018 | CB24: - | CC24: - | CD24: - | CF24: =BG24&BH24&CG24&CH24 -> 3DV | CG24: V | CH24: {=IFERROR(_xlfn.IFS(CJ24="1/4","M",CJ24="1/2","N",CJ24="3/4","O",CJ24="1","P"),"")} | CJ24: - | CK24: - | CL24: - | CM24: - | CN24: - | CO24: - | CP24: - | CQ24: - | CR24: - | CS24: - | CT24: - | DD24: 017018 | DE24: =IF(DD24<>"",$DD$4&DD24,"") -> 1017018 | DF24: 014003 | DG24: =IF(DF24<>"",$DD$4&DF24,"") -> 1014003 | DH24: 010022 | DI24: =IF(DH24<>"",$DD$4&DH24,"") -> 1010022
A25: 20 | B25: =MID(H25,1,2)&MID(J25,1,2)&MID(L25,1,2)&MID(C25,1,2)&MID(M25,1,1)&MID(N25,1,1)&MID(O25,1,1)&MID(P25,1,3) -> 207260Ma | C25: Marco | D25: 1017019 | E25: 1014004 | F25: 1010022 | G25: =IF(H25<>"","H:","") -> H: | H25: 2000 | I25: =IF(J25<>"","W:","") -> W: | J25: 720 | K25: =IF(L25<>"","D:","") -> D: | L25: 600 | Q25: =IF(B25<>"",(C25&M25&N25&O25&P25&" / "&G25&H25&I25&J25&K25&L25&" mm"),"") -> Marco / H:2000W:720D:600 mm | S25: 1.2.4. | T25: Grua | Z25: =V25&U25&MID(W25,1,1)&MID(X25,1,1)&MID(Y25,1,3) | AA25: SinReferencia | AD25: =AO25&AP25&AQ25&AR25&AS25&AT25&AN25&AU25 -> IEZ2VCFPW3- | AE25: UF. | AF25: de | AG25: Integrada | AH25: EZC 250 | AI25: Vertical Compacta | AJ25: Fijo | AK25: Palanca | AL25: W:720 | AN25: - | AO25: =MID(AG25,1,1) -> I | AP25: {=IFERROR(_xlfn.IFS(AH25="Mini Breaker ","MB",AH25="GoPact ","GP",AH25="EZC 100 ","EZ1",AH25="EZC 250 ","EZ2",AH25="CVS/NSX 250 ","CV2",AH25="CVS/NSX/EZC 630 ","CV6",AH25="NS 1600 ","NS1",AH25="NW/MTZ 4000 ","NW4",AH25="Conmutador PEQ. ","CP",AH25="Conmutador MED. ","CM",AH25="Conmutador GRA. ","CG",AH25="Contactores ","CK"),"")} -> EZ2 | AQ25: {=_xlfn.IFS(AI25="Horizontal ","H",AI25="Horizontal COMPUESTA ","HC",AI25="Vertical ","V",AI25="Vertical Compacta ","VC",AI25="Vertical Extendida ","VE")} -> VC | AR25: =MID(AJ25,1,1) -> F | AS25: =MID(AK25,1,1) -> P | AT25: {=IFERROR(_xlfn.IFS(AL25="W:200 ","W1",AL25="W:400 ","W2",AL25="W:720 ","W3",AL25="W:800 ","W4",AL25="W:1120 ","W5"),"")} -> W3 | AU25: {=IFERROR(_xlfn.IFS(AM25="D:400 ","D1",AM25="D:600 ","D2",AM25="D:1000 ","D3"),"")} | AV25: 021106 | AW25: 024013 | AX25: 7 | AY25: =AE25&AF25&AH25&AI25&AJ25&AK25&AL25&AM25&AN25 -> UF. de EZC 250 Vertical Compacta Fijo Palanca W:720 - | BF25: =BG25&BH25&BI25&BJ25 -> 3EHY | BG25: {=_xlfn.IFS(BN25="10 - 25",1,BN25="10 - 40",2,BN25="10 - 65",3,BN25="10 - 85",4)} -> 3 | BH25: {=_xlfn.IFS(BO25="630","A",BO25="1250","B",BO25="1600","C",BO25="2000","D",BO25="2500","E",BO25="3200","F",BO25="4000","G",BO25="5000","H",BO25="6300","I",BO25="7000","J")} -> E | BI25: H | BJ25: {=IFERROR(_xlfn.IFS(BP25="400 + 400","X",BP25="720","Y",BP25="1120","Z"),"")} -> Y | BN25: 10 - 65 | BO25: 2500 | BP25: 720 | BQ25: 038008 | BR25: - | BS25: - | BT25: - | BU25: - | BV25: - | BW25: - | BX25: - | BY25: - | BZ25: - | CA25: - | CB25: - | CC25: - | CD25: - | CF25: =BG25&BH25&CG25&CH25 -> 3EVM | CG25: V | CH25: {=IFERROR(_xlfn.IFS(CJ25="1/4","M",CJ25="1/2","N",CJ25="3/4","O",CJ25="1","P"),"")} -> M | CJ25: 1/4 | CK25: 037016 | CL25: EZC | CM25: 047020 | CN25: 047021 | CO25: 047022 | CP25: 047023 | CQ25: - | CR25: - | CS25: - | CT25: - | DD25: 017019 | DE25: =IF(DD25<>"",$DD$4&DD25,"") -> 1017019 | DF25: 014004 | DG25: =IF(DF25<>"",$DD$4&DF25,"") -> 1014004 | DH25: 010022 | DI25: =IF(DH25<>"",$DD$4&DH25,"") -> 1010022
A26: 21 | B26: =MID(H26,1,2)&MID(J26,1,2)&MID(L26,1,2)&MID(C26,1,2)&MID(M26,1,1)&MID(N26,1,1)&MID(O26,1,1)&MID(P26,1,3) -> 207210Ma | C26: Marco | D26: 1017020 | E26: 1014005 | F26: 1010022 | G26: =IF(H26<>"","H:","") -> H: | H26: 2000 | I26: =IF(J26<>"","W:","") -> W: | J26: 720 | K26: =IF(L26<>"","D:","") -> D: | L26: 1000 | Q26: =IF(B26<>"",(C26&M26&N26&O26&P26&" / "&G26&H26&I26&J26&K26&L26&" mm"),"") -> Marco / H:2000W:720D:1000 mm | AD26: =AO26&AP26&AQ26&AR26&AS26&AT26&AN26&AU26 -> IEZ2VEFPW3- | AE26: UF. | AF26: de | AG26: Integrada | AH26: EZC 250 | AI26: Vertical Extendida | AJ26: Fijo | AK26: Palanca | AL26: W:720 | AN26: - | AO26: =MID(AG26,1,1) -> I | AP26: {=IFERROR(_xlfn.IFS(AH26="Mini Breaker ","MB",AH26="GoPact ","GP",AH26="EZC 100 ","EZ1",AH26="EZC 250 ","EZ2",AH26="CVS/NSX 250 ","CV2",AH26="CVS/NSX/EZC 630 ","CV6",AH26="NS 1600 ","NS1",AH26="NW/MTZ 4000 ","NW4",AH26="Conmutador PEQ. ","CP",AH26="Conmutador MED. ","CM",AH26="Conmutador GRA. ","CG",AH26="Contactores ","CK"),"")} -> EZ2 | AQ26: {=_xlfn.IFS(AI26="Horizontal ","H",AI26="Horizontal COMPUESTA ","HC",AI26="Vertical ","V",AI26="Vertical Compacta ","VC",AI26="Vertical Extendida ","VE")} -> VE | AR26: =MID(AJ26,1,1) -> F | AS26: =MID(AK26,1,1) -> P | AT26: {=IFERROR(_xlfn.IFS(AL26="W:200 ","W1",AL26="W:400 ","W2",AL26="W:720 ","W3",AL26="W:800 ","W4",AL26="W:1120 ","W5"),"")} -> W3 | AU26: {=IFERROR(_xlfn.IFS(AM26="D:400 ","D1",AM26="D:600 ","D2",AM26="D:1000 ","D3"),"")} | AV26: 021108 | AW26: 024014 | AX26: 7 | AY26: =AE26&AF26&AH26&AI26&AJ26&AK26&AL26&AM26&AN26 -> UF. de EZC 250 Vertical Extendida Fijo Palanca W:720 - | BF26: =BG26&BH26&BI26&BJ26 -> 3EHZ | BG26: =BG25 -> 3 | BH26: =BH25 -> E | BI26: =BI25 -> H | BJ26: {=IFERROR(_xlfn.IFS(BP26="400 + 400","X",BP26="720","Y",BP26="1120","Z"),"")} -> Z | BP26: 1120 | BQ26: 038009 | BR26: - | BS26: - | BT26: - | BU26: - | BV26: - | BW26: - | BX26: - | BY26: - | BZ26: - | CA26: - | CB26: - | CC26: - | CD26: - | CF26: =BG26&BH26&CG26&CH26 -> 3EVN | CG26: V | CH26: {=IFERROR(_xlfn.IFS(CJ26="1/4","M",CJ26="1/2","N",CJ26="3/4","O",CJ26="1","P"),"")} -> N | CJ26: 1/2 | CK26: 037017 | CL26: CVS | CM26: 047024 | CN26: 047025 | CO26: 047026 | CP26: 047027 | CQ26: - | CR26: - | CS26: - | CT26: - | DD26: 017020 | DE26: =IF(DD26<>"",$DD$4&DD26,"") -> 1017020 | DF26: 014005 | DG26: =IF(DF26<>"",$DD$4&DF26,"") -> 1014005 | DH26: 010022 | DI26: =IF(DH26<>"",$DD$4&DH26,"") -> 1010022
A27: 22 | B27: =MID(H27,1,2)&MID(J27,1,2)&MID(L27,1,2)&MID(C27,1,2)&MID(M27,1,1)&MID(N27,1,1)&MID(O27,1,1)&MID(P27,1,3) -> 208060Ma | C27: Marco | D27: 1017021 | E27: 1014004 | F27: 1010023 | G27: =IF(H27<>"","H:","") -> H: | H27: 2000 | I27: =IF(J27<>"","W:","") -> W: | J27: 800 | K27: =IF(L27<>"","D:","") -> D: | L27: 600 | Q27: =IF(B27<>"",(C27&M27&N27&O27&P27&" / "&G27&H27&I27&J27&K27&L27&" mm"),"") -> Marco / H:2000W:800D:600 mm | S27: 1.3.1. | T27: Cubierta para modulo | AA27: SinReferencia | AD27: =AO27&AP27&AQ27&AR27&AS27&AT27&AN27&AU27 -> IEZ2HFPW3- | AE27: UF. | AF27: de | AG27: Integrada | AH27: EZC 250 | AI27: Horizontal | AJ27: Fijo | AK27: Palanca | AL27: W:720 | AN27: - | AO27: =MID(AG27,1,1) -> I | AP27: {=IFERROR(_xlfn.IFS(AH27="Mini Breaker ","MB",AH27="GoPact ","GP",AH27="EZC 100 ","EZ1",AH27="EZC 250 ","EZ2",AH27="CVS/NSX 250 ","CV2",AH27="CVS/NSX/EZC 630 ","CV6",AH27="NS 1600 ","NS1",AH27="NW/MTZ 4000 ","NW4",AH27="Conmutador PEQ. ","CP",AH27="Conmutador MED. ","CM",AH27="Conmutador GRA. ","CG",AH27="Contactores ","CK"),"")} -> EZ2 | AQ27: {=_xlfn.IFS(AI27="Horizontal ","H",AI27="Horizontal COMPUESTA ","HC",AI27="Vertical ","V",AI27="Vertical Compacta ","VC",AI27="Vertical Extendida ","VE")} -> H | AR27: =MID(AJ27,1,1) -> F | AS27: =MID(AK27,1,1) -> P | AT27: {=IFERROR(_xlfn.IFS(AL27="W:200 ","W1",AL27="W:400 ","W2",AL27="W:720 ","W3",AL27="W:800 ","W4",AL27="W:1120 ","W5"),"")} -> W3 | AU27: {=IFERROR(_xlfn.IFS(AM27="D:400 ","D1",AM27="D:600 ","D2",AM27="D:1000 ","D3"),"")} | AV27: 021078 | AW27: 024015 | AX27: 4 | AY27: =AE27&AF27&AH27&AI27&AJ27&AK27&AL27&AM27&AN27 -> UF. de EZC 250 Horizontal Fijo Palanca W:720 - | BF27: =BG27&BH27&BI27&BJ27 -> 3EH | BG27: =BG26 -> 3 | BH27: =BH26 -> E | BI27: =BI26 -> H | BJ27: {=IFERROR(_xlfn.IFS(BP27="400 + 400","X",BP27="720","Y",BP27="1120","Z"),"")} | BP27: - | BQ27: - | BR27: - | BS27: - | BT27: - | BU27: - | BV27: - | BW27: - | BX27: - | BY27: - | BZ27: - | CA27: - | CB27: - | CC27: - | CD27: - | CF27: =BG27&BH27&CG27&CH27 -> 3EVO | CG27: V | CH27: {=IFERROR(_xlfn.IFS(CJ27="1/4","M",CJ27="1/2","N",CJ27="3/4","O",CJ27="1","P"),"")} -> O | CJ27: 3/4 | CK27: 037018 | CL27: NSX | DD27: 017021 | DE27: =IF(DD27<>"",$DD$4&DD27,"") -> 1017021 | DF27: 014004 | DG27: =IF(DF27<>"",$DD$4&DF27,"") -> 1014004 | DH27: 010023 | DI27: =IF(DH27<>"",$DD$4&DH27,"") -> 1010023
A28: 23 | B28: =MID(H28,1,2)&MID(J28,1,2)&MID(L28,1,2)&MID(C28,1,2)&MID(M28,1,1)&MID(N28,1,1)&MID(O28,1,1)&MID(P28,1,3) -> 208010Ma | C28: Marco | D28: 1017022 | E28: 1014005 | F28: 1010023 | G28: =IF(H28<>"","H:","") -> H: | H28: 2000 | I28: =IF(J28<>"","W:","") -> W: | J28: 800 | K28: =IF(L28<>"","D:","") -> D: | L28: 1000 | Q28: =IF(B28<>"",(C28&M28&N28&O28&P28&" / "&G28&H28&I28&J28&K28&L28&" mm"),"") -> Marco / H:2000W:800D:1000 mm | S28: 1.3.2. | T28: Cubierta para ventilación | AA28: SinReferencia | AD28: =AO28&AP28&AQ28&AR28&AS28&AT28&AN28&AU28 -> IEZ2HFPW3DPS | AE28: UF. | AF28: de | AG28: Integrada | AH28: EZC 250 | AI28: Horizontal | AJ28: Fijo | AK28: Palanca | AL28: W:720 | AN28: DPS | AO28: =MID(AG28,1,1) -> I | AP28: {=IFERROR(_xlfn.IFS(AH28="Mini Breaker ","MB",AH28="GoPact ","GP",AH28="EZC 100 ","EZ1",AH28="EZC 250 ","EZ2",AH28="CVS/NSX 250 ","CV2",AH28="CVS/NSX/EZC 630 ","CV6",AH28="NS 1600 ","NS1",AH28="NW/MTZ 4000 ","NW4",AH28="Conmutador PEQ. ","CP",AH28="Conmutador MED. ","CM",AH28="Conmutador GRA. ","CG",AH28="Contactores ","CK"),"")} -> EZ2 | AQ28: {=_xlfn.IFS(AI28="Horizontal ","H",AI28="Horizontal COMPUESTA ","HC",AI28="Vertical ","V",AI28="Vertical Compacta ","VC",AI28="Vertical Extendida ","VE")} -> H | AR28: =MID(AJ28,1,1) -> F | AS28: =MID(AK28,1,1) -> P | AT28: {=IFERROR(_xlfn.IFS(AL28="W:200 ","W1",AL28="W:400 ","W2",AL28="W:720 ","W3",AL28="W:800 ","W4",AL28="W:1120 ","W5"),"")} -> W3 | AU28: {=IFERROR(_xlfn.IFS(AM28="D:400 ","D1",AM28="D:600 ","D2",AM28="D:1000 ","D3"),"")} | AV28: 021080 | AW28: 024016 | AX28: 4 | AY28: =AE28&AF28&AH28&AI28&AJ28&AK28&AL28&AM28&AN28 -> UF. de EZC 250 Horizontal Fijo Palanca W:720 DPS | BF28: =BG28&BH28&BI28&BJ28 -> 3EH | BG28: =BG27 -> 3 | BH28: =BH27 -> E | BI28: =BI27 -> H | BJ28: {=IFERROR(_xlfn.IFS(BP28="400 + 400","X",BP28="720","Y",BP28="1120","Z"),"")} | BP28: - | BQ28: - | BR28: - | BS28: - | BT28: - | BU28: - | BV28: - | BW28: - | BX28: - | BY28: - | BZ28: - | CA28: - | CB28: - | CC28: - | CD28: - | CF28: =BG28&BH28&CG28&CH28 -> 3EVP | CG28: V | CH28: {=IFERROR(_xlfn.IFS(CJ28="1/4","M",CJ28="1/2","N",CJ28="3/4","O",CJ28="1","P"),"")} -> P | CJ28: 1 | CK28: 037019 | CL28: NS | CM28: - | CN28: - | CO28: - | CP28: - | CQ28: 047028 | CR28: 047028 | CS28: 047029 | CT28: 047030 | DD28: 017022 | DE28: =IF(DD28<>"",$DD$4&DD28,"") -> 1017022 | DF28: 014005 | DG28: =IF(DF28<>"",$DD$4&DF28,"") -> 1014005 | DH28: 010023 | DI28: =IF(DH28<>"",$DD$4&DH28,"") -> 1010023
A29: 24 | B29: =MID(H29,1,2)&MID(J29,1,2)&MID(L29,1,2)&MID(C29,1,2)&MID(M29,1,1)&MID(N29,1,1)&MID(O29,1,1)&MID(P29,1,3) -> 201140Ma | C29: Marco | D29: 1017023 | E29: 1014003 | F29: 1010024 | G29: =IF(H29<>"","H:","") -> H: | H29: 2000 | I29: =IF(J29<>"","W:","") -> W: | J29: 1120 | K29: =IF(L29<>"","D:","") -> D: | L29: 400 | Q29: =IF(B29<>"",(C29&M29&N29&O29&P29&" / "&G29&H29&I29&J29&K29&L29&" mm"),"") -> Marco / H:2000W:1120D:400 mm | S29: 1.4.1. | T29: Cubierta de ventilación | AA29: SinReferencia | AD29: =AO29&AP29&AQ29&AR29&AS29&AT29&AN29&AU29 -> ICV6VFPW3- | AE29: UF. | AF29: de | AG29: Integrada | AH29: CVS/NSX/EZC 630 | AI29: Vertical | AJ29: Fijo | AK29: Palanca | AL29: W:720 | AN29: - | AO29: =MID(AG29,1,1) -> I | AP29: {=IFERROR(_xlfn.IFS(AH29="Mini Breaker ","MB",AH29="GoPact ","GP",AH29="EZC 100 ","EZ1",AH29="EZC 250 ","EZ2",AH29="CVS/NSX 250 ","CV2",AH29="CVS/NSX/EZC 630 ","CV6",AH29="NS 1600 ","NS1",AH29="NW/MTZ 4000 ","NW4",AH29="Conmutador PEQ. ","CP",AH29="Conmutador MED. ","CM",AH29="Conmutador GRA. ","CG",AH29="Contactores ","CK"),"")} -> CV6 | AQ29: {=_xlfn.IFS(AI29="Horizontal ","H",AI29="Horizontal COMPUESTA ","HC",AI29="Vertical ","V",AI29="Vertical Compacta ","VC",AI29="Vertical Extendida ","VE")} -> V | AR29: =MID(AJ29,1,1) -> F | AS29: =MID(AK29,1,1) -> P | AT29: {=IFERROR(_xlfn.IFS(AL29="W:200 ","W1",AL29="W:400 ","W2",AL29="W:720 ","W3",AL29="W:800 ","W4",AL29="W:1120 ","W5"),"")} -> W3 | AU29: {=IFERROR(_xlfn.IFS(AM29="D:400 ","D1",AM29="D:600 ","D2",AM29="D:1000 ","D3"),"")} | AV29: 025505 | AW29: 024017 | AX29: 8 | AY29: =AE29&AF29&AH29&AI29&AJ29&AK29&AL29&AM29&AN29 -> UF. de CVS/NSX/EZC 630 Vertical Fijo Palanca W:720 - | BF29: =BG29&BH29&BI29&BJ29 -> 3EH | BG29: =BG28 -> 3 | BH29: =BH28 -> E | BI29: =BI28 -> H | BJ29: {=IFERROR(_xlfn.IFS(BP29="400 + 400","X",BP29="720","Y",BP29="1120","Z"),"")} | BR29: NW | BS29: - | BT29: - | BU29: - | BV29: - | BW29: 048014 | BX29: 048015 | BY29: 048016 | BZ29: 048017 | CA29: 048018 | CB29: 048019 | CC29: - | CD29: - | CF29: =BG29&BH29&CG29&CH29 -> 3EV | CG29: V | CH29: {=IFERROR(_xlfn.IFS(CJ29="1/4","M",CJ29="1/2","N",CJ29="3/4","O",CJ29="1","P"),"")} | CJ29: - | CK29: - | CL29: - | CM29: - | CN29: - | CO29: - | CP29: - | CQ29: - | CR29: - | CS29: - | CT29: - | DD29: 017023 | DE29: =IF(DD29<>"",$DD$4&DD29,"") -> 1017023 | DF29: 014003 | DG29: =IF(DF29<>"",$DD$4&DF29,"") -> 1014003 | DH29: 010024 | DI29: =IF(DH29<>"",$DD$4&DH29,"") -> 1010024
A30: 25 | B30: =MID(H30,1,2)&MID(J30,1,2)&MID(L30,1,2)&MID(C30,1,2)&MID(M30,1,1)&MID(N30,1,1)&MID(O30,1,1)&MID(P30,1,3) -> 201160Ma | C30: Marco | D30: 1017024 | E30: 1014004 | F30: 1010024 | G30: =IF(H30<>"","H:","") -> H: | H30: 2000 | I30: =IF(J30<>"","W:","") -> W: | J30: 1120 | K30: =IF(L30<>"","D:","") -> D: | L30: 600 | Q30: =IF(B30<>"",(C30&M30&N30&O30&P30&" / "&G30&H30&I30&J30&K30&L30&" mm"),"") -> Marco / H:2000W:1120D:600 mm | S30: 1.4.2. | T30: Segregación | AA30: SinReferencia | AD30: =AO30&AP30&AQ30&AR30&AS30&AT30&AN30&AU30 -> ICV6VFMW3- | AE30: UF. | AF30: de | AG30: Integrada | AH30: CVS/NSX/EZC 630 | AI30: Vertical | AJ30: Fijo | AK30: Motorizado | AL30: W:720 | AN30: - | AO30: =MID(AG30,1,1) -> I | AP30: {=IFERROR(_xlfn.IFS(AH30="Mini Breaker ","MB",AH30="GoPact ","GP",AH30="EZC 100 ","EZ1",AH30="EZC 250 ","EZ2",AH30="CVS/NSX 250 ","CV2",AH30="CVS/NSX/EZC 630 ","CV6",AH30="NS 1600 ","NS1",AH30="NW/MTZ 4000 ","NW4",AH30="Conmutador PEQ. ","CP",AH30="Conmutador MED. ","CM",AH30="Conmutador GRA. ","CG",AH30="Contactores ","CK"),"")} -> CV6 | AQ30: {=_xlfn.IFS(AI30="Horizontal ","H",AI30="Horizontal COMPUESTA ","HC",AI30="Vertical ","V",AI30="Vertical Compacta ","VC",AI30="Vertical Extendida ","VE")} -> V | AR30: =MID(AJ30,1,1) -> F | AS30: =MID(AK30,1,1) -> M | AT30: {=IFERROR(_xlfn.IFS(AL30="W:200 ","W1",AL30="W:400 ","W2",AL30="W:720 ","W3",AL30="W:800 ","W4",AL30="W:1120 ","W5"),"")} -> W3 | AU30: {=IFERROR(_xlfn.IFS(AM30="D:400 ","D1",AM30="D:600 ","D2",AM30="D:1000 ","D3"),"")} | AV30: 021136 | AW30: 024017 | AX30: 8 | AY30: =AE30&AF30&AH30&AI30&AJ30&AK30&AL30&AM30&AN30 -> UF. de CVS/NSX/EZC 630 Vertical Fijo Motorizado W:720 - | BF30: =BG30&BH30&BI30&BJ30 -> 3FHY | BG30: {=_xlfn.IFS(BN30="10 - 25",1,BN30="10 - 40",2,BN30="10 - 65",3,BN30="10 - 85",4)} -> 3 | BH30: {=_xlfn.IFS(BO30="630","A",BO30="1250","B",BO30="1600","C",BO30="2000","D",BO30="2500","E",BO30="3200","F",BO30="4000","G",BO30="5000","H",BO30="6300","I",BO30="7000","J")} -> F | BI30: H | BJ30: {=IFERROR(_xlfn.IFS(BP30="400 + 400","X",BP30="720","Y",BP30="1120","Z"),"")} -> Y | BN30: 10 - 65 | BO30: 3200 | BP30: 720 | BQ30: 038010 | BR30: NW | BS30: - | BT30: - | BU30: - | BV30: - | BW30: 048020 | BX30: 048021 | BY30: 048022 | BZ30: 048023 | CA30: 048024 | CB30: 048025 | CC30: 048026 | CD30: - | CF30: =BG30&BH30&CG30&CH30 -> 3FV | CG30: V | CH30: {=IFERROR(_xlfn.IFS(CJ30="1/4","M",CJ30="1/2","N",CJ30="3/4","O",CJ30="1","P"),"")} | CJ30: - | CK30: - | CL30: - | CM30: - | CN30: - | CO30: - | CP30: - | CQ30: - | CR30: - | CS30: - | CT30: - | DD30: 017024 | DE30: =IF(DD30<>"",$DD$4&DD30,"") -> 1017024 | DF30: 014004 | DG30: =IF(DF30<>"",$DD$4&DF30,"") -> 1014004 | DH30: 010024 | DI30: =IF(DH30<>"",$DD$4&DH30,"") -> 1010024
A31: 26 | B31: =MID(H31,1,2)&MID(J31,1,2)&MID(L31,1,2)&MID(C31,1,2)&MID(M31,1,1)&MID(N31,1,1)&MID(O31,1,1)&MID(P31,1,3) -> 201110Ma | C31: Marco | D31: 1017025 | E31: 1014005 | F31: 1010024 | G31: =IF(H31<>"","H:","") -> H: | H31: 2000 | I31: =IF(J31<>"","W:","") -> W: | J31: 1120 | K31: =IF(L31<>"","D:","") -> D: | L31: 1000 | Q31: =IF(B31<>"",(C31&M31&N31&O31&P31&" / "&G31&H31&I31&J31&K31&L31&" mm"),"") -> Marco / H:2000W:1120D:1000 mm | AD31: =AO31&AP31&AQ31&AR31&AS31&AT31&AN31&AU31 -> ICV6VFPW2- | AE31: UF. | AF31: de | AG31: Integrada | AH31: CVS/NSX/EZC 630 | AI31: Vertical | AJ31: Fijo | AK31: Palanca | AL31: W:400 | AN31: - | AO31: =MID(AG31,1,1) -> I | AP31: {=IFERROR(_xlfn.IFS(AH31="Mini Breaker ","MB",AH31="GoPact ","GP",AH31="EZC 100 ","EZ1",AH31="EZC 250 ","EZ2",AH31="CVS/NSX 250 ","CV2",AH31="CVS/NSX/EZC 630 ","CV6",AH31="NS 1600 ","NS1",AH31="NW/MTZ 4000 ","NW4",AH31="Conmutador PEQ. ","CP",AH31="Conmutador MED. ","CM",AH31="Conmutador GRA. ","CG",AH31="Contactores ","CK"),"")} -> CV6 | AQ31: {=_xlfn.IFS(AI31="Horizontal ","H",AI31="Horizontal COMPUESTA ","HC",AI31="Vertical ","V",AI31="Vertical Compacta ","VC",AI31="Vertical Extendida ","VE")} -> V | AR31: =MID(AJ31,1,1) -> F | AS31: =MID(AK31,1,1) -> P | AT31: {=IFERROR(_xlfn.IFS(AL31="W:200 ","W1",AL31="W:400 ","W2",AL31="W:720 ","W3",AL31="W:800 ","W4",AL31="W:1120 ","W5"),"")} -> W2 | AU31: {=IFERROR(_xlfn.IFS(AM31="D:400 ","D1",AM31="D:600 ","D2",AM31="D:1000 ","D3"),"")} | AV31: 025506 | AW31: 024018 | AX31: 8 | AY31: =AE31&AF31&AH31&AI31&AJ31&AK31&AL31&AM31&AN31 -> UF. de CVS/NSX/EZC 630 Vertical Fijo Palanca W:400 - | BF31: =BG31&BH31&BI31&BJ31 -> 3FHZ | BG31: =BG30 -> 3 | BH31: =BH30 -> F | BI31: =BI30 -> H | BJ31: {=IFERROR(_xlfn.IFS(BP31="400 + 400","X",BP31="720","Y",BP31="1120","Z"),"")} -> Z | BP31: 1120 | BQ31: 038011 | BR31: - | BS31: - | BT31: - | BU31: - | BV31: - | BW31: - | BX31: - | BY31: - | BZ31: - | CA31: - | CB31: - | CC31: - | CD31: - | CF31: =BG31&BH31&CG31&CH31 -> 3FV | CG31: V | CH31: {=IFERROR(_xlfn.IFS(CJ31="1/4","M",CJ31="1/2","N",CJ31="3/4","O",CJ31="1","P"),"")} | CJ31: - | CK31: - | CL31: - | CM31: - | CN31: - | CO31: - | CP31: - | CQ31: - | CR31: - | CS31: - | CT31: - | DD31: 017025 | DE31: =IF(DD31<>"",$DD$4&DD31,"") -> 1017025 | DF31: 014005 | DG31: =IF(DF31<>"",$DD$4&DF31,"") -> 1014005 | DH31: 010024 | DI31: =IF(DH31<>"",$DD$4&DH31,"") -> 1010024
A32: 27 | B32: =MID(H32,1,2)&MID(J32,1,2)&MID(L32,1,2)&MID(C32,1,2)&MID(M32,1,1)&MID(N32,1,1)&MID(O32,1,1)&MID(P32,1,3) -> 222040Ma | C32: Marco | D32: 1017026 | E32: 1014006 | F32: 1010020 | G32: =IF(H32<>"","H:","") -> H: | H32: 2200 | I32: =IF(J32<>"","W:","") -> W: | J32: 200 | K32: =IF(L32<>"","D:","") -> D: | L32: 400 | Q32: =IF(B32<>"",(C32&M32&N32&O32&P32&" / "&G32&H32&I32&J32&K32&L32&" mm"),"") -> Marco / H:2200W:200D:400 mm | S32: 1.5.1. | T32: Cubierta de ventilación | Z32: =V32&U32&MID(W32,1,1)&MID(X32,1,1)&MID(Y32,1,3) | AA32: =VLOOKUP(Z32,$B$6:$D$526,3,FALSE) | AD32: =AO32&AP32&AQ32&AR32&AS32&AT32&AN32&AU32 -> ICV6VFMW2- | AE32: UF. | AF32: de | AG32: Integrada | AH32: CVS/NSX/EZC 630 | AI32: Vertical | AJ32: Fijo | AK32: Motorizado | AL32: W:400 | AN32: - | AO32: =MID(AG32,1,1) -> I | AP32: {=IFERROR(_xlfn.IFS(AH32="Mini Breaker ","MB",AH32="GoPact ","GP",AH32="EZC 100 ","EZ1",AH32="EZC 250 ","EZ2",AH32="CVS/NSX 250 ","CV2",AH32="CVS/NSX/EZC 630 ","CV6",AH32="NS 1600 ","NS1",AH32="NW/MTZ 4000 ","NW4",AH32="Conmutador PEQ. ","CP",AH32="Conmutador MED. ","CM",AH32="Conmutador GRA. ","CG",AH32="Contactores ","CK"),"")} -> CV6 | AQ32: {=_xlfn.IFS(AI32="Horizontal ","H",AI32="Horizontal COMPUESTA ","HC",AI32="Vertical ","V",AI32="Vertical Compacta ","VC",AI32="Vertical Extendida ","VE")} -> V | AR32: =MID(AJ32,1,1) -> F | AS32: =MID(AK32,1,1) -> M | AT32: {=IFERROR(_xlfn.IFS(AL32="W:200 ","W1",AL32="W:400 ","W2",AL32="W:720 ","W3",AL32="W:800 ","W4",AL32="W:1120 ","W5"),"")} -> W2 | AU32: {=IFERROR(_xlfn.IFS(AM32="D:400 ","D1",AM32="D:600 ","D2",AM32="D:1000 ","D3"),"")} | AV32: 021137 | AW32: 024018 | AX32: 8 | AY32: =AE32&AF32&AH32&AI32&AJ32&AK32&AL32&AM32&AN32 -> UF. de CVS/NSX/EZC 630 Vertical Fijo Motorizado W:400 - | BF32: =BG32&BH32&BI32&BJ32 -> 3GHY | BG32: {=_xlfn.IFS(BN32="10 - 25",1,BN32="10 - 40",2,BN32="10 - 65",3,BN32="10 - 85",4)} -> 3 | BH32: {=_xlfn.IFS(BO32="630","A",BO32="1250","B",BO32="1600","C",BO32="2000","D",BO32="2500","E",BO32="3200","F",BO32="4000","G",BO32="5000","H",BO32="6300","I",BO32="7000","J")} -> G | BI32: H | BJ32: {=IFERROR(_xlfn.IFS(BP32="400 + 400","X",BP32="720","Y",BP32="1120","Z"),"")} -> Y | BN32: 10 - 65 | BO32: 4000 | BP32: 720 | BQ32: 038012 | BR32: NW | BS32: - | BT32: - | BU32: - | BV32: - | BW32: 048020 | BX32: 048021 | BY32: 048022 | BZ32: 048023 | CA32: 048024 | CB32: 048025 | CC32: 048026 | CD32: 048027 | CF32: =BG32&BH32&CG32&CH32 -> 3GV | CG32: V | CH32: {=IFERROR(_xlfn.IFS(CJ32="1/4","M",CJ32="1/2","N",CJ32="3/4","O",CJ32="1","P"),"")} | CJ32: - | CK32: - | CL32: - | CM32: - | CN32: - | CO32: - | CP32: - | CQ32: - | CR32: - | CS32: - | CT32: - | DD32: 017026 | DE32: =IF(DD32<>"",$DD$4&DD32,"") -> 1017026 | DF32: 014006 | DG32: =IF(DF32<>"",$DD$4&DF32,"") -> 1014006 | DH32: 010020 | DI32: =IF(DH32<>"",$DD$4&DH32,"") -> 1010020
A33: 28 | B33: =MID(H33,1,2)&MID(J33,1,2)&MID(L33,1,2)&MID(C33,1,2)&MID(M33,1,1)&MID(N33,1,1)&MID(O33,1,1)&MID(P33,1,3) -> 222060Ma | C33: Marco | D33: 1017027 | E33: 1014007 | F33: 1010020 | G33: =IF(H33<>"","H:","") -> H: | H33: 2200 | I33: =IF(J33<>"","W:","") -> W: | J33: 200 | K33: =IF(L33<>"","D:","") -> D: | L33: 600 | Q33: =IF(B33<>"",(C33&M33&N33&O33&P33&" / "&G33&H33&I33&J33&K33&L33&" mm"),"") -> Marco / H:2200W:200D:600 mm | S33: 1.5.2. | T33: Accesorio de poste | AA33: SinReferencia | AD33: =AO33&AP33&AQ33&AR33&AS33&AT33&AN33&AU33 -> ICV6HFPW3- | AE33: UF. | AF33: de | AG33: Integrada | AH33: CVS/NSX/EZC 630 | AI33: Horizontal | AJ33: Fijo | AK33: Palanca | AL33: W:720 | AN33: - | AO33: =MID(AG33,1,1) -> I | AP33: {=IFERROR(_xlfn.IFS(AH33="Mini Breaker ","MB",AH33="GoPact ","GP",AH33="EZC 100 ","EZ1",AH33="EZC 250 ","EZ2",AH33="CVS/NSX 250 ","CV2",AH33="CVS/NSX/EZC 630 ","CV6",AH33="NS 1600 ","NS1",AH33="NW/MTZ 4000 ","NW4",AH33="Conmutador PEQ. ","CP",AH33="Conmutador MED. ","CM",AH33="Conmutador GRA. ","CG",AH33="Contactores ","CK"),"")} -> CV6 | AQ33: {=_xlfn.IFS(AI33="Horizontal ","H",AI33="Horizontal COMPUESTA ","HC",AI33="Vertical ","V",AI33="Vertical Compacta ","VC",AI33="Vertical Extendida ","VE")} -> H | AR33: =MID(AJ33,1,1) -> F | AS33: =MID(AK33,1,1) -> P | AT33: {=IFERROR(_xlfn.IFS(AL33="W:200 ","W1",AL33="W:400 ","W2",AL33="W:720 ","W3",AL33="W:800 ","W4",AL33="W:1120 ","W5"),"")} -> W3 | AU33: {=IFERROR(_xlfn.IFS(AM33="D:400 ","D1",AM33="D:600 ","D2",AM33="D:1000 ","D3"),"")} | AV33: 025503 | AW33: 024019 | AX33: 4 | AY33: =AE33&AF33&AH33&AI33&AJ33&AK33&AL33&AM33&AN33 -> UF. de CVS/NSX/EZC 630 Horizontal Fijo Palanca W:720 - | BF33: =BG33&BH33&BI33&BJ33 -> 3GHZ | BG33: =BG32 -> 3 | BH33: =BH32 -> G | BI33: =BI32 -> H | BJ33: {=IFERROR(_xlfn.IFS(BP33="400 + 400","X",BP33="720","Y",BP33="1120","Z"),"")} -> Z | BP33: 1120 | BQ33: 038013 | BR33: - | BS33: - | BT33: - | BU33: - | BV33: - | BW33: - | BX33: - | BY33: - | BZ33: - | CA33: - | CB33: - | CC33: - | CD33: - | CF33: =BG33&BH33&CG33&CH33 -> 3GV | CG33: V | CH33: {=IFERROR(_xlfn.IFS(CJ33="1/4","M",CJ33="1/2","N",CJ33="3/4","O",CJ33="1","P"),"")} | CJ33: - | CK33: - | CL33: - | CM33: - | CN33: - | CO33: - | CP33: - | CQ33: - | CR33: - | CS33: - | CT33: - | DD33: 017027 | DE33: =IF(DD33<>"",$DD$4&DD33,"") -> 1017027 | DF33: 014007 | DG33: =IF(DF33<>"",$DD$4&DF33,"") -> 1014007 | DH33: 010020 | DI33: =IF(DH33<>"",$DD$4&DH33,"") -> 1010020
A34: 29 | B34: =MID(H34,1,2)&MID(J34,1,2)&MID(L34,1,2)&MID(C34,1,2)&MID(M34,1,1)&MID(N34,1,1)&MID(O34,1,1)&MID(P34,1,3) -> 222010Ma | C34: Marco | D34: 1017028 | E34: 1014008 | F34: 1010020 | G34: =IF(H34<>"","H:","") -> H: | H34: 2200 | I34: =IF(J34<>"","W:","") -> W: | J34: 200 | K34: =IF(L34<>"","D:","") -> D: | L34: 1000 | Q34: =IF(B34<>"",(C34&M34&N34&O34&P34&" / "&G34&H34&I34&J34&K34&L34&" mm"),"") -> Marco / H:2200W:200D:1000 mm | S34: 1.5.3. | T34: Accesorio de muro | AA34: SinReferencia | AD34: =AO34&AP34&AQ34&AR34&AS34&AT34&AN34&AU34 -> ICV6HFMW3- | AE34: UF. | AF34: de | AG34: Integrada | AH34: CVS/NSX/EZC 630 | AI34: Horizontal | AJ34: Fijo | AK34: Motorizado | AL34: W:720 | AN34: - | AO34: =MID(AG34,1,1) -> I | AP34: {=IFERROR(_xlfn.IFS(AH34="Mini Breaker ","MB",AH34="GoPact ","GP",AH34="EZC 100 ","EZ1",AH34="EZC 250 ","EZ2",AH34="CVS/NSX 250 ","CV2",AH34="CVS/NSX/EZC 630 ","CV6",AH34="NS 1600 ","NS1",AH34="NW/MTZ 4000 ","NW4",AH34="Conmutador PEQ. ","CP",AH34="Conmutador MED. ","CM",AH34="Conmutador GRA. ","CG",AH34="Contactores ","CK"),"")} -> CV6 | AQ34: {=_xlfn.IFS(AI34="Horizontal ","H",AI34="Horizontal COMPUESTA ","HC",AI34="Vertical ","V",AI34="Vertical Compacta ","VC",AI34="Vertical Extendida ","VE")} -> H | AR34: =MID(AJ34,1,1) -> F | AS34: =MID(AK34,1,1) -> M | AT34: {=IFERROR(_xlfn.IFS(AL34="W:200 ","W1",AL34="W:400 ","W2",AL34="W:720 ","W3",AL34="W:800 ","W4",AL34="W:1120 ","W5"),"")} -> W3 | AU34: {=IFERROR(_xlfn.IFS(AM34="D:400 ","D1",AM34="D:600 ","D2",AM34="D:1000 ","D3"),"")} | AV34: 025508 | AW34: 024019 | AX34: 4 | AY34: =AE34&AF34&AH34&AI34&AJ34&AK34&AL34&AM34&AN34 -> UF. de CVS/NSX/EZC 630 Horizontal Fijo Motorizado W:720 - | BF34: =BG34&BH34&BI34&BJ34 -> 4HHY | BG34: {=_xlfn.IFS(BN34="10 - 25",1,BN34="10 - 40",2,BN34="10 - 65",3,BN34="10 - 85",4)} -> 4 | BH34: {=_xlfn.IFS(BO34="630","A",BO34="1250","B",BO34="1600","C",BO34="2000","D",BO34="2500","E",BO34="3200","F",BO34="4000","G",BO34="5000","H",BO34="6300","I",BO34="7000","J")} -> H | BI34: H | BJ34: {=IFERROR(_xlfn.IFS(BP34="400 + 400","X",BP34="720","Y",BP34="1120","Z"),"")} -> Y | BL34: TH | BN34: 10 - 85 | BO34: 5000 | BP34: 720 | BQ34: 038014 | BR34: NW | BS34: - | BT34: - | BU34: - | BV34: - | BW34: - | BX34: - | BY34: - | BZ34: - | CA34: - | CB34: - | CC34: - | CD34: - | CF34: =BG34&BH34&CG34&CH34 -> 4HV | CG34: V | CH34: {=IFERROR(_xlfn.IFS(CJ34="1/4","M",CJ34="1/2","N",CJ34="3/4","O",CJ34="1","P"),"")} | CJ34: - | CK34: - | CL34: - | CM34: - | CN34: - | CO34: - | CP34: - | CQ34: - | CR34: - | CS34: - | CT34: - | DD34: 017028 | DE34: =IF(DD34<>"",$DD$4&DD34,"") -> 1017028 | DF34: 014008 | DG34: =IF(DF34<>"",$DD$4&DF34,"") -> 1014008 | DH34: 010020 | DI34: =IF(DH34<>"",$DD$4&DH34,"") -> 1010020
A35: 30 | B35: =MID(H35,1,2)&MID(J35,1,2)&MID(L35,1,2)&MID(C35,1,2)&MID(M35,1,1)&MID(N35,1,1)&MID(O35,1,1)&MID(P35,1,3) -> 224040Ma | C35: Marco | D35: 1017029 | E35: 1014006 | F35: 1010021 | G35: =IF(H35<>"","H:","") -> H: | H35: 2200 | I35: =IF(J35<>"","W:","") -> W: | J35: 400 | K35: =IF(L35<>"","D:","") -> D: | L35: 400 | Q35: =IF(B35<>"",(C35&M35&N35&O35&P35&" / "&G35&H35&I35&J35&K35&L35&" mm"),"") -> Marco / H:2200W:400D:400 mm | S35: 1.5.4. | T35: Segregación | AA35: SinReferencia | AD35: =AO35&AP35&AQ35&AR35&AS35&AT35&AN35&AU35 -> ICV6HFPW3PM | AE35: UF. | AF35: de | AG35: Integrada | AH35: CVS/NSX/EZC 630 | AI35: Horizontal | AJ35: Fijo | AK35: Palanca | AL35: W:720 | AN35: PM | AO35: =MID(AG35,1,1) -> I | AP35: {=IFERROR(_xlfn.IFS(AH35="Mini Breaker ","MB",AH35="GoPact ","GP",AH35="EZC 100 ","EZ1",AH35="EZC 250 ","EZ2",AH35="CVS/NSX 250 ","CV2",AH35="CVS/NSX/EZC 630 ","CV6",AH35="NS 1600 ","NS1",AH35="NW/MTZ 4000 ","NW4",AH35="Conmutador PEQ. ","CP",AH35="Conmutador MED. ","CM",AH35="Conmutador GRA. ","CG",AH35="Contactores ","CK"),"")} -> CV6 | AQ35: {=_xlfn.IFS(AI35="Horizontal ","H",AI35="Horizontal COMPUESTA ","HC",AI35="Vertical ","V",AI35="Vertical Compacta ","VC",AI35="Vertical Extendida ","VE")} -> H | AR35: =MID(AJ35,1,1) -> F | AS35: =MID(AK35,1,1) -> P | AT35: {=IFERROR(_xlfn.IFS(AL35="W:200 ","W1",AL35="W:400 ","W2",AL35="W:720 ","W3",AL35="W:800 ","W4",AL35="W:1120 ","W5"),"")} -> W3 | AU35: {=IFERROR(_xlfn.IFS(AM35="D:400 ","D1",AM35="D:600 ","D2",AM35="D:1000 ","D3"),"")} | AV35: 025502 | AW35: 024019 | AX35: 4 | AY35: =AE35&AF35&AH35&AI35&AJ35&AK35&AL35&AM35&AN35 -> UF. de CVS/NSX/EZC 630 Horizontal Fijo Palanca W:720 PM | BF35: =BG35&BH35&BI35&BJ35 -> 4HHZ | BG35: =BG34 -> 4 | BH35: =BH34 -> H | BI35: =BI34 -> H | BJ35: {=IFERROR(_xlfn.IFS(BP35="400 + 400","X",BP35="720","Y",BP35="1120","Z"),"")} -> Z | BP35: 1120 | BQ35: 038015 | BR35: - | BS35: - | BT35: - | BU35: - | BV35: - | BW35: - | BX35: - | BY35: - | BZ35: - | CA35: - | CB35: - | CC35: - | CD35: - | CF35: =BG35&BH35&CG35&CH35 -> 4HV | CG35: V | CH35: {=IFERROR(_xlfn.IFS(CJ35="1/4","M",CJ35="1/2","N",CJ35="3/4","O",CJ35="1","P"),"")} | CJ35: - | CK35: - | CL35: - | CM35: - | CN35: - | CO35: - | CP35: - | CQ35: - | CR35: - | CS35: - | CT35: - | DD35: 017029 | DE35: =IF(DD35<>"",$DD$4&DD35,"") -> 1017029 | DF35: 014006 | DG35: =IF(DF35<>"",$DD$4&DF35,"") -> 1014006 | DH35: 010021 | DI35: =IF(DH35<>"",$DD$4&DH35,"") -> 1010021
A36: 31 | B36: =MID(H36,1,2)&MID(J36,1,2)&MID(L36,1,2)&MID(C36,1,2)&MID(M36,1,1)&MID(N36,1,1)&MID(O36,1,1)&MID(P36,1,3) -> 224060Ma | C36: Marco | D36: 1017030 | E36: 1014007 | F36: 1010021 | G36: =IF(H36<>"","H:","") -> H: | H36: 2200 | I36: =IF(J36<>"","W:","") -> W: | J36: 400 | K36: =IF(L36<>"","D:","") -> D: | L36: 600 | Q36: =IF(B36<>"",(C36&M36&N36&O36&P36&" / "&G36&H36&I36&J36&K36&L36&" mm"),"") -> Marco / H:2200W:400D:600 mm | S36: 1.6.1. | T36: Placa para modulo | U36: PlM | W36: Grande | Z36: =V36&U36&MID(W36,1,1)&MID(X36,1,1)&MID(Y36,1,3) -> PlMG | AA36: =VLOOKUP(Z36,$B$6:$D$526,3,FALSE) -> 1013202 | AD36: =AO36&AP36&AQ36&AR36&AS36&AT36&AN36&AU36 -> INS1VFPW3- | AE36: UF. | AF36: de | AG36: Integrada | AH36: NS 1600 | AI36: Vertical | AJ36: Fijo | AK36: Palanca | AL36: W:720 | AN36: - | AO36: =MID(AG36,1,1) -> I | AP36: {=IFERROR(_xlfn.IFS(AH36="Mini Breaker ","MB",AH36="GoPact ","GP",AH36="EZC 100 ","EZ1",AH36="EZC 250 ","EZ2",AH36="CVS/NSX 250 ","CV2",AH36="CVS/NSX/EZC 630 ","CV6",AH36="NS 1600 ","NS1",AH36="NW/MTZ 4000 ","NW4",AH36="Conmutador PEQ. ","CP",AH36="Conmutador MED. ","CM",AH36="Conmutador GRA. ","CG",AH36="Contactores ","CK"),"")} -> NS1 | AQ36: {=_xlfn.IFS(AI36="Horizontal ","H",AI36="Horizontal COMPUESTA ","HC",AI36="Vertical ","V",AI36="Vertical Compacta ","VC",AI36="Vertical Extendida ","VE")} -> V | AR36: =MID(AJ36,1,1) -> F | AS36: =MID(AK36,1,1) -> P | AT36: {=IFERROR(_xlfn.IFS(AL36="W:200 ","W1",AL36="W:400 ","W2",AL36="W:720 ","W3",AL36="W:800 ","W4",AL36="W:1120 ","W5"),"")} -> W3 | AU36: {=IFERROR(_xlfn.IFS(AM36="D:400 ","D1",AM36="D:600 ","D2",AM36="D:1000 ","D3"),"")} | AV36: 025509 | AW36: 024020 | AX36: 10 | AY36: =AE36&AF36&AH36&AI36&AJ36&AK36&AL36&AM36&AN36 -> UF. de NS 1600 Vertical Fijo Palanca W:720 - | BF36: =BG36&BH36&BI36&BJ36 -> 4IHY | BG36: {=_xlfn.IFS(BN36="10 - 25",1,BN36="10 - 40",2,BN36="10 - 65",3,BN36="10 - 85",4)} -> 4 | BH36: {=_xlfn.IFS(BO36="630","A",BO36="1250","B",BO36="1600","C",BO36="2000","D",BO36="2500","E",BO36="3200","F",BO36="4000","G",BO36="5000","H",BO36="6300","I",BO36="7000","J")} -> I | BI36: H | BJ36: {=IFERROR(_xlfn.IFS(BP36="400 + 400","X",BP36="720","Y",BP36="1120","Z"),"")} -> Y | BN36: 10 - 85 | BO36: 6300 | BP36: 720 | BQ36: 038016 | BR36: NW | BS36: - | BT36: - | BU36: - | BV36: - | BW36: - | BX36: - | BY36: - | BZ36: - | CA36: - | CB36: - | CC36: - | CD36: - | CF36: =BG36&BH36&CG36&CH36 -> 4IV | CG36: V | CH36: {=IFERROR(_xlfn.IFS(CJ36="1/4","M",CJ36="1/2","N",CJ36="3/4","O",CJ36="1","P"),"")} | CJ36: - | CK36: - | CL36: - | CM36: - | CN36: - | CO36: - | CP36: - | CQ36: - | CR36: - | CS36: - | CT36: - | DD36: 017030 | DE36: =IF(DD36<>"",$DD$4&DD36,"") -> 1017030 | DF36: 014007 | DG36: =IF(DF36<>"",$DD$4&DF36,"") -> 1014007 | DH36: 010021 | DI36: =IF(DH36<>"",$DD$4&DH36,"") -> 1010021
A37: 32 | B37: =MID(H37,1,2)&MID(J37,1,2)&MID(L37,1,2)&MID(C37,1,2)&MID(M37,1,1)&MID(N37,1,1)&MID(O37,1,1)&MID(P37,1,3) -> 224010Ma | C37: Marco | D37: 1017031 | E37: 1014008 | F37: 1010021 | G37: =IF(H37<>"","H:","") -> H: | H37: 2200 | I37: =IF(J37<>"","W:","") -> W: | J37: 400 | K37: =IF(L37<>"","D:","") -> D: | L37: 1000 | Q37: =IF(B37<>"",(C37&M37&N37&O37&P37&" / "&G37&H37&I37&J37&K37&L37&" mm"),"") -> Marco / H:2200W:400D:1000 mm | S37: 1.6.2. | T37: Tapa del modulo | U37: TaM | W37: PM6 | Z37: =V37&U37&MID(W37,1,3)&MID(X37,1,3)&MID(Y37,1,3) -> TaMPM6 | AA37: =VLOOKUP(Z37,$B$6:$D$526,3,FALSE) -> 1012111 | AD37: =AO37&AP37&AQ37&AR37&AS37&AT37&AN37&AU37 -> INS1VFMW3- | AE37: UF. | AF37: de | AG37: Integrada | AH37: NS 1600 | AI37: Vertical | AJ37: Fijo | AK37: Motorizado | AL37: W:720 | AN37: - | AO37: =MID(AG37,1,1) -> I | AP37: {=IFERROR(_xlfn.IFS(AH37="Mini Breaker ","MB",AH37="GoPact ","GP",AH37="EZC 100 ","EZ1",AH37="EZC 250 ","EZ2",AH37="CVS/NSX 250 ","CV2",AH37="CVS/NSX/EZC 630 ","CV6",AH37="NS 1600 ","NS1",AH37="NW/MTZ 4000 ","NW4",AH37="Conmutador PEQ. ","CP",AH37="Conmutador MED. ","CM",AH37="Conmutador GRA. ","CG",AH37="Contactores ","CK"),"")} -> NS1 | AQ37: {=_xlfn.IFS(AI37="Horizontal ","H",AI37="Horizontal COMPUESTA ","HC",AI37="Vertical ","V",AI37="Vertical Compacta ","VC",AI37="Vertical Extendida ","VE")} -> V | AR37: =MID(AJ37,1,1) -> F | AS37: =MID(AK37,1,1) -> M | AT37: {=IFERROR(_xlfn.IFS(AL37="W:200 ","W1",AL37="W:400 ","W2",AL37="W:720 ","W3",AL37="W:800 ","W4",AL37="W:1120 ","W5"),"")} -> W3 | AU37: {=IFERROR(_xlfn.IFS(AM37="D:400 ","D1",AM37="D:600 ","D2",AM37="D:1000 ","D3"),"")} | AV37: 021142 | AW37: 024020 | AX37: 10 | AY37: =AE37&AF37&AH37&AI37&AJ37&AK37&AL37&AM37&AN37 -> UF. de NS 1600 Vertical Fijo Motorizado W:720 - | BF37: =BG37&BH37&BI37&BJ37 -> 4IHZ | BG37: =BG36 -> 4 | BH37: =BH36 -> I | BI37: =BI36 -> H | BJ37: {=IFERROR(_xlfn.IFS(BP37="400 + 400","X",BP37="720","Y",BP37="1120","Z"),"")} -> Z | BP37: 1120 | BQ37: 038017 | BR37: - | BS37: - | BT37: - | BU37: - | BV37: - | BW37: - | BX37: - | BY37: - | BZ37: - | CA37: - | CB37: - | CC37: - | CD37: - | CF37: =BG37&BH37&CG37&CH37 -> 4IV | CG37: V | CH37: {=IFERROR(_xlfn.IFS(CJ37="1/4","M",CJ37="1/2","N",CJ37="3/4","O",CJ37="1","P"),"")} | CJ37: - | CK37: - | CL37: - | CM37: - | CN37: - | CO37: - | CP37: - | CQ37: - | CR37: - | CS37: - | CT37: - | DD37: 017031 | DE37: =IF(DD37<>"",$DD$4&DD37,"") -> 1017031 | DF37: 014008 | DG37: =IF(DF37<>"",$DD$4&DF37,"") -> 1014008 | DH37: 010021 | DI37: =IF(DH37<>"",$DD$4&DH37,"") -> 1010021
A38: 33 | B38: =MID(H38,1,2)&MID(J38,1,2)&MID(L38,1,2)&MID(C38,1,2)&MID(M38,1,1)&MID(N38,1,1)&MID(O38,1,1)&MID(P38,1,3) -> 227240Ma | C38: Marco | D38: 1017032 | E38: 1014006 | F38: 1010022 | G38: =IF(H38<>"","H:","") -> H: | H38: 2200 | I38: =IF(J38<>"","W:","") -> W: | J38: 720 | K38: =IF(L38<>"","D:","") -> D: | L38: 400 | Q38: =IF(B38<>"",(C38&M38&N38&O38&P38&" / "&G38&H38&I38&J38&K38&L38&" mm"),"") -> Marco / H:2200W:720D:400 mm | AD38: =AO38&AP38&AQ38&AR38&AS38&AT38&AN38&AU38 -> INS1VFPW2- | AE38: UF. | AF38: de | AG38: Integrada | AH38: NS 1600 | AI38: Vertical | AJ38: Fijo | AK38: Palanca | AL38: W:400 | AN38: - | AO38: =MID(AG38,1,1) -> I | AP38: {=IFERROR(_xlfn.IFS(AH38="Mini Breaker ","MB",AH38="GoPact ","GP",AH38="EZC 100 ","EZ1",AH38="EZC 250 ","EZ2",AH38="CVS/NSX 250 ","CV2",AH38="CVS/NSX/EZC 630 ","CV6",AH38="NS 1600 ","NS1",AH38="NW/MTZ 4000 ","NW4",AH38="Conmutador PEQ. ","CP",AH38="Conmutador MED. ","CM",AH38="Conmutador GRA. ","CG",AH38="Contactores ","CK"),"")} -> NS1 | AQ38: {=_xlfn.IFS(AI38="Horizontal ","H",AI38="Horizontal COMPUESTA ","HC",AI38="Vertical ","V",AI38="Vertical Compacta ","VC",AI38="Vertical Extendida ","VE")} -> V | AR38: =MID(AJ38,1,1) -> F | AS38: =MID(AK38,1,1) -> P | AT38: {=IFERROR(_xlfn.IFS(AL38="W:200 ","W1",AL38="W:400 ","W2",AL38="W:720 ","W3",AL38="W:800 ","W4",AL38="W:1120 ","W5"),"")} -> W2 | AU38: {=IFERROR(_xlfn.IFS(AM38="D:400 ","D1",AM38="D:600 ","D2",AM38="D:1000 ","D3"),"")} | AV38: 025507 | AW38: 024021 | AX38: 10 | AY38: =AE38&AF38&AH38&AI38&AJ38&AK38&AL38&AM38&AN38 -> UF. de NS 1600 Vertical Fijo Palanca W:400 - | BF38: =BG38&BH38&BI38&BJ38 -> 4JHY | BG38: {=_xlfn.IFS(BN38="10 - 25",1,BN38="10 - 40",2,BN38="10 - 65",3,BN38="10 - 85",4)} -> 4 | BH38: {=_xlfn.IFS(BO38="630","A",BO38="1250","B",BO38="1600","C",BO38="2000","D",BO38="2500","E",BO38="3200","F",BO38="4000","G",BO38="5000","H",BO38="6300","I",BO38="7000","J")} -> J | BI38: H | BJ38: {=IFERROR(_xlfn.IFS(BP38="400 + 400","X",BP38="720","Y",BP38="1120","Z"),"")} -> Y | BN38: 10 - 85 | BO38: 7000 | BP38: 720 | BQ38: 038018 | BR38: NW | BS38: - | BT38: - | BU38: - | BV38: - | BW38: - | BX38: - | BY38: - | BZ38: - | CA38: - | CB38: - | CC38: - | CD38: - | CF38: =BG38&BH38&CG38&CH38 -> 4JV | CG38: V | CH38: {=IFERROR(_xlfn.IFS(CJ38="1/4","M",CJ38="1/2","N",CJ38="3/4","O",CJ38="1","P"),"")} | CJ38: - | CK38: - | CL38: - | CM38: - | CN38: - | CO38: - | CP38: - | CQ38: - | CR38: - | CS38: - | CT38: - | DD38: 017032 | DE38: =IF(DD38<>"",$DD$4&DD38,"") -> 1017032 | DF38: 014006 | DG38: =IF(DF38<>"",$DD$4&DF38,"") -> 1014006 | DH38: 010022 | DI38: =IF(DH38<>"",$DD$4&DH38,"") -> 1010022
A39: 34 | B39: =MID(H39,1,2)&MID(J39,1,2)&MID(L39,1,2)&MID(C39,1,2)&MID(M39,1,1)&MID(N39,1,1)&MID(O39,1,1)&MID(P39,1,3) -> 227260Ma | C39: Marco | D39: 1017033 | E39: 1014007 | F39: 1010022 | G39: =IF(H39<>"","H:","") -> H: | H39: 2200 | I39: =IF(J39<>"","W:","") -> W: | J39: 720 | K39: =IF(L39<>"","D:","") -> D: | L39: 600 | Q39: =IF(B39<>"",(C39&M39&N39&O39&P39&" / "&G39&H39&I39&J39&K39&L39&" mm"),"") -> Marco / H:2200W:720D:600 mm | AD39: =AO39&AP39&AQ39&AR39&AS39&AT39&AN39&AU39 -> INS1VFMW2- | AE39: UF. | AF39: de | AG39: Integrada | AH39: NS 1600 | AI39: Vertical | AJ39: Fijo | AK39: Motorizado | AL39: W:400 | AN39: - | AO39: =MID(AG39,1,1) -> I | AP39: {=IFERROR(_xlfn.IFS(AH39="Mini Breaker ","MB",AH39="GoPact ","GP",AH39="EZC 100 ","EZ1",AH39="EZC 250 ","EZ2",AH39="CVS/NSX 250 ","CV2",AH39="CVS/NSX/EZC 630 ","CV6",AH39="NS 1600 ","NS1",AH39="NW/MTZ 4000 ","NW4",AH39="Conmutador PEQ. ","CP",AH39="Conmutador MED. ","CM",AH39="Conmutador GRA. ","CG",AH39="Contactores ","CK"),"")} -> NS1 | AQ39: {=_xlfn.IFS(AI39="Horizontal ","H",AI39="Horizontal COMPUESTA ","HC",AI39="Vertical ","V",AI39="Vertical Compacta ","VC",AI39="Vertical Extendida ","VE")} -> V | AR39: =MID(AJ39,1,1) -> F | AS39: =MID(AK39,1,1) -> M | AT39: {=IFERROR(_xlfn.IFS(AL39="W:200 ","W1",AL39="W:400 ","W2",AL39="W:720 ","W3",AL39="W:800 ","W4",AL39="W:1120 ","W5"),"")} -> W2 | AU39: {=IFERROR(_xlfn.IFS(AM39="D:400 ","D1",AM39="D:600 ","D2",AM39="D:1000 ","D3"),"")} | AV39: 021143 | AW39: 024021 | AX39: 10 | AY39: =AE39&AF39&AH39&AI39&AJ39&AK39&AL39&AM39&AN39 -> UF. de NS 1600 Vertical Fijo Motorizado W:400 - | BF39: =BG39&BH39&BI39&BJ39 -> 4JHZ | BG39: =BG38 -> 4 | BH39: =BH38 -> J | BI39: =BI38 -> H | BJ39: {=IFERROR(_xlfn.IFS(BP39="400 + 400","X",BP39="720","Y",BP39="1120","Z"),"")} -> Z | BP39: 1120 | BQ39: 038019 | BR39: - | BS39: - | BT39: - | BU39: - | BV39: - | BW39: - | BX39: - | BY39: - | BZ39: - | CA39: - | CB39: - | CC39: - | CD39: - | CF39: =BG39&BH39&CG39&CH39 -> 4JV | CG39: V | CH39: {=IFERROR(_xlfn.IFS(CJ39="1/4","M",CJ39="1/2","N",CJ39="3/4","O",CJ39="1","P"),"")} | CJ39: - | CK39: - | CL39: - | CM39: - | CN39: - | CO39: - | CP39: - | CQ39: - | CR39: - | CS39: - | CT39: - | DD39: 017033 | DE39: =IF(DD39<>"",$DD$4&DD39,"") -> 1017033 | DF39: 014007 | DG39: =IF(DF39<>"",$DD$4&DF39,"") -> 1014007 | DH39: 010022 | DI39: =IF(DH39<>"",$DD$4&DH39,"") -> 1010022
A40: 35 | B40: =MID(H40,1,2)&MID(J40,1,2)&MID(L40,1,2)&MID(C40,1,2)&MID(M40,1,1)&MID(N40,1,1)&MID(O40,1,1)&MID(P40,1,3) -> 227210Ma | C40: Marco | D40: 1017034 | E40: 1014008 | F40: 1010022 | G40: =IF(H40<>"","H:","") -> H: | H40: 2200 | I40: =IF(J40<>"","W:","") -> W: | J40: 720 | K40: =IF(L40<>"","D:","") -> D: | L40: 1000 | Q40: =IF(B40<>"",(C40&M40&N40&O40&P40&" / "&G40&H40&I40&J40&K40&L40&" mm"),"") -> Marco / H:2200W:720D:1000 mm | AD40: =AO40&AP40&AQ40&AR40&AS40&AT40&AN40&AU40 -> INS1HFPW3- | AE40: UF. | AF40: de | AG40: Integrada | AH40: NS 1600 | AI40: Horizontal | AJ40: Fijo | AK40: Palanca | AL40: W:720 | AN40: - | AO40: =MID(AG40,1,1) -> I | AP40: {=IFERROR(_xlfn.IFS(AH40="Mini Breaker ","MB",AH40="GoPact ","GP",AH40="EZC 100 ","EZ1",AH40="EZC 250 ","EZ2",AH40="CVS/NSX 250 ","CV2",AH40="CVS/NSX/EZC 630 ","CV6",AH40="NS 1600 ","NS1",AH40="NW/MTZ 4000 ","NW4",AH40="Conmutador PEQ. ","CP",AH40="Conmutador MED. ","CM",AH40="Conmutador GRA. ","CG",AH40="Contactores ","CK"),"")} -> NS1 | AQ40: {=_xlfn.IFS(AI40="Horizontal ","H",AI40="Horizontal COMPUESTA ","HC",AI40="Vertical ","V",AI40="Vertical Compacta ","VC",AI40="Vertical Extendida ","VE")} -> H | AR40: =MID(AJ40,1,1) -> F | AS40: =MID(AK40,1,1) -> P | AT40: {=IFERROR(_xlfn.IFS(AL40="W:200 ","W1",AL40="W:400 ","W2",AL40="W:720 ","W3",AL40="W:800 ","W4",AL40="W:1120 ","W5"),"")} -> W3 | AU40: {=IFERROR(_xlfn.IFS(AM40="D:400 ","D1",AM40="D:600 ","D2",AM40="D:1000 ","D3"),"")} | AV40: 025504 | AW40: 024027 | AX40: 6 | AY40: =AE40&AF40&AH40&AI40&AJ40&AK40&AL40&AM40&AN40 -> UF. de NS 1600 Horizontal Fijo Palanca W:720 - | DD40: 017034 | DE40: =IF(DD40<>"",$DD$4&DD40,"") -> 1017034 | DF40: 014008 | DG40: =IF(DF40<>"",$DD$4&DF40,"") -> 1014008 | DH40: 010022 | DI40: =IF(DH40<>"",$DD$4&DH40,"") -> 1010022
A41: 36 | B41: =MID(H41,1,2)&MID(J41,1,2)&MID(L41,1,2)&MID(C41,1,2)&MID(M41,1,1)&MID(N41,1,1)&MID(O41,1,1)&MID(P41,1,3) -> 228060Ma | C41: Marco | D41: 1017035 | E41: 1014007 | F41: 1010023 | G41: =IF(H41<>"","H:","") -> H: | H41: 2200 | I41: =IF(J41<>"","W:","") -> W: | J41: 800 | K41: =IF(L41<>"","D:","") -> D: | L41: 600 | Q41: =IF(B41<>"",(C41&M41&N41&O41&P41&" / "&G41&H41&I41&J41&K41&L41&" mm"),"") -> Marco / H:2200W:800D:600 mm | AD41: =AO41&AP41&AQ41&AR41&AS41&AT41&AN41&AU41 -> INS1HFMW3- | AE41: UF. | AF41: de | AG41: Integrada | AH41: NS 1600 | AI41: Horizontal | AJ41: Fijo | AK41: Motorizado | AL41: W:720 | AN41: - | AO41: =MID(AG41,1,1) -> I | AP41: {=IFERROR(_xlfn.IFS(AH41="Mini Breaker ","MB",AH41="GoPact ","GP",AH41="EZC 100 ","EZ1",AH41="EZC 250 ","EZ2",AH41="CVS/NSX 250 ","CV2",AH41="CVS/NSX/EZC 630 ","CV6",AH41="NS 1600 ","NS1",AH41="NW/MTZ 4000 ","NW4",AH41="Conmutador PEQ. ","CP",AH41="Conmutador MED. ","CM",AH41="Conmutador GRA. ","CG",AH41="Contactores ","CK"),"")} -> NS1 | AQ41: {=_xlfn.IFS(AI41="Horizontal ","H",AI41="Horizontal COMPUESTA ","HC",AI41="Vertical ","V",AI41="Vertical Compacta ","VC",AI41="Vertical Extendida ","VE")} -> H | AR41: =MID(AJ41,1,1) -> F | AS41: =MID(AK41,1,1) -> M | AT41: {=IFERROR(_xlfn.IFS(AL41="W:200 ","W1",AL41="W:400 ","W2",AL41="W:720 ","W3",AL41="W:800 ","W4",AL41="W:1120 ","W5"),"")} -> W3 | AU41: {=IFERROR(_xlfn.IFS(AM41="D:400 ","D1",AM41="D:600 ","D2",AM41="D:1000 ","D3"),"")} | AV41: 021128 | AW41: 024027 | AX41: 6 | AY41: =AE41&AF41&AH41&AI41&AJ41&AK41&AL41&AM41&AN41 -> UF. de NS 1600 Horizontal Fijo Motorizado W:720 - | DD41: 017035 | DE41: =IF(DD41<>"",$DD$4&DD41,"") -> 1017035 | DF41: 014007 | DG41: =IF(DF41<>"",$DD$4&DF41,"") -> 1014007 | DH41: 010023 | DI41: =IF(DH41<>"",$DD$4&DH41,"") -> 1010023
A42: 37 | B42: =MID(H42,1,2)&MID(J42,1,2)&MID(L42,1,2)&MID(C42,1,2)&MID(M42,1,1)&MID(N42,1,1)&MID(O42,1,1)&MID(P42,1,3) -> 228010Ma | C42: Marco | D42: 1017036 | E42: 1014008 | F42: 1010023 | G42: =IF(H42<>"","H:","") -> H: | H42: 2200 | I42: =IF(J42<>"","W:","") -> W: | J42: 800 | K42: =IF(L42<>"","D:","") -> D: | L42: 1000 | Q42: =IF(B42<>"",(C42&M42&N42&O42&P42&" / "&G42&H42&I42&J42&K42&L42&" mm"),"") -> Marco / H:2200W:800D:1000 mm | AD42: =AO42&AP42&AQ42&AR42&AS42&AT42&AN42&AU42 -> INW4VFMW3-D1 | AE42: UF. | AF42: de | AG42: Integrada | AH42: NW/MTZ 4000 | AI42: Vertical | AJ42: Fijo | AK42: Motorizado | AL42: W:720 | AM42: D:400 | AN42: - | AO42: =MID(AG42,1,1) -> I | AP42: {=IFERROR(_xlfn.IFS(AH42="Mini Breaker ","MB",AH42="GoPact ","GP",AH42="EZC 100 ","EZ1",AH42="EZC 250 ","EZ2",AH42="CVS/NSX 250 ","CV2",AH42="CVS/NSX/EZC 630 ","CV6",AH42="NS 1600 ","NS1",AH42="NW/MTZ 4000 ","NW4",AH42="Conmutador PEQ. ","CP",AH42="Conmutador MED. ","CM",AH42="Conmutador GRA. ","CG",AH42="Contactores ","CK"),"")} -> NW4 | AQ42: {=_xlfn.IFS(AI42="Horizontal ","H",AI42="Horizontal COMPUESTA ","HC",AI42="Vertical ","V",AI42="Vertical Compacta ","VC",AI42="Vertical Extendida ","VE")} -> V | AR42: =MID(AJ42,1,1) -> F | AS42: =MID(AK42,1,1) -> M | AT42: {=IFERROR(_xlfn.IFS(AL42="W:200 ","W1",AL42="W:400 ","W2",AL42="W:720 ","W3",AL42="W:800 ","W4",AL42="W:1120 ","W5"),"")} -> W3 | AU42: {=IFERROR(_xlfn.IFS(AM42="D:400 ","D1",AM42="D:600 ","D2",AM42="D:1000 ","D3"),"")} -> D1 | AV42: 021300 | AW42: 024024 | AX42: 12 | AY42: =AE42&AF42&AH42&AI42&AJ42&AK42&AL42&AM42&AN42 -> UF. de NW/MTZ 4000 Vertical Fijo Motorizado W:720 D:400 - | DD42: 017036 | DE42: =IF(DD42<>"",$DD$4&DD42,"") -> 1017036 | DF42: 014008 | DG42: =IF(DF42<>"",$DD$4&DF42,"") -> 1014008 | DH42: 010023 | DI42: =IF(DH42<>"",$DD$4&DH42,"") -> 1010023
A43: 38 | B43: =MID(H43,1,2)&MID(J43,1,2)&MID(L43,1,2)&MID(C43,1,2)&MID(M43,1,1)&MID(N43,1,1)&MID(O43,1,1)&MID(P43,1,3) -> 221140Ma | C43: Marco | D43: 1017037 | E43: 1014006 | F43: 1010024 | G43: =IF(H43<>"","H:","") -> H: | H43: 2200 | I43: =IF(J43<>"","W:","") -> W: | J43: 1120 | K43: =IF(L43<>"","D:","") -> D: | L43: 400 | Q43: =IF(B43<>"",(C43&M43&N43&O43&P43&" / "&G43&H43&I43&J43&K43&L43&" mm"),"") -> Marco / H:2200W:1120D:400 mm | AD43: =AO43&AP43&AQ43&AR43&AS43&AT43&AN43&AU43 -> INW4VFMW3-D2 | AE43: UF. | AF43: de | AG43: Integrada | AH43: NW/MTZ 4000 | AI43: Vertical | AJ43: Fijo | AK43: Motorizado | AL43: W:720 | AM43: D:600 | AN43: - | AO43: =MID(AG43,1,1) -> I | AP43: {=IFERROR(_xlfn.IFS(AH43="Mini Breaker ","MB",AH43="GoPact ","GP",AH43="EZC 100 ","EZ1",AH43="EZC 250 ","EZ2",AH43="CVS/NSX 250 ","CV2",AH43="CVS/NSX/EZC 630 ","CV6",AH43="NS 1600 ","NS1",AH43="NW/MTZ 4000 ","NW4",AH43="Conmutador PEQ. ","CP",AH43="Conmutador MED. ","CM",AH43="Conmutador GRA. ","CG",AH43="Contactores ","CK"),"")} -> NW4 | AQ43: {=_xlfn.IFS(AI43="Horizontal ","H",AI43="Horizontal COMPUESTA ","HC",AI43="Vertical ","V",AI43="Vertical Compacta ","VC",AI43="Vertical Extendida ","VE")} -> V | AR43: =MID(AJ43,1,1) -> F | AS43: =MID(AK43,1,1) -> M | AT43: {=IFERROR(_xlfn.IFS(AL43="W:200 ","W1",AL43="W:400 ","W2",AL43="W:720 ","W3",AL43="W:800 ","W4",AL43="W:1120 ","W5"),"")} -> W3 | AU43: {=IFERROR(_xlfn.IFS(AM43="D:400 ","D1",AM43="D:600 ","D2",AM43="D:1000 ","D3"),"")} -> D2 | AV43: 021300 | AW43: 024025 | AX43: 12 | AY43: =AE43&AF43&AH43&AI43&AJ43&AK43&AL43&AM43&AN43 -> UF. de NW/MTZ 4000 Vertical Fijo Motorizado W:720 D:600 - | DD43: 017037 | DE43: =IF(DD43<>"",$DD$4&DD43,"") -> 1017037 | DF43: 014006 | DG43: =IF(DF43<>"",$DD$4&DF43,"") -> 1014006 | DH43: 010024 | DI43: =IF(DH43<>"",$DD$4&DH43,"") -> 1010024
A44: 39 | B44: =MID(H44,1,2)&MID(J44,1,2)&MID(L44,1,2)&MID(C44,1,2)&MID(M44,1,1)&MID(N44,1,1)&MID(O44,1,1)&MID(P44,1,3) -> 221160Ma | C44: Marco | D44: 1017038 | E44: 1014007 | F44: 1010024 | G44: =IF(H44<>"","H:","") -> H: | H44: 2200 | I44: =IF(J44<>"","W:","") -> W: | J44: 1120 | K44: =IF(L44<>"","D:","") -> D: | L44: 600 | Q44: =IF(B44<>"",(C44&M44&N44&O44&P44&" / "&G44&H44&I44&J44&K44&L44&" mm"),"") -> Marco / H:2200W:1120D:600 mm | AD44: =AO44&AP44&AQ44&AR44&AS44&AT44&AN44&AU44 -> INW4VEW3-D2 | AE44: UF. | AF44: de | AG44: Integrada | AH44: NW/MTZ 4000 | AI44: Vertical | AJ44: Extraible | AL44: W:720 | AM44: D:600 | AN44: - | AO44: =MID(AG44,1,1) -> I | AP44: {=IFERROR(_xlfn.IFS(AH44="Mini Breaker ","MB",AH44="GoPact ","GP",AH44="EZC 100 ","EZ1",AH44="EZC 250 ","EZ2",AH44="CVS/NSX 250 ","CV2",AH44="CVS/NSX/EZC 630 ","CV6",AH44="NS 1600 ","NS1",AH44="NW/MTZ 4000 ","NW4",AH44="Conmutador PEQ. ","CP",AH44="Conmutador MED. ","CM",AH44="Conmutador GRA. ","CG",AH44="Contactores ","CK"),"")} -> NW4 | AQ44: {=_xlfn.IFS(AI44="Horizontal ","H",AI44="Horizontal COMPUESTA ","HC",AI44="Vertical ","V",AI44="Vertical Compacta ","VC",AI44="Vertical Extendida ","VE")} -> V | AR44: =MID(AJ44,1,1) -> E | AS44: =MID(AK44,1,1) | AT44: {=IFERROR(_xlfn.IFS(AL44="W:200 ","W1",AL44="W:400 ","W2",AL44="W:720 ","W3",AL44="W:800 ","W4",AL44="W:1120 ","W5"),"")} -> W3 | AU44: {=IFERROR(_xlfn.IFS(AM44="D:400 ","D1",AM44="D:600 ","D2",AM44="D:1000 ","D3"),"")} -> D2 | AV44: 021302 | AW44: 024026 | AX44: 12 | AY44: =AE44&AF44&AH44&AI44&AJ44&AK44&AL44&AM44&AN44 -> UF. de NW/MTZ 4000 Vertical Extraible W:720 D:600 - | DD44: 017038 | DE44: =IF(DD44<>"",$DD$4&DD44,"") -> 1017038 | DF44: 014007 | DG44: =IF(DF44<>"",$DD$4&DF44,"") -> 1014007 | DH44: 010024 | DI44: =IF(DH44<>"",$DD$4&DH44,"") -> 1010024
A45: 40 | B45: =MID(H45,1,2)&MID(J45,1,2)&MID(L45,1,2)&MID(C45,1,2)&MID(M45,1,1)&MID(N45,1,1)&MID(O45,1,1)&MID(P45,1,3) -> 221110Ma | C45: Marco | D45: 1017039 | E45: 1014008 | F45: 1010024 | G45: =IF(H45<>"","H:","") -> H: | H45: 2200 | I45: =IF(J45<>"","W:","") -> W: | J45: 1120 | K45: =IF(L45<>"","D:","") -> D: | L45: 1000 | Q45: =IF(B45<>"",(C45&M45&N45&O45&P45&" / "&G45&H45&I45&J45&K45&L45&" mm"),"") -> Marco / H:2200W:1120D:1000 mm | AD45: =AO45&AP45&AQ45&AR45&AS45&AT45&AN45&AU45 -> ICPVFW3- | AE45: UF. | AF45: de | AG45: Integrada | AH45: Conmutador PEQ. | AI45: Vertical | AJ45: Fijo | AL45: W:720 | AN45: - | AO45: =MID(AG45,1,1) -> I | AP45: {=IFERROR(_xlfn.IFS(AH45="Mini Breaker ","MB",AH45="GoPact ","GP",AH45="EZC 100 ","EZ1",AH45="EZC 250 ","EZ2",AH45="CVS/NSX 250 ","CV2",AH45="CVS/NSX/EZC 630 ","CV6",AH45="NS 1600 ","NS1",AH45="NW/MTZ 4000 ","NW4",AH45="Conmutador PEQ. ","CP",AH45="Conmutador MED. ","CM",AH45="Conmutador GRA. ","CG",AH45="Contactores ","CK"),"")} -> CP | AQ45: {=_xlfn.IFS(AI45="Horizontal ","H",AI45="Horizontal COMPUESTA ","HC",AI45="Vertical ","V",AI45="Vertical Compacta ","VC",AI45="Vertical Extendida ","VE")} -> V | AR45: =MID(AJ45,1,1) -> F | AS45: =MID(AK45,1,1) | AT45: {=IFERROR(_xlfn.IFS(AL45="W:200 ","W1",AL45="W:400 ","W2",AL45="W:720 ","W3",AL45="W:800 ","W4",AL45="W:1120 ","W5"),"")} -> W3 | AU45: {=IFERROR(_xlfn.IFS(AM45="D:400 ","D1",AM45="D:600 ","D2",AM45="D:1000 ","D3"),"")} | AV45: 025510 | AW45: 024028 | AX45: 4 | AY45: =AE45&AF45&AH45&AI45&AJ45&AK45&AL45&AM45&AN45 -> UF. de Conmutador PEQ. Vertical Fijo W:720 - | BP45: 100 A | DD45: 017039 | DE45: =IF(DD45<>"",$DD$4&DD45,"") -> 1017039 | DF45: 014008 | DG45: =IF(DF45<>"",$DD$4&DF45,"") -> 1014008 | DH45: 010024 | DI45: =IF(DH45<>"",$DD$4&DH45,"") -> 1010024
B46: =MID(H46,1,2)&MID(J46,1,2)&MID(L46,1,2)&MID(C46,1,2)&MID(M46,1,1)&MID(N46,1,1)&MID(O46,1,1)&MID(P46,1,3) -> 162040Ma | C46: Marco | D46: 1017040 | G46: =IF(H46<>"","H:","") -> H: | H46: 1600 | I46: =IF(J46<>"","W:","") -> W: | J46: 200 | K46: =IF(L46<>"","D:","") -> D: | L46: 400 | Q46: =IF(B46<>"",(C46&M46&N46&O46&P46&" / "&G46&H46&I46&J46&K46&L46&" mm"),"") -> Marco / H:1600W:200D:400 mm | DD46: 017040 | DE46: =IF(DD46<>"",$DD$4&DD46,"") -> 1017040 | DG46: =IF(DF46<>"",$DD$4&DF46,"") | DI46: =IF(DH46<>"",$DD$4&DH46,"")
B47: =MID(H47,1,2)&MID(J47,1,2)&MID(L47,1,2)&MID(C47,1,2)&MID(M47,1,1)&MID(N47,1,1)&MID(O47,1,1)&MID(P47,1,3) -> 162060Ma | C47: Marco | D47: 1017041 | G47: =IF(H47<>"","H:","") -> H: | H47: 1600 | I47: =IF(J47<>"","W:","") -> W: | J47: 200 | K47: =IF(L47<>"","D:","") -> D: | L47: 600 | Q47: =IF(B47<>"",(C47&M47&N47&O47&P47&" / "&G47&H47&I47&J47&K47&L47&" mm"),"") -> Marco / H:1600W:200D:600 mm | DD47: 017041 | DE47: =IF(DD47<>"",$DD$4&DD47,"") -> 1017041 | DG47: =IF(DF47<>"",$DD$4&DF47,"") | DI47: =IF(DH47<>"",$DD$4&DH47,"")
B48: =MID(H48,1,2)&MID(J48,1,2)&MID(L48,1,2)&MID(C48,1,2)&MID(M48,1,1)&MID(N48,1,1)&MID(O48,1,1)&MID(P48,1,3) -> 164040Ma | C48: Marco | D48: 1017042 | G48: =IF(H48<>"","H:","") -> H: | H48: 1600 | I48: =IF(J48<>"","W:","") -> W: | J48: 400 | K48: =IF(L48<>"","D:","") -> D: | L48: 400 | Q48: =IF(B48<>"",(C48&M48&N48&O48&P48&" / "&G48&H48&I48&J48&K48&L48&" mm"),"") -> Marco / H:1600W:400D:400 mm | DD48: 017042 | DE48: =IF(DD48<>"",$DD$4&DD48,"") -> 1017042 | DG48: =IF(DF48<>"",$DD$4&DF48,"") | DI48: =IF(DH48<>"",$DD$4&DH48,"")
B49: =MID(H49,1,2)&MID(J49,1,2)&MID(L49,1,2)&MID(C49,1,2)&MID(M49,1,1)&MID(N49,1,1)&MID(O49,1,1)&MID(P49,1,3) -> 164060Ma | C49: Marco | D49: 1017043 | G49: =IF(H49<>"","H:","") -> H: | H49: 1600 | I49: =IF(J49<>"","W:","") -> W: | J49: 400 | K49: =IF(L49<>"","D:","") -> D: | L49: 600 | Q49: =IF(B49<>"",(C49&M49&N49&O49&P49&" / "&G49&H49&I49&J49&K49&L49&" mm"),"") -> Marco / H:1600W:400D:600 mm | DD49: 017043 | DE49: =IF(DD49<>"",$DD$4&DD49,"") -> 1017043 | DG49: =IF(DF49<>"",$DD$4&DF49,"") | DI49: =IF(DH49<>"",$DD$4&DH49,"")
B50: =MID(H50,1,2)&MID(J50,1,2)&MID(L50,1,2)&MID(C50,1,2)&MID(M50,1,1)&MID(N50,1,1)&MID(O50,1,1)&MID(P50,1,3) -> 167240Ma | C50: Marco | D50: 1017044 | G50: =IF(H50<>"","H:","") -> H: | H50: 1600 | I50: =IF(J50<>"","W:","") -> W: | J50: 720 | K50: =IF(L50<>"","D:","") -> D: | L50: 400 | Q50: =IF(B50<>"",(C50&M50&N50&O50&P50&" / "&G50&H50&I50&J50&K50&L50&" mm"),"") -> Marco / H:1600W:720D:400 mm | DD50: 017044 | DE50: =IF(DD50<>"",$DD$4&DD50,"") -> 1017044 | DG50: =IF(DF50<>"",$DD$4&DF50,"") | DI50: =IF(DH50<>"",$DD$4&DH50,"")
B51: =MID(H51,1,2)&MID(J51,1,2)&MID(L51,1,2)&MID(C51,1,2)&MID(M51,1,1)&MID(N51,1,1)&MID(O51,1,1)&MID(P51,1,3) -> 167260Ma | C51: Marco | D51: 1017045 | G51: =IF(H51<>"","H:","") -> H: | H51: 1600 | I51: =IF(J51<>"","W:","") -> W: | J51: 720 | K51: =IF(L51<>"","D:","") -> D: | L51: 600 | Q51: =IF(B51<>"",(C51&M51&N51&O51&P51&" / "&G51&H51&I51&J51&K51&L51&" mm"),"") -> Marco / H:1600W:720D:600 mm | DD51: 017045 | DE51: =IF(DD51<>"",$DD$4&DD51,"") -> 1017045 | DG51: =IF(DF51<>"",$DD$4&DF51,"") | DI51: =IF(DH51<>"",$DD$4&DH51,"")
B52: =MID(H52,1,2)&MID(J52,1,2)&MID(L52,1,2)&MID(C52,1,2)&MID(M52,1,1)&MID(N52,1,1)&MID(O52,1,1)&MID(P52,1,3) | G52: =IF(H52<>"","H:","") | I52: =IF(J52<>"","W:","") | K52: =IF(L52<>"","D:","") | Q52: =IF(B52<>"",(C52&M52&N52&O52&P52&" / "&G52&H52&I52&J52&K52&L52&" mm"),"") | DE52: =IF(DD52<>"",$DD$4&DD52,"") | DG52: =IF(DF52<>"",$DD$4&DF52,"") | DI52: =IF(DH52<>"",$DD$4&DH52,"")
B53: =MID(H53,1,2)&MID(J53,1,2)&MID(L53,1,2)&MID(C53,1,2)&MID(M53,1,1)&MID(N53,1,1)&MID(O53,1,1)&MID(P53,1,3) | G53: =IF(H53<>"","H:","") | I53: =IF(J53<>"","W:","") | K53: =IF(L53<>"","D:","") | Q53: =IF(B53<>"",(C53&M53&N53&O53&P53&" / "&G53&H53&I53&J53&K53&L53&" mm"),"") | DE53: =IF(DD53<>"",$DD$4&DD53,"") | DG53: =IF(DF53<>"",$DD$4&DF53,"") | DI53: =IF(DH53<>"",$DD$4&DH53,"")
B54: =MID(H54,1,2)&MID(J54,1,2)&MID(L54,1,2)&MID(C54,1,2)&MID(M54,1,1)&MID(N54,1,1)&MID(O54,1,1)&MID(P54,1,3) | G54: =IF(H54<>"","H:","") | I54: =IF(J54<>"","W:","") | K54: =IF(L54<>"","D:","") | Q54: =IF(B54<>"",(C54&M54&N54&O54&P54&" / "&G54&H54&I54&J54&K54&L54&" mm"),"") | DE54: =IF(DD54<>"",$DD$4&DD54,"") | DG54: =IF(DF54<>"",$DD$4&DF54,"") | DI54: =IF(DH54<>"",$DD$4&DH54,"")
B55: =MID(H55,1,2)&MID(J55,1,2)&MID(L55,1,2)&MID(C55,1,2)&MID(M55,1,1)&MID(N55,1,1)&MID(O55,1,1)&MID(P55,1,3) | AD55: =AO55&AP55&AQ55&AR55&AS55&AT55&AN55&AU55 -> ICMVFW3- | AE55: UF. | AF55: de | AG55: Integrada | AH55: Conmutador MED. | AI55: Vertical | AJ55: Fijo | AL55: W:720 | AN55: - | AO55: =MID(AG55,1,1) -> I | AP55: {=IFERROR(_xlfn.IFS(AH55="Mini Breaker ","MB",AH55="GoPact ","GP",AH55="EZC 100 ","EZ1",AH55="EZC 250 ","EZ2",AH55="CVS/NSX 250 ","CV2",AH55="CVS/NSX/EZC 630 ","CV6",AH55="NS 1600 ","NS1",AH55="NW/MTZ 4000 ","NW4",AH55="Conmutador PEQ. ","CP",AH55="Conmutador MED. ","CM",AH55="Conmutador GRA. ","CG",AH55="Contactores ","CK"),"")} -> CM | AQ55: {=_xlfn.IFS(AI55="Horizontal ","H",AI55="Horizontal COMPUESTA ","HC",AI55="Vertical ","V",AI55="Vertical Compacta ","VC",AI55="Vertical Extendida ","VE")} -> V | AR55: =MID(AJ55,1,1) -> F | AS55: =MID(AK55,1,1) | AT55: {=IFERROR(_xlfn.IFS(AL55="W:200 ","W1",AL55="W:400 ","W2",AL55="W:720 ","W3",AL55="W:800 ","W4",AL55="W:1120 ","W5"),"")} -> W3 | AU55: {=IFERROR(_xlfn.IFS(AM55="D:400 ","D1",AM55="D:600 ","D2",AM55="D:1000 ","D3"),"")} | AV55: 025511 | AW55: 024029 | AX55: 5 | AY55: =AE55&AF55&AH55&AI55&AJ55&AK55&AL55&AM55&AN55 -> UF. de Conmutador MED. Vertical Fijo W:720 - | BP55: 250 A | DE55: =IF(DD55<>"",$DD$4&DD55,"") | DG55: =IF(DF55<>"",$DD$4&DF55,"") | DI55: =IF(DH55<>"",$DD$4&DH55,"")
B56: =MID(H56,1,2)&MID(J56,1,2)&MID(L56,1,2)&MID(C56,1,2)&MID(M56,1,1)&MID(N56,1,1)&MID(O56,1,1)&MID(P56,1,3) -> 1640MaL | C56: Marco | D56: 1013096 | G56: =IF(H56<>"","H:","") -> H: | H56: 1600 | I56: =IF(J56<>"","W:","") -> W: | J56: 400 | K56: =IF(L56<>"","D:","") | M56: Liso | Q56: =IF(B56<>"",(C56&M56&N56&O56&P56&" / "&G56&H56&I56&J56&K56&L56&" mm"),"") -> Marco Liso / H:1600W:400 mm | DD56: 013096 | DE56: =IF(DD56<>"",$DD$4&DD56,"") -> 1013096 | DG56: =IF(DF56<>"",$DD$4&DF56,"") | DI56: =IF(DH56<>"",$DD$4&DH56,"")
B57: =MID(H57,1,2)&MID(J57,1,2)&MID(L57,1,2)&MID(C57,1,2)&MID(M57,1,1)&MID(N57,1,1)&MID(O57,1,1)&MID(P57,1,3) -> 1672Ma | C57: Marco | D57: 1013097 | G57: =IF(H57<>"","H:","") -> H: | H57: 1600 | I57: =IF(J57<>"","W:","") -> W: | J57: 720 | K57: =IF(L57<>"","D:","") | Q57: =IF(B57<>"",(C57&M57&N57&O57&P57&" / "&G57&H57&I57&J57&K57&L57&" mm"),"") -> Marco / H:1600W:720 mm | DD57: 013097 | DE57: =IF(DD57<>"",$DD$4&DD57,"") -> 1013097 | DG57: =IF(DF57<>"",$DD$4&DF57,"") | DI57: =IF(DH57<>"",$DD$4&DH57,"")
B58: =MID(H58,1,2)&MID(J58,1,2)&MID(L58,1,2)&MID(C58,1,2)&MID(M58,1,1)&MID(N58,1,1)&MID(O58,1,1)&MID(P58,1,3) -> 1680Ma | C58: Marco | D58: 1013098 | G58: =IF(H58<>"","H:","") -> H: | H58: 1600 | I58: =IF(J58<>"","W:","") -> W: | J58: 800 | K58: =IF(L58<>"","D:","") | Q58: =IF(B58<>"",(C58&M58&N58&O58&P58&" / "&G58&H58&I58&J58&K58&L58&" mm"),"") -> Marco / H:1600W:800 mm | DD58: 013098 | DE58: =IF(DD58<>"",$DD$4&DD58,"") -> 1013098 | DG58: =IF(DF58<>"",$DD$4&DF58,"") | DI58: =IF(DH58<>"",$DD$4&DH58,"")
B59: =MID(H59,1,2)&MID(J59,1,2)&MID(L59,1,2)&MID(C59,1,2)&MID(M59,1,1)&MID(N59,1,1)&MID(O59,1,1)&MID(P59,1,3) -> 1611Ma | C59: Marco | D59: 1013099 | G59: =IF(H59<>"","H:","") -> H: | H59: 1600 | I59: =IF(J59<>"","W:","") -> W: | J59: 1120 | K59: =IF(L59<>"","D:","") | Q59: =IF(B59<>"",(C59&M59&N59&O59&P59&" / "&G59&H59&I59&J59&K59&L59&" mm"),"") -> Marco / H:1600W:1120 mm | DD59: 013099 | DE59: =IF(DD59<>"",$DD$4&DD59,"") -> 1013099 | DG59: =IF(DF59<>"",$DD$4&DF59,"") | DI59: =IF(DH59<>"",$DD$4&DH59,"")
B60: =MID(H60,1,2)&MID(J60,1,2)&MID(L60,1,2)&MID(C60,1,2)&MID(M60,1,1)&MID(N60,1,1)&MID(O60,1,1)&MID(P60,1,3) -> 1840MaL | C60: Marco | D60: 1013100 | G60: =IF(H60<>"","H:","") -> H: | H60: 1800 | I60: =IF(J60<>"","W:","") -> W: | J60: 400 | K60: =IF(L60<>"","D:","") | M60: Liso | Q60: =IF(B60<>"",(C60&M60&N60&O60&P60&" / "&G60&H60&I60&J60&K60&L60&" mm"),"") -> Marco Liso / H:1800W:400 mm | AD60: =AO60&AP60&AQ60&AR60&AS60&AT60&AN60&AU60 -> ICGVFW3- | AE60: UF. | AF60: de | AG60: Integrada | AH60: Conmutador GRA. | AI60: Vertical | AJ60: Fijo | AL60: W:720 | AN60: - | AO60: =MID(AG60,1,1) -> I | AP60: {=IFERROR(_xlfn.IFS(AH60="Mini Breaker ","MB",AH60="GoPact ","GP",AH60="EZC 100 ","EZ1",AH60="EZC 250 ","EZ2",AH60="CVS/NSX 250 ","CV2",AH60="CVS/NSX/EZC 630 ","CV6",AH60="NS 1600 ","NS1",AH60="NW/MTZ 4000 ","NW4",AH60="Conmutador PEQ. ","CP",AH60="Conmutador MED. ","CM",AH60="Conmutador GRA. ","CG",AH60="Contactores ","CK"),"")} -> CG | AQ60: {=_xlfn.IFS(AI60="Horizontal ","H",AI60="Horizontal COMPUESTA ","HC",AI60="Vertical ","V",AI60="Vertical Compacta ","VC",AI60="Vertical Extendida ","VE")} -> V | AR60: =MID(AJ60,1,1) -> F | AS60: =MID(AK60,1,1) | AT60: {=IFERROR(_xlfn.IFS(AL60="W:200 ","W1",AL60="W:400 ","W2",AL60="W:720 ","W3",AL60="W:800 ","W4",AL60="W:1120 ","W5"),"")} -> W3 | AU60: {=IFERROR(_xlfn.IFS(AM60="D:400 ","D1",AM60="D:600 ","D2",AM60="D:1000 ","D3"),"")} | AV60: 025512 | AW60: 024030 | AX60: 7 | AY60: =AE60&AF60&AH60&AI60&AJ60&AK60&AL60&AM60&AN60 -> UF. de Conmutador GRA. Vertical Fijo W:720 - | BP60: 400 A | DD60: 013100 | DE60: =IF(DD60<>"",$DD$4&DD60,"") -> 1013100 | DG60: =IF(DF60<>"",$DD$4&DF60,"") | DI60: =IF(DH60<>"",$DD$4&DH60,"")
B61: =MID(H61,1,2)&MID(J61,1,2)&MID(L61,1,2)&MID(C61,1,2)&MID(M61,1,1)&MID(N61,1,1)&MID(O61,1,1)&MID(P61,1,3) -> 1872MaL | C61: Marco | D61: 1013101 | G61: =IF(H61<>"","H:","") -> H: | H61: 1800 | I61: =IF(J61<>"","W:","") -> W: | J61: 720 | K61: =IF(L61<>"","D:","") | M61: Liso | Q61: =IF(B61<>"",(C61&M61&N61&O61&P61&" / "&G61&H61&I61&J61&K61&L61&" mm"),"") -> Marco Liso / H:1800W:720 mm | AD61: =AO61&AP61&AQ61&AR61&AS61&AT61&AN61&AU61 -> ICKVFW3- | AE61: UF. | AF61: de | AG61: Integrada | AH61: Contactores | AI61: Vertical | AJ61: Fijo | AL61: W:720 | AN61: - | AO61: =MID(AG61,1,1) -> I | AP61: {=IFERROR(_xlfn.IFS(AH61="Mini Breaker ","MB",AH61="GoPact ","GP",AH61="EZC 100 ","EZ1",AH61="EZC 250 ","EZ2",AH61="CVS/NSX 250 ","CV2",AH61="CVS/NSX/EZC 630 ","CV6",AH61="NS 1600 ","NS1",AH61="NW/MTZ 4000 ","NW4",AH61="Conmutador PEQ. ","CP",AH61="Conmutador MED. ","CM",AH61="Conmutador GRA. ","CG",AH61="Contactores ","CK"),"")} -> CK | AQ61: {=_xlfn.IFS(AI61="Horizontal ","H",AI61="Horizontal COMPUESTA ","HC",AI61="Vertical ","V",AI61="Vertical Compacta ","VC",AI61="Vertical Extendida ","VE")} -> V | AR61: =MID(AJ61,1,1) -> F | AS61: =MID(AK61,1,1) | AT61: {=IFERROR(_xlfn.IFS(AL61="W:200 ","W1",AL61="W:400 ","W2",AL61="W:720 ","W3",AL61="W:800 ","W4",AL61="W:1120 ","W5"),"")} -> W3 | AU61: {=IFERROR(_xlfn.IFS(AM61="D:400 ","D1",AM61="D:600 ","D2",AM61="D:1000 ","D3"),"")} | AV61: 024022 | AW61: + Liso | AX61: 3 | AY61: =AE61&AF61&AH61&AI61&AJ61&AK61&AL61&AM61&AN61 -> UF. de Contactores Vertical Fijo W:720 - | BP61: 630 A | DD61: 013101 | DE61: =IF(DD61<>"",$DD$4&DD61,"") -> 1013101 | DG61: =IF(DF61<>"",$DD$4&DF61,"") | DI61: =IF(DH61<>"",$DD$4&DH61,"")
B62: =MID(H62,1,2)&MID(J62,1,2)&MID(L62,1,2)&MID(C62,1,2)&MID(M62,1,1)&MID(N62,1,1)&MID(O62,1,1)&MID(P62,1,3) -> 1811MaL | C62: Marco | D62: 1013102 | G62: =IF(H62<>"","H:","") -> H: | H62: 1800 | I62: =IF(J62<>"","W:","") -> W: | J62: 1120 | K62: =IF(L62<>"","D:","") | M62: Liso | Q62: =IF(B62<>"",(C62&M62&N62&O62&P62&" / "&G62&H62&I62&J62&K62&L62&" mm"),"") -> Marco Liso / H:1800W:1120 mm | AD62: =AO62&AP62&AQ62&AR62&AS62&AT62&AN62&AU62 -> ICKVFW2- | AE62: UF. | AF62: de | AG62: Integrada | AH62: Contactores | AI62: Vertical | AJ62: Fijo | AL62: W:400 | AN62: - | AO62: =MID(AG62,1,1) -> I | AP62: {=IFERROR(_xlfn.IFS(AH62="Mini Breaker ","MB",AH62="GoPact ","GP",AH62="EZC 100 ","EZ1",AH62="EZC 250 ","EZ2",AH62="CVS/NSX 250 ","CV2",AH62="CVS/NSX/EZC 630 ","CV6",AH62="NS 1600 ","NS1",AH62="NW/MTZ 4000 ","NW4",AH62="Conmutador PEQ. ","CP",AH62="Conmutador MED. ","CM",AH62="Conmutador GRA. ","CG",AH62="Contactores ","CK"),"")} -> CK | AQ62: {=_xlfn.IFS(AI62="Horizontal ","H",AI62="Horizontal COMPUESTA ","HC",AI62="Vertical ","V",AI62="Vertical Compacta ","VC",AI62="Vertical Extendida ","VE")} -> V | AR62: =MID(AJ62,1,1) -> F | AS62: =MID(AK62,1,1) | AT62: {=IFERROR(_xlfn.IFS(AL62="W:200 ","W1",AL62="W:400 ","W2",AL62="W:720 ","W3",AL62="W:800 ","W4",AL62="W:1120 ","W5"),"")} -> W2 | AU62: {=IFERROR(_xlfn.IFS(AM62="D:400 ","D1",AM62="D:600 ","D2",AM62="D:1000 ","D3"),"")} | AV62: 024023 | AW62: + Liso | AX62: 3 | AY62: =AE62&AF62&AH62&AI62&AJ62&AK62&AL62&AM62&AN62 -> UF. de Contactores Vertical Fijo W:400 - | BP62: 800 A | DD62: 013102 | DE62: =IF(DD62<>"",$DD$4&DD62,"") -> 1013102 | DG62: =IF(DF62<>"",$DD$4&DF62,"") | DI62: =IF(DH62<>"",$DD$4&DH62,"")
B63: =MID(H63,1,2)&MID(J63,1,2)&MID(L63,1,2)&MID(C63,1,2)&MID(M63,1,1)&MID(N63,1,1)&MID(O63,1,1)&MID(P63,1,3) -> 2040MaL | C63: Marco | D63: 1013103 | G63: =IF(H63<>"","H:","") -> H: | H63: 2000 | I63: =IF(J63<>"","W:","") -> W: | J63: 400 | K63: =IF(L63<>"","D:","") | M63: Liso | Q63: =IF(B63<>"",(C63&M63&N63&O63&P63&" / "&G63&H63&I63&J63&K63&L63&" mm"),"") -> Marco Liso / H:2000W:400 mm | BP63: 1000 A | DD63: 013103 | DE63: =IF(DD63<>"",$DD$4&DD63,"") -> 1013103 | DG63: =IF(DF63<>"",$DD$4&DF63,"") | DI63: =IF(DH63<>"",$DD$4&DH63,"")
B64: =MID(H64,1,2)&MID(J64,1,2)&MID(L64,1,2)&MID(C64,1,2)&MID(M64,1,1)&MID(N64,1,1)&MID(O64,1,1)&MID(P64,1,3) -> 2072MaL | C64: Marco | D64: 1013104 | G64: =IF(H64<>"","H:","") -> H: | H64: 2000 | I64: =IF(J64<>"","W:","") -> W: | J64: 720 | K64: =IF(L64<>"","D:","") | M64: Liso | Q64: =IF(B64<>"",(C64&M64&N64&O64&P64&" / "&G64&H64&I64&J64&K64&L64&" mm"),"") -> Marco Liso / H:2000W:720 mm | BP64: 1250 A | DD64: 013104 | DE64: =IF(DD64<>"",$DD$4&DD64,"") -> 1013104 | DG64: =IF(DF64<>"",$DD$4&DF64,"") | DI64: =IF(DH64<>"",$DD$4&DH64,"")
B65: =MID(H65,1,2)&MID(J65,1,2)&MID(L65,1,2)&MID(C65,1,2)&MID(M65,1,1)&MID(N65,1,1)&MID(O65,1,1)&MID(P65,1,3) -> 2080MaL | C65: Marco | D65: 1013105 | G65: =IF(H65<>"","H:","") -> H: | H65: 2000 | I65: =IF(J65<>"","W:","") -> W: | J65: 800 | K65: =IF(L65<>"","D:","") | M65: Liso | Q65: =IF(B65<>"",(C65&M65&N65&O65&P65&" / "&G65&H65&I65&J65&K65&L65&" mm"),"") -> Marco Liso / H:2000W:800 mm | BP65: 1600 A | DD65: 013105 | DE65: =IF(DD65<>"",$DD$4&DD65,"") -> 1013105 | DG65: =IF(DF65<>"",$DD$4&DF65,"") | DI65: =IF(DH65<>"",$DD$4&DH65,"")
B66: =MID(H66,1,2)&MID(J66,1,2)&MID(L66,1,2)&MID(C66,1,2)&MID(M66,1,1)&MID(N66,1,1)&MID(O66,1,1)&MID(P66,1,3) -> 2011MaL | C66: Marco | D66: 1013106 | G66: =IF(H66<>"","H:","") -> H: | H66: 2000 | I66: =IF(J66<>"","W:","") -> W: | J66: 1120 | K66: =IF(L66<>"","D:","") | M66: Liso | Q66: =IF(B66<>"",(C66&M66&N66&O66&P66&" / "&G66&H66&I66&J66&K66&L66&" mm"),"") -> Marco Liso / H:2000W:1120 mm | BP66: 2000 A | DD66: 013106 | DE66: =IF(DD66<>"",$DD$4&DD66,"") -> 1013106 | DG66: =IF(DF66<>"",$DD$4&DF66,"") | DI66: =IF(DH66<>"",$DD$4&DH66,"")
B67: =MID(H67,1,2)&MID(J67,1,2)&MID(L67,1,2)&MID(C67,1,2)&MID(M67,1,1)&MID(N67,1,1)&MID(O67,1,1)&MID(P67,1,3) -> 2240MaL | C67: Marco | D67: 1013107 | G67: =IF(H67<>"","H:","") -> H: | H67: 2200 | I67: =IF(J67<>"","W:","") -> W: | J67: 400 | K67: =IF(L67<>"","D:","") | M67: Liso | Q67: =IF(B67<>"",(C67&M67&N67&O67&P67&" / "&G67&H67&I67&J67&K67&L67&" mm"),"") -> Marco Liso / H:2200W:400 mm | BP67: 2500 A | DD67: 013107 | DE67: =IF(DD67<>"",$DD$4&DD67,"") -> 1013107 | DG67: =IF(DF67<>"",$DD$4&DF67,"") | DI67: =IF(DH67<>"",$DD$4&DH67,"")
B68: =MID(H68,1,2)&MID(J68,1,2)&MID(L68,1,2)&MID(C68,1,2)&MID(M68,1,1)&MID(N68,1,1)&MID(O68,1,1)&MID(P68,1,3) -> 2272MaL | C68: Marco | D68: 1013108 | G68: =IF(H68<>"","H:","") -> H: | H68: 2200 | I68: =IF(J68<>"","W:","") -> W: | J68: 720 | K68: =IF(L68<>"","D:","") | M68: Liso | Q68: =IF(B68<>"",(C68&M68&N68&O68&P68&" / "&G68&H68&I68&J68&K68&L68&" mm"),"") -> Marco Liso / H:2200W:720 mm | BP68: 3200 A | DD68: 013108 | DE68: =IF(DD68<>"",$DD$4&DD68,"") -> 1013108 | DG68: =IF(DF68<>"",$DD$4&DF68,"") | DI68: =IF(DH68<>"",$DD$4&DH68,"")
B69: =MID(H69,1,2)&MID(J69,1,2)&MID(L69,1,2)&MID(C69,1,2)&MID(M69,1,1)&MID(N69,1,1)&MID(O69,1,1)&MID(P69,1,3) -> 2280MaL | C69: Marco | D69: 1013109 | G69: =IF(H69<>"","H:","") -> H: | H69: 2200 | I69: =IF(J69<>"","W:","") -> W: | J69: 800 | K69: =IF(L69<>"","D:","") | M69: Liso | Q69: =IF(B69<>"",(C69&M69&N69&O69&P69&" / "&G69&H69&I69&J69&K69&L69&" mm"),"") -> Marco Liso / H:2200W:800 mm | BP69: 4000 A | DD69: 013109 | DE69: =IF(DD69<>"",$DD$4&DD69,"") -> 1013109 | DG69: =IF(DF69<>"",$DD$4&DF69,"") | DI69: =IF(DH69<>"",$DD$4&DH69,"")
B70: =MID(H70,1,2)&MID(J70,1,2)&MID(L70,1,2)&MID(C70,1,2)&MID(M70,1,1)&MID(N70,1,1)&MID(O70,1,1)&MID(P70,1,3) -> 2211MaL | C70: Marco | D70: 1013110 | G70: =IF(H70<>"","H:","") -> H: | H70: 2200 | I70: =IF(J70<>"","W:","") -> W: | J70: 1120 | K70: =IF(L70<>"","D:","") | M70: Liso | Q70: =IF(B70<>"",(C70&M70&N70&O70&P70&" / "&G70&H70&I70&J70&K70&L70&" mm"),"") -> Marco Liso / H:2200W:1120 mm | DD70: 013110 | DE70: =IF(DD70<>"",$DD$4&DD70,"") -> 1013110 | DG70: =IF(DF70<>"",$DD$4&DF70,"") | DI70: =IF(DH70<>"",$DD$4&DH70,"")
B71: =MID(H71,1,2)&MID(J71,1,2)&MID(L71,1,2)&MID(C71,1,2)&MID(M71,1,1)&MID(N71,1,1)&MID(O71,1,1)&MID(P71,1,3) | G71: =IF(H71<>"","H:","") | I71: =IF(J71<>"","W:","") | K71: =IF(L71<>"","D:","") | Q71: =IF(B71<>"",(C71&M71&N71&O71&P71&" / "&G71&H71&I71&J71&K71&L71&" mm"),"") | DE71: =IF(DD71<>"",$DD$4&DD71,"") | DG71: =IF(DF71<>"",$DD$4&DF71,"") | DI71: =IF(DH71<>"",$DD$4&DH71,"")
B72: =MID(H72,1,2)&MID(J72,1,2)&MID(L72,1,2)&MID(C72,1,2)&MID(M72,1,1)&MID(N72,1,1)&MID(O72,1,1)&MID(P72,1,3) | G72: =IF(H72<>"","H:","") | I72: =IF(J72<>"","W:","") | K72: =IF(L72<>"","D:","") | Q72: =IF(B72<>"",(C72&M72&N72&O72&P72&" / "&G72&H72&I72&J72&K72&L72&" mm"),"") | DE72: =IF(DD72<>"",$DD$4&DD72,"") | DG72: =IF(DF72<>"",$DD$4&DF72,"") | DI72: =IF(DH72<>"",$DD$4&DH72,"")
B73: =MID(H73,1,2)&MID(J73,1,2)&MID(L73,1,2)&MID(C73,1,2)&MID(M73,1,1)&MID(N73,1,1)&MID(O73,1,1)&MID(P73,1,3) | G73: =IF(H73<>"","H:","") | I73: =IF(J73<>"","W:","") | K73: =IF(L73<>"","D:","") | Q73: =IF(B73<>"",(C73&M73&N73&O73&P73&" / "&G73&H73&I73&J73&K73&L73&" mm"),"") | DE73: =IF(DD73<>"",$DD$4&DD73,"") | DG73: =IF(DF73<>"",$DD$4&DF73,"") | DI73: =IF(DH73<>"",$DD$4&DH73,"")
B74: =MID(H74,1,2)&MID(J74,1,2)&MID(L74,1,2)&MID(C74,1,2)&MID(M74,1,1)&MID(N74,1,1)&MID(O74,1,1)&MID(P74,1,3) | DE74: =IF(DD74<>"",$DD$4&DD74,"") | DG74: =IF(DF74<>"",$DD$4&DF74,"") | DI74: =IF(DH74<>"",$DD$4&DH74,"")
B75: =MID(H75,1,2)&MID(J75,1,2)&MID(L75,1,2)&MID(C75,1,2)&MID(M75,1,1)&MID(N75,1,1)&MID(O75,1,1)&MID(P75,1,3) -> 1620PuP | C75: Puerta | D75: 1014096 | G75: =IF(H75<>"","H:","") -> H: | H75: 1600 | I75: =IF(J75<>"","W:","") -> W: | J75: 200 | K75: =IF(L75<>"","D:","") | N75: Plena | Q75: =IF(B75<>"",(C75&M75&N75&O75&P75&" / "&G75&H75&I75&J75&K75&L75&" mm"),"") -> Puerta Plena / H:1600W:200 mm | DD75: 014096 | DE75: =IF(DD75<>"",$DD$4&DD75,"") -> 1014096 | DG75: =IF(DF75<>"",$DD$4&DF75,"") | DI75: =IF(DH75<>"",$DD$4&DH75,"")
B76: =MID(H76,1,2)&MID(J76,1,2)&MID(L76,1,2)&MID(C76,1,2)&MID(M76,1,1)&MID(N76,1,1)&MID(O76,1,1)&MID(P76,1,3) -> 1640PuP | C76: Puerta | D76: 1014097 | G76: =IF(H76<>"","H:","") -> H: | H76: 1600 | I76: =IF(J76<>"","W:","") -> W: | J76: 400 | K76: =IF(L76<>"","D:","") | N76: Plena | Q76: =IF(B76<>"",(C76&M76&N76&O76&P76&" / "&G76&H76&I76&J76&K76&L76&" mm"),"") -> Puerta Plena / H:1600W:400 mm | DD76: 014097 | DE76: =IF(DD76<>"",$DD$4&DD76,"") -> 1014097 | DG76: =IF(DF76<>"",$DD$4&DF76,"") | DI76: =IF(DH76<>"",$DD$4&DH76,"")
B77: =MID(H77,1,2)&MID(J77,1,2)&MID(L77,1,2)&MID(C77,1,2)&MID(M77,1,1)&MID(N77,1,1)&MID(O77,1,1)&MID(P77,1,3) -> 1672PuP | C77: Puerta | D77: 1014098 | G77: =IF(H77<>"","H:","") -> H: | H77: 1600 | I77: =IF(J77<>"","W:","") -> W: | J77: 720 | K77: =IF(L77<>"","D:","") | N77: Plena | Q77: =IF(B77<>"",(C77&M77&N77&O77&P77&" / "&G77&H77&I77&J77&K77&L77&" mm"),"") -> Puerta Plena / H:1600W:720 mm | DD77: 014098 | DE77: =IF(DD77<>"",$DD$4&DD77,"") -> 1014098 | DG77: =IF(DF77<>"",$DD$4&DF77,"") | DI77: =IF(DH77<>"",$DD$4&DH77,"")
B78: =MID(H78,1,2)&MID(J78,1,2)&MID(L78,1,2)&MID(C78,1,2)&MID(M78,1,1)&MID(N78,1,1)&MID(O78,1,1)&MID(P78,1,3) -> 1680PuP | C78: Puerta | D78: 1014099 | G78: =IF(H78<>"","H:","") -> H: | H78: 1600 | I78: =IF(J78<>"","W:","") -> W: | J78: 800 | K78: =IF(L78<>"","D:","") | N78: Plena | Q78: =IF(B78<>"",(C78&M78&N78&O78&P78&" / "&G78&H78&I78&J78&K78&L78&" mm"),"") -> Puerta Plena / H:1600W:800 mm | DD78: 014099 | DE78: =IF(DD78<>"",$DD$4&DD78,"") -> 1014099 | DG78: =IF(DF78<>"",$DD$4&DF78,"") | DI78: =IF(DH78<>"",$DD$4&DH78,"")
A79: 41 | B79: =MID(H79,1,2)&MID(J79,1,2)&MID(L79,1,2)&MID(C79,1,2)&MID(M79,1,1)&MID(N79,1,1)&MID(O79,1,1)&MID(P79,1,3) -> 1820PuP | C79: Puerta | D79: 1014100 | G79: =IF(H79<>"","H:","") -> H: | H79: 1800 | I79: =IF(J79<>"","W:","") -> W: | J79: 200 | K79: =IF(L79<>"","D:","") | N79: Plena | Q79: =IF(B79<>"",(C79&M79&N79&O79&P79&" / "&G79&H79&I79&J79&K79&L79&" mm"),"") -> Puerta Plena / H:1800W:200 mm | DD79: 014100 | DE79: =IF(DD79<>"",$DD$4&DD79,"") -> 1014100 | DG79: =IF(DF79<>"",$DD$4&DF79,"") | DI79: =IF(DH79<>"",$DD$4&DH79,"")
A80: 42 | B80: =MID(H80,1,2)&MID(J80,1,2)&MID(L80,1,2)&MID(C80,1,2)&MID(M80,1,1)&MID(N80,1,1)&MID(O80,1,1)&MID(P80,1,3) -> 1840PuP | C80: Puerta | D80: 1014101 | G80: =IF(H80<>"","H:","") -> H: | H80: 1800 | I80: =IF(J80<>"","W:","") -> W: | J80: 400 | K80: =IF(L80<>"","D:","") | N80: Plena | Q80: =IF(B80<>"",(C80&M80&N80&O80&P80&" / "&G80&H80&I80&J80&K80&L80&" mm"),"") -> Puerta Plena / H:1800W:400 mm | DD80: 014101 | DE80: =IF(DD80<>"",$DD$4&DD80,"") -> 1014101 | DG80: =IF(DF80<>"",$DD$4&DF80,"") | DI80: =IF(DH80<>"",$DD$4&DH80,"")
A81: 43 | B81: =MID(H81,1,2)&MID(J81,1,2)&MID(L81,1,2)&MID(C81,1,2)&MID(M81,1,1)&MID(N81,1,1)&MID(O81,1,1)&MID(P81,1,3) -> 1872PuP | C81: Puerta | D81: 1014102 | G81: =IF(H81<>"","H:","") -> H: | H81: 1800 | I81: =IF(J81<>"","W:","") -> W: | J81: 720 | K81: =IF(L81<>"","D:","") | N81: Plena | Q81: =IF(B81<>"",(C81&M81&N81&O81&P81&" / "&G81&H81&I81&J81&K81&L81&" mm"),"") -> Puerta Plena / H:1800W:720 mm | DD81: 014102 | DE81: =IF(DD81<>"",$DD$4&DD81,"") -> 1014102 | DG81: =IF(DF81<>"",$DD$4&DF81,"") | DI81: =IF(DH81<>"",$DD$4&DH81,"")
A82: 44 | B82: =MID(H82,1,2)&MID(J82,1,2)&MID(L82,1,2)&MID(C82,1,2)&MID(M82,1,1)&MID(N82,1,1)&MID(O82,1,1)&MID(P82,1,3) -> 2020PuP | C82: Puerta | D82: 1014103 | G82: =IF(H82<>"","H:","") -> H: | H82: 2000 | I82: =IF(J82<>"","W:","") -> W: | J82: 200 | K82: =IF(L82<>"","D:","") | N82: Plena | Q82: =IF(B82<>"",(C82&M82&N82&O82&P82&" / "&G82&H82&I82&J82&K82&L82&" mm"),"") -> Puerta Plena / H:2000W:200 mm | DD82: 014103 | DE82: =IF(DD82<>"",$DD$4&DD82,"") -> 1014103 | DG82: =IF(DF82<>"",$DD$4&DF82,"") | DI82: =IF(DH82<>"",$DD$4&DH82,"")
A83: 45 | B83: =MID(H83,1,2)&MID(J83,1,2)&MID(L83,1,2)&MID(C83,1,2)&MID(M83,1,1)&MID(N83,1,1)&MID(O83,1,1)&MID(P83,1,3) -> 2040PuP | C83: Puerta | D83: 1014104 | G83: =IF(H83<>"","H:","") -> H: | H83: 2000 | I83: =IF(J83<>"","W:","") -> W: | J83: 400 | K83: =IF(L83<>"","D:","") | N83: Plena | Q83: =IF(B83<>"",(C83&M83&N83&O83&P83&" / "&G83&H83&I83&J83&K83&L83&" mm"),"") -> Puerta Plena / H:2000W:400 mm | DD83: 014104 | DE83: =IF(DD83<>"",$DD$4&DD83,"") -> 1014104 | DG83: =IF(DF83<>"",$DD$4&DF83,"") | DI83: =IF(DH83<>"",$DD$4&DH83,"")
A84: 46 | B84: =MID(H84,1,2)&MID(J84,1,2)&MID(L84,1,2)&MID(C84,1,2)&MID(M84,1,1)&MID(N84,1,1)&MID(O84,1,1)&MID(P84,1,3) -> 2072PuP | C84: Puerta | D84: 1014105 | G84: =IF(H84<>"","H:","") -> H: | H84: 2000 | I84: =IF(J84<>"","W:","") -> W: | J84: 720 | K84: =IF(L84<>"","D:","") | N84: Plena | Q84: =IF(B84<>"",(C84&M84&N84&O84&P84&" / "&G84&H84&I84&J84&K84&L84&" mm"),"") -> Puerta Plena / H:2000W:720 mm | DD84: 014105 | DE84: =IF(DD84<>"",$DD$4&DD84,"") -> 1014105 | DG84: =IF(DF84<>"",$DD$4&DF84,"") | DI84: =IF(DH84<>"",$DD$4&DH84,"")
A85: 47 | B85: =MID(H85,1,2)&MID(J85,1,2)&MID(L85,1,2)&MID(C85,1,2)&MID(M85,1,1)&MID(N85,1,1)&MID(O85,1,1)&MID(P85,1,3) -> 2080PuP | C85: Puerta | D85: 1014106 | G85: =IF(H85<>"","H:","") -> H: | H85: 2000 | I85: =IF(J85<>"","W:","") -> W: | J85: 800 | K85: =IF(L85<>"","D:","") | N85: Plena | Q85: =IF(B85<>"",(C85&M85&N85&O85&P85&" / "&G85&H85&I85&J85&K85&L85&" mm"),"") -> Puerta Plena / H:2000W:800 mm | DD85: 014106 | DE85: =IF(DD85<>"",$DD$4&DD85,"") -> 1014106 | DG85: =IF(DF85<>"",$DD$4&DF85,"") | DI85: =IF(DH85<>"",$DD$4&DH85,"")
A86: 48 | B86: =MID(H86,1,2)&MID(J86,1,2)&MID(L86,1,2)&MID(C86,1,2)&MID(M86,1,1)&MID(N86,1,1)&MID(O86,1,1)&MID(P86,1,3) -> 2220PuP | C86: Puerta | D86: 1014107 | G86: =IF(H86<>"","H:","") -> H: | H86: 2200 | I86: =IF(J86<>"","W:","") -> W: | J86: 200 | K86: =IF(L86<>"","D:","") | N86: Plena | Q86: =IF(B86<>"",(C86&M86&N86&O86&P86&" / "&G86&H86&I86&J86&K86&L86&" mm"),"") -> Puerta Plena / H:2200W:200 mm | DD86: 014107 | DE86: =IF(DD86<>"",$DD$4&DD86,"") -> 1014107 | DG86: =IF(DF86<>"",$DD$4&DF86,"") | DI86: =IF(DH86<>"",$DD$4&DH86,"")
A87: 49 | B87: =MID(H87,1,2)&MID(J87,1,2)&MID(L87,1,2)&MID(C87,1,2)&MID(M87,1,1)&MID(N87,1,1)&MID(O87,1,1)&MID(P87,1,3) -> 2240PuP | C87: Puerta | D87: 1014108 | G87: =IF(H87<>"","H:","") -> H: | H87: 2200 | I87: =IF(J87<>"","W:","") -> W: | J87: 400 | K87: =IF(L87<>"","D:","") | N87: Plena | Q87: =IF(B87<>"",(C87&M87&N87&O87&P87&" / "&G87&H87&I87&J87&K87&L87&" mm"),"") -> Puerta Plena / H:2200W:400 mm | DD87: 014108 | DE87: =IF(DD87<>"",$DD$4&DD87,"") -> 1014108 | DG87: =IF(DF87<>"",$DD$4&DF87,"") | DI87: =IF(DH87<>"",$DD$4&DH87,"")
A88: 50 | B88: =MID(H88,1,2)&MID(J88,1,2)&MID(L88,1,2)&MID(C88,1,2)&MID(M88,1,1)&MID(N88,1,1)&MID(O88,1,1)&MID(P88,1,3) -> 2272PuP | C88: Puerta | D88: 1014109 | G88: =IF(H88<>"","H:","") -> H: | H88: 2200 | I88: =IF(J88<>"","W:","") -> W: | J88: 720 | K88: =IF(L88<>"","D:","") | N88: Plena | Q88: =IF(B88<>"",(C88&M88&N88&O88&P88&" / "&G88&H88&I88&J88&K88&L88&" mm"),"") -> Puerta Plena / H:2200W:720 mm | DD88: 014109 | DE88: =IF(DD88<>"",$DD$4&DD88,"") -> 1014109 | DG88: =IF(DF88<>"",$DD$4&DF88,"") | DI88: =IF(DH88<>"",$DD$4&DH88,"")
A89: 51 | B89: =MID(H89,1,2)&MID(J89,1,2)&MID(L89,1,2)&MID(C89,1,2)&MID(M89,1,1)&MID(N89,1,1)&MID(O89,1,1)&MID(P89,1,3) -> 2280PuP | C89: Puerta | D89: 1014110 | G89: =IF(H89<>"","H:","") -> H: | H89: 2200 | I89: =IF(J89<>"","W:","") -> W: | J89: 800 | K89: =IF(L89<>"","D:","") | N89: Plena | Q89: =IF(B89<>"",(C89&M89&N89&O89&P89&" / "&G89&H89&I89&J89&K89&L89&" mm"),"") -> Puerta Plena / H:2200W:800 mm | DD89: 014110 | DE89: =IF(DD89<>"",$DD$4&DD89,"") -> 1014110 | DG89: =IF(DF89<>"",$DD$4&DF89,"") | DI89: =IF(DH89<>"",$DD$4&DH89,"")
B90: =MID(H90,1,2)&MID(J90,1,2)&MID(L90,1,2)&MID(C90,1,2)&MID(M90,1,1)&MID(N90,1,1)&MID(O90,1,1)&MID(P90,1,3) | G90: =IF(H90<>"","H:","") | I90: =IF(J90<>"","W:","") | K90: =IF(L90<>"","D:","") | Q90: =IF(B90<>"",(C90&M90&N90&O90&P90&" / "&G90&H90&I90&J90&K90&L90&" mm"),"") | DE90: =IF(DD90<>"",$DD$4&DD90,"") | DG90: =IF(DF90<>"",$DD$4&DF90,"") | DI90: =IF(DH90<>"",$DD$4&DH90,"")
A91: 115 | B91: =MID(H91,1,2)&MID(J91,1,2)&MID(L91,1,2)&MID(C91,1,2)&MID(M91,1,1)&MID(N91,1,1)&MID(O91,1,1)&MID(P91,1,3) -> 1840PuCD_SE | C91: Puerta | D91: 1014622 | G91: =IF(H91<>"","H:","") -> H: | H91: 1800 | I91: =IF(J91<>"","W:","") -> W: | J91: 400 | K91: =IF(L91<>"","D:","") | N91: Corte | O91: Doble | P91: _SE-223*223 | Q91: =IF(B91<>"",(C91&M91&N91&O91&P91&" / "&G91&H91&I91&J91&K91&L91&" mm"),"") -> Puerta Corte Doble_SE-223*223 / H:1800W:400 mm | DD91: 014622 | DE91: =IF(DD91<>"",$DD$4&DD91,"") -> 1014622 | DG91: =IF(DF91<>"",$DD$4&DF91,"") | DI91: =IF(DH91<>"",$DD$4&DH91,"")
A92: 116 | B92: =MID(H92,1,2)&MID(J92,1,2)&MID(L92,1,2)&MID(C92,1,2)&MID(M92,1,1)&MID(N92,1,1)&MID(O92,1,1)&MID(P92,1,3) -> 1872PuCD_SE | C92: Puerta | D92: 1014623 | G92: =IF(H92<>"","H:","") -> H: | H92: 1800 | I92: =IF(J92<>"","W:","") -> W: | J92: 720 | K92: =IF(L92<>"","D:","") | N92: Corte | O92: Doble | P92: _SE-223*223 | Q92: =IF(B92<>"",(C92&M92&N92&O92&P92&" / "&G92&H92&I92&J92&K92&L92&" mm"),"") -> Puerta Corte Doble_SE-223*223 / H:1800W:720 mm | DD92: 014623 | DE92: =IF(DD92<>"",$DD$4&DD92,"") -> 1014623 | DG92: =IF(DF92<>"",$DD$4&DF92,"") | DI92: =IF(DH92<>"",$DD$4&DH92,"")
A93: 117 | B93: =MID(H93,1,2)&MID(J93,1,2)&MID(L93,1,2)&MID(C93,1,2)&MID(M93,1,1)&MID(N93,1,1)&MID(O93,1,1)&MID(P93,1,3) -> 2040PuCD_SE | C93: Puerta | D93: 1014624 | G93: =IF(H93<>"","H:","") -> H: | H93: 2000 | I93: =IF(J93<>"","W:","") -> W: | J93: 400 | K93: =IF(L93<>"","D:","") | N93: Corte | O93: Doble | P93: _SE-223*223 | Q93: =IF(B93<>"",(C93&M93&N93&O93&P93&" / "&G93&H93&I93&J93&K93&L93&" mm"),"") -> Puerta Corte Doble_SE-223*223 / H:2000W:400 mm | DD93: 014624 | DE93: =IF(DD93<>"",$DD$4&DD93,"") -> 1014624 | DG93: =IF(DF93<>"",$DD$4&DF93,"") | DI93: =IF(DH93<>"",$DD$4&DH93,"")
A94: 118 | B94: =MID(H94,1,2)&MID(J94,1,2)&MID(L94,1,2)&MID(C94,1,2)&MID(M94,1,1)&MID(N94,1,1)&MID(O94,1,1)&MID(P94,1,3) -> 2072PuCD_SE | C94: Puerta | D94: 1014625 | G94: =IF(H94<>"","H:","") -> H: | H94: 2000 | I94: =IF(J94<>"","W:","") -> W: | J94: 720 | K94: =IF(L94<>"","D:","") | N94: Corte | O94: Doble | P94: _SE-223*223 | Q94: =IF(B94<>"",(C94&M94&N94&O94&P94&" / "&G94&H94&I94&J94&K94&L94&" mm"),"") -> Puerta Corte Doble_SE-223*223 / H:2000W:720 mm | DD94: 014625 | DE94: =IF(DD94<>"",$DD$4&DD94,"") -> 1014625 | DG94: =IF(DF94<>"",$DD$4&DF94,"") | DI94: =IF(DH94<>"",$DD$4&DH94,"")
A95: 119 | B95: =MID(H95,1,2)&MID(J95,1,2)&MID(L95,1,2)&MID(C95,1,2)&MID(M95,1,1)&MID(N95,1,1)&MID(O95,1,1)&MID(P95,1,3) -> 2080PuCD_SE | C95: Puerta | D95: 1014626 | G95: =IF(H95<>"","H:","") -> H: | H95: 2000 | I95: =IF(J95<>"","W:","") -> W: | J95: 800 | K95: =IF(L95<>"","D:","") | N95: Corte | O95: Doble | P95: _SE-223*223 | Q95: =IF(B95<>"",(C95&M95&N95&O95&P95&" / "&G95&H95&I95&J95&K95&L95&" mm"),"") -> Puerta Corte Doble_SE-223*223 / H:2000W:800 mm | DD95: 014626 | DE95: =IF(DD95<>"",$DD$4&DD95,"") -> 1014626 | DG95: =IF(DF95<>"",$DD$4&DF95,"") | DI95: =IF(DH95<>"",$DD$4&DH95,"")
A96: 120 | B96: =MID(H96,1,2)&MID(J96,1,2)&MID(L96,1,2)&MID(C96,1,2)&MID(M96,1,1)&MID(N96,1,1)&MID(O96,1,1)&MID(P96,1,3) -> 2240PuCD_SE | C96: Puerta | D96: 1014627 | G96: =IF(H96<>"","H:","") -> H: | H96: 2200 | I96: =IF(J96<>"","W:","") -> W: | J96: 400 | K96: =IF(L96<>"","D:","") | N96: Corte | O96: Doble | P96: _SE-223*223 | Q96: =IF(B96<>"",(C96&M96&N96&O96&P96&" / "&G96&H96&I96&J96&K96&L96&" mm"),"") -> Puerta Corte Doble_SE-223*223 / H:2200W:400 mm | DD96: 014627 | DE96: =IF(DD96<>"",$DD$4&DD96,"") -> 1014627 | DG96: =IF(DF96<>"",$DD$4&DF96,"") | DI96: =IF(DH96<>"",$DD$4&DH96,"")
A97: 121 | B97: =MID(H97,1,2)&MID(J97,1,2)&MID(L97,1,2)&MID(C97,1,2)&MID(M97,1,1)&MID(N97,1,1)&MID(O97,1,1)&MID(P97,1,3) -> 2272PuCD_SE | C97: Puerta | D97: 1014628 | G97: =IF(H97<>"","H:","") -> H: | H97: 2200 | I97: =IF(J97<>"","W:","") -> W: | J97: 720 | K97: =IF(L97<>"","D:","") | N97: Corte | O97: Doble | P97: _SE-223*223 | Q97: =IF(B97<>"",(C97&M97&N97&O97&P97&" / "&G97&H97&I97&J97&K97&L97&" mm"),"") -> Puerta Corte Doble_SE-223*223 / H:2200W:720 mm | DD97: 014628 | DE97: =IF(DD97<>"",$DD$4&DD97,"") -> 1014628 | DG97: =IF(DF97<>"",$DD$4&DF97,"") | DI97: =IF(DH97<>"",$DD$4&DH97,"")
A98: 122 | B98: =MID(H98,1,2)&MID(J98,1,2)&MID(L98,1,2)&MID(C98,1,2)&MID(M98,1,1)&MID(N98,1,1)&MID(O98,1,1)&MID(P98,1,3) -> 2280PuCD_SE | C98: Puerta | D98: 1014629 | G98: =IF(H98<>"","H:","") -> H: | H98: 2200 | I98: =IF(J98<>"","W:","") -> W: | J98: 800 | K98: =IF(L98<>"","D:","") | N98: Corte | O98: Doble | P98: _SE-223*223 | Q98: =IF(B98<>"",(C98&M98&N98&O98&P98&" / "&G98&H98&I98&J98&K98&L98&" mm"),"") -> Puerta Corte Doble_SE-223*223 / H:2200W:800 mm | DD98: 014629 | DE98: =IF(DD98<>"",$DD$4&DD98,"") -> 1014629 | DG98: =IF(DF98<>"",$DD$4&DF98,"") | DI98: =IF(DH98<>"",$DD$4&DH98,"")
A99: 123 | B99: =MID(H99,1,2)&MID(J99,1,2)&MID(L99,1,2)&MID(C99,1,2)&MID(M99,1,1)&MID(N99,1,1)&MID(O99,1,1)&MID(P99,1,3) -> 1840PuCD_NG | C99: Puerta | D99: 1014630 | G99: =IF(H99<>"","H:","") -> H: | H99: 1800 | I99: =IF(J99<>"","W:","") -> W: | J99: 400 | K99: =IF(L99<>"","D:","") | N99: Corte | O99: Doble | P99: _NG-229*229 | Q99: =IF(B99<>"",(C99&M99&N99&O99&P99&" / "&G99&H99&I99&J99&K99&L99&" mm"),"") -> Puerta Corte Doble_NG-229*229 / H:1800W:400 mm | DD99: 014630 | DE99: =IF(DD99<>"",$DD$4&DD99,"") -> 1014630 | DG99: =IF(DF99<>"",$DD$4&DF99,"") | DI99: =IF(DH99<>"",$DD$4&DH99,"")
A100: 124 | B100: =MID(H100,1,2)&MID(J100,1,2)&MID(L100,1,2)&MID(C100,1,2)&MID(M100,1,1)&MID(N100,1,1)&MID(O100,1,1)&MID(P100,1,3) -> 1872PuCD_NG | C100: Puerta | D100: 1014631 | G100: =IF(H100<>"","H:","") -> H: | H100: 1800 | I100: =IF(J100<>"","W:","") -> W: | J100: 720 | K100: =IF(L100<>"","D:","") | N100: Corte | O100: Doble | P100: _NG-229*229 | Q100: =IF(B100<>"",(C100&M100&N100&O100&P100&" / "&G100&H100&I100&J100&K100&L100&" mm"),"") -> Puerta Corte Doble_NG-229*229 / H:1800W:720 mm | DD100: 014631 | DE100: =IF(DD100<>"",$DD$4&DD100,"") -> 1014631 | DG100: =IF(DF100<>"",$DD$4&DF100,"") | DI100: =IF(DH100<>"",$DD$4&DH100,"")
...

Sheet Proyecto
GW4: #VALUE! | HD4: xxxx
BA28: 1 | BR28: 2 | CI28: 3 | CZ28: 4 | DQ28: 5 | EH28: 6 | EY28: 7 | FP28: 8 | GG28: 9 | GX28: 10 | HO28: 11 | IF28: 12
BH30: #VALUE! | BY30: #VALUE! | CP30: #VALUE! | DG30: #VALUE! | DX30: #VALUE! | EO30: #VALUE! | FF30: #VALUE! | FW30: #VALUE! | GN30: #VALUE! | HE30: #VALUE! | HV30: #VALUE! | IM30: #VALUE!
AX31: A | IX31: A
AZ36: #VALUE!
AX44: B | IX44: B
AZ49: #VALUE! | EO49: FALSE | IG49: FALSE
IG52: FALSE
AX57: C | IX57: C
FW58: Altura del Tablero | HG58: 2000
AZ62: #VALUE!
FW64: Grado de proteccion | HG64: IP31
AX70: D | FW70: Color | HG70: RAL7035 | IX70: D
AZ75: #VALUE!
FW82: Tension Nominal | ID82: [ V ]
AX83: E | IX83: E
BP86: FALSE | BR86: 9999999 | BY86: FALSE | CA86: LEM
AZ88: #VALUE! | FW88: Poder de Corto | HG88: 10 - 65 | ID88: [ kA]
BY89: FALSE | CA89: LDP
FW94: Corriente Nominal | HG94: 250 | ID94: [A]
AX96: F | IX96: F
FW100: Ingreso Acometidas
AZ101: #VALUE!
AX109: G | IX109: G
AZ114: #VALUE!
AX122: H | IX122: H
AZ127: #VALUE!
AX135: I | IX135: I
AZ140: #VALUE!
AX148: J | IX148: J
AZ153: #VALUE!
AX161: K | IX161: K
AZ165: #VALUE!
BH174: #VALUE! | BY174: #VALUE! | CP174: #VALUE! | DG174: #VALUE! | DX174: #VALUE! | EO174: #VALUE! | FF174: #VALUE! | FW174: #VALUE! | GN174: #VALUE! | HE174: #VALUE! | HV174: #VALUE! | IM174: #VALUE!
BA175: 1 | BR175: 2 | CI175: 3 | CZ175: 4 | DQ175: 5 | EH175: 6 | EY175: 7 | FP175: 8 | GG175: 9 | GX175: 10 | HO175: 11 | IF175: 12
EK199: <

Sheet Envolvente
GW4: #VALUE! | HD4: xxxx
CD12: Envolvente
BA28: 1 | BR28: 2 | CI28: 3 | CZ28: 4 | DQ28: 5 | EH28: 6 | EY28: 7 | FP28: 8 | GG28: 9 | GX28: 10 | HO28: 11 | IF28: 12
BH30: #VALUE! | BY30: #VALUE! | CP30: #VALUE! | DG30: #VALUE! | DX30: #VALUE! | EO30: #VALUE! | FF30: #VALUE! | FW30: #VALUE! | GN30: #VALUE! | HE30: #VALUE! | HV30: #VALUE! | IM30: #VALUE!
AX31: A | IX31: A
CJ32: Ma | CL32: =BC37&BC39&BC40 -> 202060 | CM32: =BC37&BC43&BC44 -> 207260 | CN32: =BC37&BC47&BC48 -> 204060 | CO32: . | CP32: =BC37&BC39&BC41 -> 202040 | CQ32: =BC37&BC43&BC45 -> 207240 | CR32: =BC37&BC47&BC49 -> 204040 | CS32: . | CU32: MaL | CW32: =BC37&BC39 -> 2020 | CX32: =BC37&BC43 -> 2072 | CY32: =BC37&BC47 -> 2040 | CZ32: . | DF32: PuP | DH32: =BC37&BC39 -> 2020 | DI32: =BC37&BC43 -> 2072 | DJ32: =BC37&BC47 -> 2040 | DK32: . | DQ32: PaLP | DS32: =BC37&BC40 -> 2060 | DT32: =BC37&BC44 -> 2060 | DU32: =BC37&BC48 -> 2060 | DV32: . | DW32: =BC37&BC41 -> 2040 | DX32: =BC37&BC45 -> 2040 | DY32: =BC37&BC49 -> 2040 | DZ32: . | EB32: PaPP | ED32: =BC37&BC39 -> 2020 | EE32: =BC37&BC43 -> 2072 | EF32: =BC37&BC47 -> 2040 | EG32: . | EM32: PaS | EO32: =BC39&BC40 -> 2060 | EP32: =BC43&BC44 -> 7260 | EQ32: =BC47&BC48 -> 4060 | ER32: . | ES32: =BC39&BC41 -> 2040 | ET32: =BC43&BC45 -> 7240 | EU32: =BC47&BC49 -> 4040 | EV32: . | EX32: PaI | EZ32: =BC39&BC40 -> 2060 | FA32: =BC43&BC44 -> 7260 | FB32: =BC47&BC48 -> 4060 | FC32: . | FD32: =BC39&BC41 -> 2040 | FE32: =BC43&BC45 -> 7240 | FF32: =BC47&BC49 -> 4040 | FG32: . | GE32: PaIH | GP32: SeF | GR32: =BC37&BC39 -> 2020 | GS32: =BC37&BC43 -> 2072 | GT32: =BC37&BC47 -> 2040 | GU32: , | HA32: DuC | HC32: =BC39 -> 20 | HD32: =BC43 -> 72 | HE32: =BC47 -> 40 | HF32: . | HL32: BaZ | HW32: ZoL | HY32: =BC40 -> 60 | HZ32: =BC44 -> 60 | IA32: =BC48 -> 60 | IB32: . | IC32: =BC41 -> 40 | ID32: =BC45 -> 40 | IE32: =BC49 -> 40 | IH32: ZoF | IJ32: =BC39 -> 20 | IK32: =BC43 -> 72 | IL32: =BC47 -> 40 | IM32: .
CL33: =CL32&CJ32 -> 202060Ma | CM33: =CM32&CJ32 -> 207260Ma | CN33: =CN32&CJ32 -> 204060Ma | CO33: . | CP33: =CP32&CJ32 -> 202040Ma | CQ33: =CQ32&CJ32 -> 207240Ma | CR33: =CR32&CJ32 -> 204040Ma | CS33: . | CW33: =CW32&CU32 -> 2020MaL | CX33: =CX32&CU32 -> 2072MaL | CY33: =CY32&CU32 -> 2040MaL | CZ33: . | DH33: =DH32&DF32 -> 2020PuP | DI33: =DI32&DF32 -> 2072PuP | DJ33: =DJ32&DF32 -> 2040PuP | DK33: . | DS33: =DS32&DQ32 -> 2060PaLP | DT33: =DT32&DQ32 -> 2060PaLP | DU33: =DU32&DQ32 -> 2060PaLP | DV33: . | DW33: =DW32&DQ32 -> 2040PaLP | DX33: =DX32&DQ32 -> 2040PaLP | DY33: =DY32&DQ32 -> 2040PaLP | DZ33: . | ED33: =ED32&EB32 -> 2020PaPP | EE33: =EE32&EB32 -> 2072PaPP | EF33: =EF32&EB32 -> 2040PaPP | EG33: . | EO33: =EO32&EM32 -> 2060PaS | EP33: =EP32&EM32 -> 7260PaS | EQ33: =EQ32&EM32 -> 4060PaS | ER33: . | ES33: =ES32&EM32 -> 2040PaS | ET33: =ET32&EM32 -> 7240PaS | EU33: =EU32&EM32 -> 4040PaS | EV33: . | EZ33: =EZ32&EX32 -> 2060PaI | FA33: =FA32&EX32 -> 7260PaI | FB33: =FB32&EX32 -> 4060PaI | FC33: . | FD33: =FD32&EX32 -> 2040PaI | FE33: =FE32&EX32 -> 7240PaI | FF33: =FF32&EX32 -> 4040PaI | FG33: . | GR33: =GR32&GP32 -> 2020SeF | GS33: =GS32&GP32 -> 2072SeF | GT33: =GT32&GP32 -> 2040SeF | GU33: . | HC33: =HC32&HA32 -> 20DuC | HD33: =HD32&HA32 -> 72DuC | HE33: =HE32&HA32 -> 40DuC | HF33: . | HY33: =HY32&HW32 -> 60ZoL | HZ33: =HZ32&HW32 -> 60ZoL | IA33: =IA32&HW32 -> 60ZoL | IB33: . | IC33: =IC32&HW32 -> 40ZoL | ID33: =ID32&HW32 -> 40ZoL | IE33: =IE32&HW32 -> 40ZoL | IF33: . | IJ33: =IJ32&IH32 -> 20ZoF | IK33: =IK32&IH32 -> 72ZoF | IL33: =IL32&IH32 -> 40ZoF | IM33: .
BE35: Envolventes | CJ35: Marco | CU35: Marco Liso | DF35: Puerta | DQ35: Panel Lateral | EB35: Panel Posterior | EM35: Panel Superior | EX35: Panel Inferior | FI35: Para interno Vertical Total | FT35: Para interno Vertical Parcial | GE35: Para interno Horizontal | GP35: Segregacion Frontal (+NB) | HA35: Pasa Cables | HL35: Kit de Zócalo | HW35: Tapa Zócalo Lateral | IH35: Tapa Zócalo Frontal
AZ36: #VALUE! | IW36: #VALUE!
BA37: HT | BC37: =IF(BT41<>"",MID(BT41,1,2)) -> 20
BA39: W1 | BC39: =IF(BE59<>"",MID(BA59,1,2)) -> 20
BA40: D | BB40: A | BC40: =IF(BE59<>"",MID(BY64,1,2)) -> 60
BB41: B | BC41: =IF(BE59<>"",MID(BY59,1,2)) -> 40 | BE41: Altura : | BT41: =IF(Proyecto!HG58<>"",Proyecto!HG58,"") -> 2000 | CD41: [ mm ] | EM41: #VALUE!
BA43: W2 | BC43: =IF(BE69<>"",MID(BA69,1,2)) -> 72 | CJ43: #VALUE! | CU43: #VALUE! | DF43: #VALUE! | DQ43: #VALUE! | EB43: #VALUE! | EX43: #VALUE! | FI43: #VALUE! | FT43: #VALUE! | GE43: #VALUE! | GP43: #VALUE! | HA43: #VALUE! | HW43: #VALUE! | IH43: #VALUE!
AX44: B | BA44: D | BB44: A | BC44: =IF(BE69<>"",MID(BY74,1,2)) -> 60 | BE44: Protección : | BT44: =IF(Proyecto!HG64<>"",Proyecto!HG64,"") -> IP31 | IX44: B
BB45: B | BC45: =IF(BE69<>"",MID(BY69,1,2)) -> 40
BA47: W3 | BC47: =IF(BE79<>"",MID(BA79,1,2)) -> 40 | BE47: Icc : | BT47: =IF(Proyecto!HG88<>"",Proyecto!HG88,"") -> 10 - 65 | CD47: [ kA ]
BA48: D | BB48: A | BC48: =IF(BE79<>"",MID(BY84,1,2)) -> 60
AZ49: #VALUE! | BB49: B | BC49: =IF(BE79<>"",MID(BY79,1,2)) -> 40 | HO49: #VALUE! | IW49: #VALUE!
BE50: In : | BT50: =IF(Proyecto!HG94<>"",Proyecto!HG94,"") -> 250 | CD50: [ A ]
BA51: IP | BC51: =IF(BT44<>"",MID(BT44,3,2),"") -> 31
BA53: Icc | BE53: Color : | BT53: =IF(Proyecto!HG70<>"",Proyecto!HG70,"") -> RAL7035
BA54: =IF(BT47<>"",BT47,"") -> 10 - 65
BA56: =_xlfn.IFS(BY64=400,"Prof1",BY64=600,"Prof",BY64=1000,"Prof") -> Prof | BE56: Tipo de gaveta : | BT56: Fija
AX57: C | CZ57: IP30 | IX57: C
BA59: =_xlfn.IFS(BE59="+NB","200",BE59="+NI","400",BE59="+NE","720",BE59="+NL","800",BE59="+NE*","1120") -> 200 | BE59: +NB | BK59: Posterior | BT59: D: | BY59: 400 | CJ59: FALSE | CL59: =IFERROR(VLOOKUP(CP33,BD!$B:$D,3,FALSE),"-") -> 1017012 | CS59: FALSE | CU59: =IFERROR(IF(BC51="30",VLOOKUP(CW33,BD!$B:$D,3,FALSE),"-"),"-") -> - | DF59: =IFERROR(IF(BC51>="31",VLOOKUP(DH33,BD!$B:$D,3,FALSE),"-"),"-") -> 1014103 | DQ59: =IFERROR(VLOOKUP(DW33,BD!$B:$D,3,FALSE),"-") -> 1014028 | EB59: =IFERROR(IF(BY59<>"",VLOOKUP(ED33,BD!$B:$D,3,FALSE),"-"),"-") -> 1014054 | EM59: =IFERROR(VLOOKUP(ES33,BD!$B:$D,3,FALSE),"-") -> 1010050 | EX59: =IFERROR(VLOOKUP(FD33,BD!$B:$D,3,FALSE),"-") -> 1014250 | GE59: =IFERROR(VLOOKUP(GE32,BD!$B:$D,3,FALSE),"-") -> - | GP59: =IFERROR(VLOOKUP(GR33,BD!$B:$D,3,FALSE),"-") -> 1024601 | HA59: =IFERROR(VLOOKUP(HC33,BD!$B:$D,3,FALSE),"-") -> - | HL59: =IFERROR(VLOOKUP(HL32,BD!$B:$D,3,FALSE),"-") -> 1014500 | HW59: =IFERROR(VLOOKUP(IC33,BD!$B:$D,3,FALSE),"-") -> 1010176 | IH59: =IFERROR(VLOOKUP(IJ33,BD!$B:$D,3,FALSE),"-") -> 1010175
BA61: =IF(BE59<>"","VERDADERO","") -> VERDADERO | CS61: FALSE
AZ62: #VALUE! | IW62: #VALUE!
BA63: =MID(BE59,3,1) -> B
BK64: Frontal | BT64: D: | BY64: 600 | CJ64: =IFERROR(VLOOKUP(CL33,BD!$B:$D,3,FALSE),"-") -> 1017013 | CU64: =IFERROR(IF(BC51="30",VLOOKUP(CW33,BD!$B:$D,3,FALSE),"-"),"-") -> - | DF64: =IFERROR(IF(BC51>="31",VLOOKUP(DH33,BD!$B:$D,3,FALSE),"-"),"-") -> 1014103 | DQ64: =IFERROR(VLOOKUP(DS33,BD!$B:$D,3,FALSE),"-") -> 1014029 | EB64: =IFERROR(IF(EB59<>"-","-",VLOOKUP(ED33,BD!$B:$D,3,FALSE)),"-") -> - | EM64: =IFERROR(VLOOKUP(EO33,BD!$B:$D,3,FALSE),"-") -> 1010051 | EX64: =IFERROR(VLOOKUP(EZ33,BD!$B:$D,3,FALSE),"-") -> 1014251 | GE64: =IFERROR(VLOOKUP(GE32,BD!$B:$D,3,FALSE),"-") -> - | GP64: =IFERROR(VLOOKUP(GR33,BD!$B:$D,3,FALSE),"-") -> 1024601 | HA64: =IFERROR(VLOOKUP(HC33,BD!$B:$D,3,FALSE),"-") -> - | HL64: =IFERROR(VLOOKUP(HL32,BD!$B:$D,3,FALSE),"-") -> 1014500 | HW64: =IFERROR(VLOOKUP(HY33,BD!$B:$D,3,FALSE),"-") -> 1010177 | IH64: =IFERROR(VLOOKUP(IJ33,BD!$B:$D,3,FALSE),"-") -> 1010175
BA69: =_xlfn.IFS(BE69="+NB","200",BE69="+NI","400",BE69="+NE","720",BE69="+NL","800",BE69="+NE*","1120") -> 720 | BE69: +NE | BK69: Posterior | BT69: D: | BY69: 400 | CJ69: =IFERROR(VLOOKUP(CQ33,BD!$B:$D,3,FALSE),"-") -> 1017018 | CU69: =IFERROR(IF(BC51="30",VLOOKUP(CX33,BD!$B:$D,3,FALSE),"-"),"-") -> - | DF69: =IFERROR(IF(BC51>="31",VLOOKUP(DI33,BD!$B:$D,3,FALSE),"-"),"-") -> 1014105 | DQ69: =IFERROR(VLOOKUP(DX33,BD!$B:$D,3,FALSE),"-") -> 1014028 | EB69: =IFERROR(IF(BY69<>"",VLOOKUP(EE33,BD!$B:$D,3,FALSE),"-"),"-") -> 1014056 | EM69: =IFERROR(VLOOKUP(ET33,BD!$B:$D,3,FALSE),"-") -> 1010056 | EX69: =IFERROR(VLOOKUP(FE33,BD!$B:$D,3,FALSE),"-") -> 1014256 | GE69: =IFERROR(VLOOKUP(GE32,BD!$B:$D,3,FALSE),"-") -> - | GP69: =IFERROR(VLOOKUP(GS33,BD!$B:$D,3,FALSE),"-") -> - | HA69: =IFERROR(VLOOKUP(HD33,BD!$B:$D,3,FALSE),"-") -> 1014301 | HL69: =IFERROR(VLOOKUP(HL32,BD!$B:$D,3,FALSE),"-") -> 1014500 | HW69: =IFERROR(VLOOKUP(ID33,BD!$B:$D,3,FALSE),"-") -> 1010176 | IH69: =IFERROR(VLOOKUP(IK33,BD!$B:$D,3,FALSE),"-") -> 1010178
AX70: D | IX70: D
BA71: =IF(BE69<>"","VERDADERO","") -> VERDADERO
BA73: =MID(BE69,3,1) -> E
BK74: Frontal | BT74: D: | BY74: 600 | CJ74: =IFERROR(VLOOKUP(CM33,BD!$B:$D,3,FALSE),"-") -> 1017019 | CU74: =IFERROR(IF(BC51="30",VLOOKUP(CX33,BD!$B:$D,3,FALSE),"-"),"-") -> - | DF74: =IFERROR(IF(BC51>="31",VLOOKUP(DI33,BD!$B:$D,3,FALSE),"-"),"-") -> 1014105 | DQ74: =IFERROR(VLOOKUP(DT33,BD!$B:$D,3,FALSE),"-") -> 1014029 | EB74: =IFERROR(IF(EB69<>"-","-",VLOOKUP(EE33,BD!$B:$D,3,FALSE)),"-") -> - | EM74: =IFERROR(VLOOKUP(EP33,BD!$B:$D,3,FALSE),"-") -> 1010057 | EX74: =IFERROR(VLOOKUP(FA33,BD!$B:$D,3,FALSE),"-") -> 1014257 | GE74: =IFERROR(VLOOKUP(GE32,BD!$B:$D,3,FALSE),"-") -> - | GP74: =IFERROR(VLOOKUP(GS33,BD!$B:$D,3,FALSE),"-") -> - | HA74: =IFERROR(VLOOKUP(HD33,BD!$B:$D,3,FALSE),"-") -> 1014301 | HL74: =IFERROR(VLOOKUP(HL32,BD!$B:$D,3,FALSE),"-") -> 1014500 | HW74: =IFERROR(VLOOKUP(HZ33,BD!$B:$D,3,FALSE),"-") -> 1010177 | IH74: =IFERROR(VLOOKUP(IK33,BD!$B:$D,3,FALSE),"-") -> 1010178
AZ75: #VALUE! | IW75: #VALUE!
BA79: =_xlfn.IFS(BE79="+NB","200",BE79="+NI","400",BE79="+NE","720",BE79="+NL","800",BE79="+NE*","1120") -> 400 | BE79: +NI | BK79: Posterior | BT79: D: | BY79: 400 | CJ79: =IFERROR(VLOOKUP(CR33,BD!$B:$D,3,FALSE),"-") -> 1017015 | CU79: =IFERROR(IF(BC51="30",VLOOKUP(CY33,BD!$B:$D,3,FALSE),"-"),"-") -> - | DF79: =IFERROR(IF(BC51>="31",VLOOKUP(DJ33,BD!$B:$D,3,FALSE),"-"),"-") -> 1014104 | DQ79: =IFERROR(VLOOKUP(DY33,BD!$B:$D,3,FALSE),"-") -> 1014028 | EB79: =IFERROR(IF(BY79<>"",VLOOKUP(EF33,BD!$B:$D,3,FALSE),"-"),"-") -> 1014055 | EM79: =IFERROR(VLOOKUP(EU33,BD!$B:$D,3,FALSE),"-") -> 1010053 | EX79: =IFERROR(VLOOKUP(FF33,BD!$B:$D,3,FALSE),"-") -> 1014253 | GE79: =IFERROR(VLOOKUP(GE32,BD!$B:$D,3,FALSE),"-") -> - | GP79: =IFERROR(VLOOKUP(GT33,BD!$B:$D,3,FALSE),"-") -> 1021041 | HA79: =IFERROR(VLOOKUP(HE33,BD!$B:$D,3,FALSE),"-") -> 1014300 | HL79: =IFERROR(VLOOKUP(HL32,BD!$B:$D,3,FALSE),"-") -> 1014500 | HW79: =IFERROR(VLOOKUP(IE33,BD!$B:$D,3,FALSE),"-") -> 1010176 | IH79: =IFERROR(VLOOKUP(IL33,BD!$B:$D,3,FALSE),"-") -> 1010176
BA81: =IF(BE79<>"","VERDADERO","") -> VERDADERO
AX83: E | BA83: =MID(BE79,3,1) -> I | IX83: E
BK84: Frontal | BT84: D: | BY84: 600 | CJ84: =IFERROR(VLOOKUP(CN33,BD!$B:$D,3,FALSE),"-") -> 1017016 | CU84: =IFERROR(IF(BC51="30",VLOOKUP(CY33,BD!$B:$D,3,FALSE),"-"),"-") -> - | DF84: =IFERROR(IF(BC51>="31",VLOOKUP(DJ33,BD!$B:$D,3,FALSE),"-"),"-") -> 1014104 | DQ84: =IFERROR(VLOOKUP(DU33,BD!$B:$D,3,FALSE),"-") -> 1014029 | EB84: =IFERROR(IF(EB79<>"-","-",VLOOKUP(EF33,BD!$B:$D,3,FALSE)),"-") -> - | EM84: =IFERROR(VLOOKUP(EQ33,BD!$B:$D,3,FALSE),"-") -> 1010054 | EX84: =IFERROR(VLOOKUP(FB33,BD!$B:$D,3,FALSE),"-") -> 1014254 | GE84: =IFERROR(VLOOKUP(GE32,BD!$B:$D,3,FALSE),"-") -> - | GP84: =IFERROR(VLOOKUP(GT33,BD!$B:$D,3,FALSE),"-") -> 1021041 | HA84: =IFERROR(VLOOKUP(HE33,BD!$B:$D,3,FALSE),"-") -> 1014300 | HL84: =IFERROR(VLOOKUP(HL32,BD!$B:$D,3,FALSE),"-") -> 1014500 | HW84: =IFERROR(VLOOKUP(IA33,BD!$B:$D,3,FALSE),"-") -> 1010177 | IH84: =IFERROR(VLOOKUP(IL33,BD!$B:$D,3,FALSE),"-") -> 1010176
AZ88: #VALUE! | IW88: #VALUE!
CJ91: CaE | CU91: AnI | DQ91: TaM | DS91: =DS123 -> PM6 | DT91: =DS133 -> ATS | DU91: =DS143 -> IL6 | DV91: . | DW91: =DS118 -> ATS | DX91: =DS128 -> IL6 | DY91: =DS138 -> PM6 | DZ91: . | EB91: KiUP | EM91: BaE | EO91: =BC39&BC40 -> 2060 | EP91: =BC43&BC44 -> 7260 | EQ91: =BC47&BC48 -> 4060 | ER91: . | ES91: =BC39&BC41 -> 2040 | ET91: =BC43&BC45 -> 7240 | EU91: =BC47&BC49 -> 4040 | EV91: . | EX91: BaE | EZ91: =BC39&BC40 -> 2060 | FA91: =BC43&BC44 -> 7260 | FB91: =BC47&BC48 -> 4060 | FC91: . | FD91: =BC39&BC41 -> 2040 | FE91: =BC43&BC45 -> 7240 | FF91: =BC47&BC49 -> 4040 | FG91: . | FH91: H4
DS92: =DQ91&DS91 -> TaMPM6 | DT92: =DQ91&DT91 -> TaMATS | DU92: =DQ91&DU91 -> TaMIL6 | DV92: . | DW92: =DQ91&DW91 -> TaMATS | DX92: =DQ91&DX91 -> TaMIL6 | DY92: =DQ91&DY91 -> TaMPM6 | DZ92: . | EO92: =EO91&EM91 -> 2060BaE | EP92: =EP91&EM91 -> 7260BaE | EQ92: =EQ91&EM91 -> 4060BaE | ER92: . | ES92: =ES91&EM91 -> 2040BaE | ET92: =ET91&EM91 -> 7240BaE | EU92: =EU91&EM91 -> 4040BaE | EV92: . | EZ92: =EZ91&EX91&FH91 -> 2060BaEH4 | FA92: =FA91&EX91&FH91 -> 7260BaEH4 | FB92: =FB91&EX91&FH91 -> 4060BaEH4 | FC92: . | FD92: =FD91&EX91&FH91 -> 2040BaEH4 | FE92: =FE91&EX91&FH91 -> 7240BaEH4 | FF92: =FF91&EX91&FH91 -> 4040BaEH4 | FG92: .
BE94: Complementos Metalmecanicos | CJ94: Cancamo | CU94: Angulo de Izaje | DF94: Placa de Control | DQ94: Tapa Placa de Control | EB94: Kit de Union Posterior | EM94: Base Estructural | EX94: Base H:400 mm | FI94: Cubierta Superior | FT94: Cubierta de Ventilaci'on | GE94: Cubierta para Moculo | GP94: xxxx | HA94: xxxx | HL94: xxxx | HW94: xxxx | IH94: xxxx
AX96: F | IX96: F
BE100: Altura : | BT100: =IF(Proyecto!HG58<>"",Proyecto!HG58,"") -> 2000 | CD100: [ mm ] | FI100: #VALUE!
AZ101: #VALUE! | IW101: #VALUE!
BE103: Proteccion : | BT103: =IF(Proyecto!HG64<>"",Proyecto!HG64,"") -> IP31
DI104: #VALUE! | FW104: #VALUE!
BE106: Icc : | BT106: =IF(Proyecto!HG88<>"",Proyecto!HG88,"") -> 10 - 65 | CD106: [ kA ] | DT106: #VALUE! | EN106: #VALUE! | EY106: #VALUE! | GH106: #VALUE!
CM107: #VALUE! | CX107: #VALUE! | EE107: #VALUE!
AX109: G | BE109: In : | BT109: =IF(Proyecto!HG94<>"",Proyecto!HG94,"") -> 250 | CD109: [ A ] | IX109: G
BE112: Color : | BT112: =IF(Proyecto!HG70<>"",Proyecto!HG70,"") -> RAL7035
AZ114: #VALUE! | IW114: #VALUE!
BE115: Tipo de gaveta : | BT115: =IF(BT56<>"",BT56,"") -> Fija
FN116: IP55 | FY116: IP55 | GJ116: IP55
BE118: +NB | BK118: Posterior | BT118: D: | CJ118: =IFERROR(VLOOKUP(CJ91,BD!$B:$D,3,FALSE),"-") -> 1014501 | CU118: =IFERROR(VLOOKUP(CU91,BD!$B:$D,3,FALSE),"-") -> 1014502 | DF118: - | DQ118: FALSE | DS118: ATS | DZ118: FALSE | EB118: =IFERROR(VLOOKUP(EB91,BD!$B:$D,3,FALSE),"-") -> 1012001 | EM118: =IFERROR(VLOOKUP(ES92,BD!$B:$D,3,FALSE),"-") -> 1015000 | EX118: =IFERROR(VLOOKUP(FD92,BD!$B:$D,3,FALSE),"-") -> 1015014
DS120: =IFERROR(VLOOKUP(DW92,BD!$B:$D,3,FALSE),"-") -> 1012110 | DZ120: FALSE
AX122: H | IX122: H
BK123: Frontal | BT123: D: | BY123: 600 | CJ123: =IFERROR(VLOOKUP(CJ91,BD!$B:$D,3,FALSE),"-") -> 1014501 | CU123: =IFERROR(VLOOKUP(CU91,BD!$B:$D,3,FALSE),"-") -> 1014502 | DF123: - | DQ123: FALSE | DS123: PM6 | DZ123: FALSE | EB123: - | EM123: =IFERROR(VLOOKUP(EO92,BD!$B:$D,3,FALSE),"-") -> 1015001 | EX123: =IFERROR(VLOOKUP(EZ92,BD!$B:$D,3,FALSE),"-") -> 1015015
DS125: =IFERROR(VLOOKUP(DS92,BD!$B:$D,3,FALSE),"-") -> 1012111 | DZ125: FALSE
AZ127: #VALUE! | IW127: #VALUE!
BE128: +NE | BK128: Posterior | BT128: D: | CJ128: =IFERROR(VLOOKUP(CJ91,BD!$B:$D,3,FALSE),"-") -> 1014501 | CU128: =IFERROR(VLOOKUP(CU91,BD!$B:$D,3,FALSE),"-") -> 1014502 | DF128: - | DQ128: FALSE | DS128: IL6 | DZ128: FALSE | EB128: =IFERROR(VLOOKUP(EB91,BD!$B:$D,3,FALSE),"-") -> 1012001 | EM128: =IFERROR(VLOOKUP(ET92,BD!$B:$D,3,FALSE),"-") -> 1015006 | EX128: =IFERROR(VLOOKUP(FE92,BD!$B:$D,3,FALSE),"-") -> 1015020
DS130: =IFERROR(VLOOKUP(DX92,BD!$B:$D,3,FALSE),"-") -> 1012150 | DZ130: FALSE
BK133: Frontal | BT133: D: | BY133: 600 | CJ133: =IFERROR(VLOOKUP(CJ91,BD!$B:$D,3,FALSE),"-") -> 1014501 | CU133: =IFERROR(VLOOKUP(CU91,BD!$B:$D,3,FALSE),"-") -> 1014502 | DF133: - | DQ133: FALSE | DS133: ATS | DZ133: FALSE | EB133: - | EM133: =IFERROR(VLOOKUP(EP92,BD!$B:$D,3,FALSE),"-") -> 1015007 | EX133: =IFERROR(VLOOKUP(FA92,BD!$B:$D,3,FALSE),"-") -> 1015021
AX135: I | DS135: =IFERROR(VLOOKUP(DT92,BD!$B:$D,3,FALSE),"-") -> 1012110 | DZ135: FALSE | IX135: I
BE138: +NI | BK138: Posterior | BT138: D: | CJ138: =IFERROR(VLOOKUP(CJ91,BD!$B:$D,3,FALSE),"-") -> 1014501 | CU138: =IFERROR(VLOOKUP(CU91,BD!$B:$D,3,FALSE),"-") -> 1014502 | DF138: - | DQ138: FALSE | DS138: PM6 | DZ138: FALSE | EB138: =IFERROR(VLOOKUP(EB91,BD!$B:$D,3,FALSE),"-") -> 1012001 | EM138: =IFERROR(VLOOKUP(EU92,BD!$B:$D,3,FALSE),"-") -> 1015003 | EX138: =IFERROR(VLOOKUP(FF92,BD!$B:$D,3,FALSE),"-") -> 1015017
AZ140: #VALUE! | DS140: =IFERROR(VLOOKUP(DY92,BD!$B:$D,3,FALSE),"-") -> 1012111 | DZ140: FALSE | IW140: #VALUE!
BK143: Frontal | BT143: D: | BY143: 600 | CJ143: =IFERROR(VLOOKUP(CJ91,BD!$B:$D,3,FALSE),"-") -> 1014501 | CU143: =IFERROR(VLOOKUP(CU91,BD!$B:$D,3,FALSE),"-") -> 1014502 | DF143: - | DQ143: FALSE | DS143: IL6 | DZ143: FALSE | EB143: - | EM143: =IFERROR(VLOOKUP(EQ92,BD!$B:$D,3,FALSE),"-") -> 1015004 | EX143: =IFERROR(VLOOKUP(FB92,BD!$B:$D,3,FALSE),"-") -> 1015018
DS145: =IFERROR(VLOOKUP(DU92,BD!$B:$D,3,FALSE),"-") -> 1012150 | DZ145: FALSE
AX148: J | IX148: J
BE152: Orden de Trabajo: | BY152: APE : | DQ152: APM : | FI152: DPM : | HA152: LDP :
AZ153: #VALUE! | IW153: #VALUE!
BE157: OT: | BY157: Fecha de Entrega : | CU157: =TODAY() -> 46007 | DQ157: Fecha de Entrega : | FI157: Fecha de Entrega : | HA157: Fecha de Entrega :
AX161: K | IX161: K
AZ165: #VALUE! | IW165: #VALUE!
BA166: Dibujó: | BH166: =EV111 -> 0 | BR166: Aprobó: | BY166: =EV117 -> 0 | CL166: #VALUE! | CZ166: Cliente: | DG166: =EV123 -> 0 | EY166: OT: | FC166: =EV126 -> 0 | FP166: Producto: | FY166: =EV132 -> 0 | HO166: Tipo de Aplicación: | IF166: =EV135 -> 0
BA170: Revisó: | BH170: =EV114 -> 0 | BR170: Fecha: | BY170: =TODAY() -> 46007 | CZ170: Industrias CTS. Todos los derechos reservados. Está prohibido cualquier uso sin previa autorización por parte de Industrias CTS S.A.S | EY170: Versión N°: | FH170: =EV129 -> 0 | FP170: Descripción de página: | HO170: Formato: | HV170: A4 | IF170: Página N°:
BH174: #VALUE! | BY174: #VALUE! | CP174: #VALUE! | DG174: #VALUE! | DX174: #VALUE! | EO174: #VALUE! | FF174: #VALUE! | FW174: #VALUE! | GN174: #VALUE! | HE174: #VALUE! | HV174: #VALUE! | IM174: #VALUE!
BA175: 1 | BR175: 2 | CI175: 3 | CZ175: 4 | DQ175: 5 | EH175: 6 | EY175: 7 | FP175: 8 | GG175: 9 | GX175: 10 | HO175: 11 | IF175: 12
EK199: <

Sheet Envolvente (2)
GW4: #VALUE! | HD4: xxxx
CD12: Envolvente
BA28: 1 | BR28: 2 | CI28: 3 | CZ28: 4 | DQ28: 5 | EH28: 6 | EY28: 7 | FP28: 8 | GG28: 9 | GX28: 10 | HO28: 11 | IF28: 12
BH30: #VALUE! | BY30: #VALUE! | CP30: #VALUE! | DG30: #VALUE! | DX30: #VALUE! | EO30: #VALUE! | FF30: #VALUE! | FW30: #VALUE! | GN30: #VALUE! | HE30: #VALUE! | HV30: #VALUE! | IM30: #VALUE!
AX31: A | IX31: A
CC32: Ma | CE32: =AV37&AV39&AV40 -> 202060 | CF32: =AV37&AV43&AV44 -> 207260 | CG32: =AV37&AV47&AV48 -> 204060 | CH32: . | CI32: =AV37&AV39&AV41 -> 202040 | CJ32: =AV37&AV43&AV45 -> 207240 | CK32: =AV37&AV47&AV49 -> 204040 | CL32: . | CN32: MaL | CP32: =AV37&AV39 -> 2020 | CQ32: =AV37&AV43 -> 2072 | CR32: =AV37&AV47 -> 2040 | CS32: . | CY32: PuP | DA32: =AV37&AV39 -> 2020 | DB32: =AV37&AV43 -> 2072 | DC32: =AV37&AV47 -> 2040 | DD32: . | DU32: PaLP | DW32: =AV37&AV40 -> 2060 | DX32: =AV37&AV44 -> 2060 | DY32: =AV37&AV48 -> 2060 | DZ32: . | EA32: =AV37&AV41 -> 2040 | EB32: =AV37&AV45 -> 2040 | EC32: =AV37&AV49 -> 2040 | ED32: . | EF32: PaPP | EH32: =AV37&AV39 -> 2020 | EI32: =AV37&AV43 -> 2072 | EJ32: =AV37&AV47 -> 2040 | EK32: . | EQ32: PaS | ES32: =AV39&AV40 -> 2060 | ET32: =AV43&AV44 -> 7260 | EU32: =AV47&AV48 -> 4060 | EV32: . | EW32: =AV39&AV41 -> 2040 | EX32: =AV43&AV45 -> 7240 | EY32: =AV47&AV49 -> 4040 | EZ32: . | FB32: PaI | FD32: =AV39&AV40 -> 2060 | FE32: =AV43&AV44 -> 7260 | FF32: =AV47&AV48 -> 4060 | FG32: . | FH32: =AV39&AV41 -> 2040 | FI32: =AV43&AV45 -> 7240 | FJ32: =AV47&AV49 -> 4040 | FK32: . | GI32: PaIH | GT32: SeF | GV32: =AV37&AV39 -> 2020 | GW32: =AV37&AV43 -> 2072 | GX32: =AV37&AV47 -> 2040 | GY32: , | HE32: DuC | HG32: =AV39 -> 20 | HH32: =AV43 -> 72 | HI32: =AV47 -> 40 | HJ32: . | HP32: BaZ | IA32: ZoL | IC32: =AV40 -> 60 | ID32: =AV44 -> 60 | IE32: =AV48 -> 60 | IF32: . | IG32: =AV41 -> 40 | IH32: =AV45 -> 40 | II32: =AV49 -> 40 | IL32: ZoF | IN32: =AV39 -> 20 | IO32: =AV43 -> 72 | IP32: =AV47 -> 40 | IQ32: .
CE33: =CE32&CC32 -> 202060Ma | CF33: =CF32&CC32 -> 207260Ma | CG33: =CG32&CC32 -> 204060Ma | CH33: . | CI33: =CI32&CC32 -> 202040Ma | CJ33: =CJ32&CC32 -> 207240Ma | CK33: =CK32&CC32 -> 204040Ma | CL33: . | CP33: =CP32&CN32 -> 2020MaL | CQ33: =CQ32&CN32 -> 2072MaL | CR33: =CR32&CN32 -> 2040MaL | CS33: . | DA33: =DA32&CY32 -> 2020PuP | DB33: =DB32&CY32 -> 2072PuP | DC33: =DC32&CY32 -> 2040PuP | DD33: . | DW33: =DW32&DU32 -> 2060PaLP | DX33: =DX32&DU32 -> 2060PaLP | DY33: =DY32&DU32 -> 2060PaLP | DZ33: . | EA33: =EA32&DU32 -> 2040PaLP | EB33: =EB32&DU32 -> 2040PaLP | EC33: =EC32&DU32 -> 2040PaLP | ED33: . | EH33: =EH32&EF32 -> 2020PaPP | EI33: =EI32&EF32 -> 2072PaPP | EJ33: =EJ32&EF32 -> 2040PaPP | EK33: . | ES33: =ES32&EQ32 -> 2060PaS | ET33: =ET32&EQ32 -> 7260PaS | EU33: =EU32&EQ32 -> 4060PaS | EV33: . | EW33: =EW32&EQ32 -> 2040PaS | EX33: =EX32&EQ32 -> 7240PaS | EY33: =EY32&EQ32 -> 4040PaS | EZ33: . | FD33: =FD32&FB32 -> 2060PaI | FE33: =FE32&FB32 -> 7260PaI | FF33: =FF32&FB32 -> 4060PaI | FG33: . | FH33: =FH32&FB32 -> 2040PaI | FI33: =FI32&FB32 -> 7240PaI | FJ33: =FJ32&FB32 -> 4040PaI | FK33: . | GV33: =GV32&GT32 -> 2020SeF | GW33: =GW32&GT32 -> 2072SeF | GX33: =GX32&GT32 -> 2040SeF | GY33: . | HG33: =HG32&HE32 -> 20DuC | HH33: =HH32&HE32 -> 72DuC | HI33: =HI32&HE32 -> 40DuC | HJ33: . | IC33: =IC32&IA32 -> 60ZoL | ID33: =ID32&IA32 -> 60ZoL | IE33: =IE32&IA32 -> 60ZoL | IF33: . | IG33: =IG32&IA32 -> 40ZoL | IH33: =IH32&IA32 -> 40ZoL | II33: =II32&IA32 -> 40ZoL | IJ33: . | IN33: =IN32&IL32 -> 20ZoF | IO33: =IO32&IL32 -> 72ZoF | IP33: =IP32&IL32 -> 40ZoF | IQ33: .
BA35: Envolventes | CC35: Marco | CN35: Marco Liso | CY35: Puerta | DJ35: xxxx | DU35: Panel Lateral | EF35: Panel Posterior | EQ35: Panel Superior | FB35: Panel Inferior | FM35: Para interno Vertical Total | FX35: Para interno Vertical Parcial | GI35: Para interno Horizontal | GT35: Segregacion Frontal (+NB) | HE35: Pasa Cables | HP35: Kit de Zócalo | IA35: Tapa Zócalo Lateral | IL35: Tapa Zócalo Frontal
AZ36: #VALUE! | IW36: #VALUE!
AT37: HT | AV37: =IF(BO41<>"",MID(BO41,1,2)) -> 20
AT39: W1 | AV39: =IF(BA59<>"",MID(AT59,1,2)) -> 20
AT40: D | AU40: A | AV40: =IF(BA59<>"",MID(BU64,1,2)) -> 60
AU41: B | AV41: =IF(BA59<>"",MID(BU59,1,2)) -> 40 | BA41: Altura : | BO41: =IF(Proyecto!HG58<>"",Proyecto!HG58,"") -> 2000 | BW41: [ mm ] | EQ41: #VALUE!
AT43: W2 | AV43: =IF(BA69<>"",MID(AT69,1,2)) -> 72 | CC43: #VALUE! | CN43: #VALUE! | CY43: #VALUE! | DU43: #VALUE! | EF43: #VALUE! | FB43: #VALUE! | FM43: #VALUE! | FX43: #VALUE! | GI43: #VALUE! | GT43: #VALUE! | HE43: #VALUE! | IA43: #VALUE! | IL43: #VALUE!
AT44: D | AU44: A | AV44: =IF(BA69<>"",MID(BU74,1,2)) -> 60 | AX44: B | BA44: Protección : | BO44: =IF(Proyecto!HG64<>"",Proyecto!HG64,"") -> IP31 | IX44: B
AU45: B | AV45: =IF(BA69<>"",MID(BU69,1,2)) -> 40
AT47: W3 | AV47: =IF(BA79<>"",MID(AT79,1,2)) -> 40 | BA47: Icc : | BO47: =IF(Proyecto!HG88<>"",Proyecto!HG88,"") -> 10 - 65 | BW47: [ kA ]
AT48: D | AU48: A | AV48: =IF(BA79<>"",MID(BU84,1,2)) -> 60
AU49: B | AV49: =IF(BA79<>"",MID(BU79,1,2)) -> 40 | AZ49: #VALUE! | HS49: #VALUE! | IW49: #VALUE!
BA50: In : | BO50: =IF(Proyecto!HG94<>"",Proyecto!HG94,"") -> 250 | BW50: [ A ]
AT51: IP | AV51: =IF(BO44<>"",MID(BO44,3,2),"") -> 31
AT53: Icc | BA53: Color : | BO53: =IF(Proyecto!HG70<>"",Proyecto!HG70,"") -> RAL7035
AT54: =IF(BO47<>"",BO47,"") -> 10 - 65
AT56: =_xlfn.IFS(BU64=400,"Prof1",BU64=600,"Prof",BU64=1000,"Prof") -> Prof | BA56: Gaveta Tipo : | BO56: Fija
AX57: C | CS57: IP30 | IX57: C
AT59: =_xlfn.IFS(BA59="+NB","200",BA59="+NI","400",BA59="+NE","720",BA59="+NL","800",BA59="+NE*","1120") -> 200 | BA59: +NB | BF59: Posterior | BQ59: D: | BU59: 400 | CC59: FALSE | CE59: =IFERROR(VLOOKUP(CI33,BD!$B:$D,3,FALSE),"-") -> 1017012 | CL59: FALSE | CN59: =IFERROR(IF(AV51="30",VLOOKUP(CP33,BD!$B:$D,3,FALSE),"-"),"-") -> - | CY59: =IFERROR(IF(AV51>="31",VLOOKUP(DA33,BD!$B:$D,3,FALSE),"-"),"-") -> 1014103 | DU59: =IFERROR(VLOOKUP(EA33,BD!$B:$D,3,FALSE),"-") -> 1014028 | EF59: =IFERROR(IF(BU59<>"",VLOOKUP(EH33,BD!$B:$D,3,FALSE),"-"),"-") -> 1014054 | EQ59: =IFERROR(VLOOKUP(EW33,BD!$B:$D,3,FALSE),"-") -> 1010050 | FB59: =IFERROR(VLOOKUP(FH33,BD!$B:$D,3,FALSE),"-") -> 1014250 | GI59: =IFERROR(VLOOKUP(GI32,BD!$B:$D,3,FALSE),"-") -> - | GT59: =IFERROR(VLOOKUP(GV33,BD!$B:$D,3,FALSE),"-") -> 1024601 | HE59: =IFERROR(VLOOKUP(HG33,BD!$B:$D,3,FALSE),"-") -> - | HP59: =IFERROR(VLOOKUP(HP32,BD!$B:$D,3,FALSE),"-") -> 1014500 | IA59: =IFERROR(VLOOKUP(IG33,BD!$B:$D,3,FALSE),"-") -> 1010176 | IL59: =IFERROR(VLOOKUP(IN33,BD!$B:$D,3,FALSE),"-") -> 1010175
AT61: =IF(BA59<>"","VERDADERO","") -> VERDADERO | CL61: FALSE
AZ62: #VALUE! | IW62: #VALUE!
AT63: =MID(BA59,3,1) -> B
BF64: Frontal | BQ64: D: | BU64: 600 | CC64: =IFERROR(VLOOKUP(CE33,BD!$B:$D,3,FALSE),"-") -> 1017013 | CN64: =IFERROR(IF(AV51="30",VLOOKUP(CP33,BD!$B:$D,3,FALSE),"-"),"-") -> - | CY64: =IFERROR(IF(AV51>="31",VLOOKUP(DA33,BD!$B:$D,3,FALSE),"-"),"-") -> 1014103 | DU64: =IFERROR(VLOOKUP(DW33,BD!$B:$D,3,FALSE),"-") -> 1014029 | EF64: =IFERROR(IF(EF59<>"-","-",VLOOKUP(EH33,BD!$B:$D,3,FALSE)),"-") -> - | EQ64: =IFERROR(VLOOKUP(ES33,BD!$B:$D,3,FALSE),"-") -> 1010051 | FB64: =IFERROR(VLOOKUP(FD33,BD!$B:$D,3,FALSE),"-") -> 1014251 | GI64: =IFERROR(VLOOKUP(GI32,BD!$B:$D,3,FALSE),"-") -> - | GT64: =IFERROR(VLOOKUP(GV33,BD!$B:$D,3,FALSE),"-") -> 1024601 | HE64: =IFERROR(VLOOKUP(HG33,BD!$B:$D,3,FALSE),"-") -> - | HP64: =IFERROR(VLOOKUP(HP32,BD!$B:$D,3,FALSE),"-") -> 1014500 | IA64: =IFERROR(VLOOKUP(IC33,BD!$B:$D,3,FALSE),"-") -> 1010177 | IL64: =IFERROR(VLOOKUP(IN33,BD!$B:$D,3,FALSE),"-") -> 1010175
AT69: =_xlfn.IFS(BA69="+NB","200",BA69="+NI","400",BA69="+NE","720",BA69="+NL","800",BA69="+NE*","1120") -> 720 | BA69: +NE | BF69: Posterior | BQ69: D: | BU69: 400 | CC69: =IFERROR(VLOOKUP(CJ33,BD!$B:$D,3,FALSE),"-") -> 1017018 | CN69: =IFERROR(IF(AV51="30",VLOOKUP(CQ33,BD!$B:$D,3,FALSE),"-"),"-") -> - | CY69: =IFERROR(IF(AV51>="31",VLOOKUP(DB33,BD!$B:$D,3,FALSE),"-"),"-") -> 1014105 | DU69: =IFERROR(VLOOKUP(EB33,BD!$B:$D,3,FALSE),"-") -> 1014028 | EF69: =IFERROR(IF(BU69<>"",VLOOKUP(EI33,BD!$B:$D,3,FALSE),"-"),"-") -> 1014056 | EQ69: =IFERROR(VLOOKUP(EX33,BD!$B:$D,3,FALSE),"-") -> 1010056 | FB69: =IFERROR(VLOOKUP(FI33,BD!$B:$D,3,FALSE),"-") -> 1014256 | GI69: =IFERROR(VLOOKUP(GI32,BD!$B:$D,3,FALSE),"-") -> - | GT69: =IFERROR(VLOOKUP(GW33,BD!$B:$D,3,FALSE),"-") -> - | HE69: =IFERROR(VLOOKUP(HH33,BD!$B:$D,3,FALSE),"-") -> 1014301 | HP69: =IFERROR(VLOOKUP(HP32,BD!$B:$D,3,FALSE),"-") -> 1014500 | IA69: =IFERROR(VLOOKUP(IH33,BD!$B:$D,3,FALSE),"-") -> 1010176 | IL69: =IFERROR(VLOOKUP(IO33,BD!$B:$D,3,FALSE),"-") -> 1010178
AX70: D | IX70: D
AT71: =IF(BA69<>"","VERDADERO","") -> VERDADERO
AT73: =MID(BA69,3,1) -> E
BF74: Frontal | BQ74: D: | BU74: 600 | CC74: =IFERROR(VLOOKUP(CF33,BD!$B:$D,3,FALSE),"-") -> 1017019 | CN74: =IFERROR(IF(AV51="30",VLOOKUP(CQ33,BD!$B:$D,3,FALSE),"-"),"-") -> - | CY74: =IFERROR(IF(AV51>="31",VLOOKUP(DB33,BD!$B:$D,3,FALSE),"-"),"-") -> 1014105 | DU74: =IFERROR(VLOOKUP(DX33,BD!$B:$D,3,FALSE),"-") -> 1014029 | EF74: =IFERROR(IF(EF69<>"-","-",VLOOKUP(EI33,BD!$B:$D,3,FALSE)),"-") -> - | EQ74: =IFERROR(VLOOKUP(ET33,BD!$B:$D,3,FALSE),"-") -> 1010057 | FB74: =IFERROR(VLOOKUP(FE33,BD!$B:$D,3,FALSE),"-") -> 1014257 | GI74: =IFERROR(VLOOKUP(GI32,BD!$B:$D,3,FALSE),"-") -> - | GT74: =IFERROR(VLOOKUP(GW33,BD!$B:$D,3,FALSE),"-") -> - | HE74: =IFERROR(VLOOKUP(HH33,BD!$B:$D,3,FALSE),"-") -> 1014301 | HP74: =IFERROR(VLOOKUP(HP32,BD!$B:$D,3,FALSE),"-") -> 1014500 | IA74: =IFERROR(VLOOKUP(ID33,BD!$B:$D,3,FALSE),"-") -> 1010177 | IL74: =IFERROR(VLOOKUP(IO33,BD!$B:$D,3,FALSE),"-") -> 1010178
AZ75: #VALUE! | IW75: #VALUE!
AT79: =_xlfn.IFS(BA79="+NB","200",BA79="+NI","400",BA79="+NE","720",BA79="+NL","800",BA79="+NE*","1120") -> 400 | BA79: +NI | BF79: Posterior | BQ79: D: | BU79: 400 | CC79: =IFERROR(VLOOKUP(CK33,BD!$B:$D,3,FALSE),"-") -> 1017015 | CN79: =IFERROR(IF(AV51="30",VLOOKUP(CR33,BD!$B:$D,3,FALSE),"-"),"-") -> - | CY79: =IFERROR(IF(AV51>="31",VLOOKUP(DC33,BD!$B:$D,3,FALSE),"-"),"-") -> 1014104 | DU79: =IFERROR(VLOOKUP(EC33,BD!$B:$D,3,FALSE),"-") -> 1014028 | EF79: =IFERROR(IF(BU79<>"",VLOOKUP(EJ33,BD!$B:$D,3,FALSE),"-"),"-") -> 1014055 | EQ79: =IFERROR(VLOOKUP(EY33,BD!$B:$D,3,FALSE),"-") -> 1010053 | FB79: =IFERROR(VLOOKUP(FJ33,BD!$B:$D,3,FALSE),"-") -> 1014253 | GI79: =IFERROR(VLOOKUP(GI32,BD!$B:$D,3,FALSE),"-") -> - | GT79: =IFERROR(VLOOKUP(GX33,BD!$B:$D,3,FALSE),"-") -> 1021041 | HE79: =IFERROR(VLOOKUP(HI33,BD!$B:$D,3,FALSE),"-") -> 1014300 | HP79: =IFERROR(VLOOKUP(HP32,BD!$B:$D,3,FALSE),"-") -> 1014500 | IA79: =IFERROR(VLOOKUP(II33,BD!$B:$D,3,FALSE),"-") -> 1010176 | IL79: =IFERROR(VLOOKUP(IP33,BD!$B:$D,3,FALSE),"-") -> 1010176
AT81: =IF(BA79<>"","VERDADERO","") -> VERDADERO
AT83: =MID(BA79,3,1) -> I | AX83: E | IX83: E
BF84: Frontal | BQ84: D: | BU84: 600 | CC84: =IFERROR(VLOOKUP(CG33,BD!$B:$D,3,FALSE),"-") -> 1017016 | CN84: =IFERROR(IF(AV51="30",VLOOKUP(CR33,BD!$B:$D,3,FALSE),"-"),"-") -> - | CY84: =IFERROR(IF(AV51>="31",VLOOKUP(DC33,BD!$B:$D,3,FALSE),"-"),"-") -> 1014104 | DU84: =IFERROR(VLOOKUP(DY33,BD!$B:$D,3,FALSE),"-") -> 1014029 | EF84: =IFERROR(IF(EF79<>"-","-",VLOOKUP(EJ33,BD!$B:$D,3,FALSE)),"-") -> - | EQ84: =IFERROR(VLOOKUP(EU33,BD!$B:$D,3,FALSE),"-") -> 1010054 | FB84: =IFERROR(VLOOKUP(FF33,BD!$B:$D,3,FALSE),"-") -> 1014254 | GI84: =IFERROR(VLOOKUP(GI32,BD!$B:$D,3,FALSE),"-") -> - | GT84: =IFERROR(VLOOKUP(GX33,BD!$B:$D,3,FALSE),"-") -> 1021041 | HE84: =IFERROR(VLOOKUP(HI33,BD!$B:$D,3,FALSE),"-") -> 1014300 | HP84: =IFERROR(VLOOKUP(HP32,BD!$B:$D,3,FALSE),"-") -> 1014500 | IA84: =IFERROR(VLOOKUP(IE33,BD!$B:$D,3,FALSE),"-") -> 1010177 | IL84: =IFERROR(VLOOKUP(IP33,BD!$B:$D,3,FALSE),"-") -> 1010176
AZ88: #VALUE! | IW88: #VALUE!
CC91: CaE | CN91: AnI | DJ91: TaM | DL91: =DL123 -> PM6 | DM91: =DL133 -> ATS | DN91: =DL143 -> IL6 | DO91: . | DP91: =DL118 -> ATS | DQ91: =DL128 -> IL6 | DR91: =DL138 -> PM6 | DS91: . | DU91: KiUP | EF91: BaE | EH91: =AV39&AV40 -> 2060 | EI91: =AV43&AV44 -> 7260 | EJ91: =AV47&AV48 -> 4060 | EK91: . | EL91: =AV39&AV41 -> 2040 | EM91: =AV43&AV45 -> 7240 | EN91: =AV47&AV49 -> 4040 | EO91: . | EQ91: BaE | ES91: =AV39&AV40 -> 2060 | ET91: =AV43&AV44 -> 7260 | EU91: =AV47&AV48 -> 4060 | EV91: . | EW91: =AV39&AV41 -> 2040 | EX91: =AV43&AV45 -> 7240 | EY91: =AV47&AV49 -> 4040 | EZ91: . | FA91: H4
DL92: =DJ91&DL91 -> TaMPM6 | DM92: =DJ91&DM91 -> TaMATS | DN92: =DJ91&DN91 -> TaMIL6 | DO92: . | DP92: =DJ91&DP91 -> TaMATS | DQ92: =DJ91&DQ91 -> TaMIL6 | DR92: =DJ91&DR91 -> TaMPM6 | DS92: . | EH92: =EH91&EF91 -> 2060BaE | EI92: =EI91&EF91 -> 7260BaE | EJ92: =EJ91&EF91 -> 4060BaE | EK92: . | EL92: =EL91&EF91 -> 2040BaE | EM92: =EM91&EF91 -> 7240BaE | EN92: =EN91&EF91 -> 4040BaE | EO92: . | ES92: =ES91&EQ91&FA91 -> 2060BaEH4 | ET92: =ET91&EQ91&FA91 -> 7260BaEH4 | EU92: =EU91&EQ91&FA91 -> 4060BaEH4 | EV92: . | EW92: =EW91&EQ91&FA91 -> 2040BaEH4 | EX92: =EX91&EQ91&FA91 -> 7240BaEH4 | EY92: =EY91&EQ91&FA91 -> 4040BaEH4 | EZ92: .
BA94: Complementos MTM | CC94: Cancamo | CN94: Angulo de Izaje | CY94: Placa de Control | DJ94: Tapa Placa de Control | DU94: Kit de Union Posterior | EF94: Base Estructural | EQ94: Base H:400 mm | FB94: Cubierta Superior | FM94: Cubierta de Ventilación | FX94: Cubierta para Moculo | GI94: xxxx | GT94: xxxx | HE94: xxxx | HP94: xxxx | IA94: xxxx | IL94: xxxx
AX96: F | IX96: F
BA100: Altura : | BO100: =IF(Proyecto!HG58<>"",Proyecto!HG58,"") -> 2000 | BW100: [ mm ] | FB100: #VALUE!
AZ101: #VALUE! | IW101: #VALUE!
BA103: Protección : | BO103: =IF(Proyecto!HG64<>"",Proyecto!HG64,"") -> IP31
DB104: #VALUE! | FP104: #VALUE!
BA106: Icc : | BO106: =IF(Proyecto!HG88<>"",Proyecto!HG88,"") -> 10 - 65 | BW106: [ kA ] | DM106: #VALUE! | EG106: #VALUE! | ER106: #VALUE! | GA106: #VALUE!
CF107: #VALUE! | CQ107: #VALUE! | DX107: #VALUE!
AX109: G | BA109: In : | BO109: =IF(Proyecto!HG94<>"",Proyecto!HG94,"") -> 250 | BW109: [ A ] | IX109: G
BA112: Color : | BO112: =IF(Proyecto!HG70<>"",Proyecto!HG70,"") -> RAL7035
AZ114: #VALUE! | IW114: #VALUE!
BA115: Gaveta Tipo : | BO115: =IF(BO56="","",BO56) -> Fija
FG116: IP55 | FR116: IP55 | GC116: IP55
BA118: +NB | BF118: Posterior | BQ118: D: | BU118: 400 | CC118: =IFERROR(VLOOKUP(CC91,BD!$B:$D,3,FALSE),"-") -> 1014501 | CN118: =IFERROR(VLOOKUP(CN91,BD!$B:$D,3,FALSE),"-") -> 1014502 | CY118: - | DJ118: FALSE | DL118: ATS | DS118: FALSE | DU118: =IFERROR(VLOOKUP(DU91,BD!$B:$D,3,FALSE),"-") -> 1012001 | EF118: =IFERROR(VLOOKUP(EL92,BD!$B:$D,3,FALSE),"-") -> 1015000 | EQ118: =IFERROR(VLOOKUP(EW92,BD!$B:$D,3,FALSE),"-") -> 1015014
DL120: =IFERROR(VLOOKUP(DP92,BD!$B:$D,3,FALSE),"-") -> 1012110 | DS120: FALSE
AX122: H | IX122: H
BF123: Frontal | BQ123: D: | BU123: 600 | CC123: =IFERROR(VLOOKUP(CC91,BD!$B:$D,3,FALSE),"-") -> 1014501 | CN123: =IFERROR(VLOOKUP(CN91,BD!$B:$D,3,FALSE),"-") -> 1014502 | CY123: - | DJ123: FALSE | DL123: PM6 | DS123: FALSE | DU123: - | EF123: =IFERROR(VLOOKUP(EH92,BD!$B:$D,3,FALSE),"-") -> 1015001 | EQ123: =IFERROR(VLOOKUP(ES92,BD!$B:$D,3,FALSE),"-") -> 1015015
DL125: =IFERROR(VLOOKUP(DL92,BD!$B:$D,3,FALSE),"-") -> 1012111 | DS125: FALSE
AZ127: #VALUE! | IW127: #VALUE!
BA128: +NE | BF128: Posterior | BQ128: D: | BU128: 400 | CC128: =IFERROR(VLOOKUP(CC91,BD!$B:$D,3,FALSE),"-") -> 1014501 | CN128: =IFERROR(VLOOKUP(CN91,BD!$B:$D,3,FALSE),"-") -> 1014502 | CY128: - | DJ128: FALSE | DL128: IL6 | DS128: FALSE | DU128: =IFERROR(VLOOKUP(DU91,BD!$B:$D,3,FALSE),"-") -> 1012001 | EF128: =IFERROR(VLOOKUP(EM92,BD!$B:$D,3,FALSE),"-") -> 1015006 | EQ128: =IFERROR(VLOOKUP(EX92,BD!$B:$D,3,FALSE),"-") -> 1015020
DL130: =IFERROR(VLOOKUP(DQ92,BD!$B:$D,3,FALSE),"-") -> 1012150 | DS130: FALSE
BF133: Frontal | BQ133: D: | BU133: 600 | CC133: =IFERROR(VLOOKUP(CC91,BD!$B:$D,3,FALSE),"-") -> 1014501 | CN133: =IFERROR(VLOOKUP(CN91,BD!$B:$D,3,FALSE),"-") -> 1014502 | CY133: - | DJ133: FALSE | DL133: ATS | DS133: FALSE | DU133: - | EF133: =IFERROR(VLOOKUP(EI92,BD!$B:$D,3,FALSE),"-") -> 1015007 | EQ133: =IFERROR(VLOOKUP(ET92,BD!$B:$D,3,FALSE),"-") -> 1015021
AX135: I | DL135: =IFERROR(VLOOKUP(DM92,BD!$B:$D,3,FALSE),"-") -> 1012110 | DS135: FALSE | IX135: I
BA138: +NI | BF138: Posterior | BQ138: D: | BU138: 400 | CC138: =IFERROR(VLOOKUP(CC91,BD!$B:$D,3,FALSE),"-") -> 1014501 | CN138: =IFERROR(VLOOKUP(CN91,BD!$B:$D,3,FALSE),"-") -> 1014502 | CY138: - | DJ138: FALSE | DL138: PM6 | DS138: FALSE | DU138: =IFERROR(VLOOKUP(DU91,BD!$B:$D,3,FALSE),"-") -> 1012001 | EF138: =IFERROR(VLOOKUP(EN92,BD!$B:$D,3,FALSE),"-") -> 1015003 | EQ138: =IFERROR(VLOOKUP(EY92,BD!$B:$D,3,FALSE),"-") -> 1015017
AZ140: #VALUE! | DL140: =IFERROR(VLOOKUP(DR92,BD!$B:$D,3,FALSE),"-") -> 1012111 | DS140: FALSE | IW140: #VALUE!
BF143: Frontal | BQ143: D: | BU143: 600 | CC143: =IFERROR(VLOOKUP(CC91,BD!$B:$D,3,FALSE),"-") -> 1014501 | CN143: =IFERROR(VLOOKUP(CN91,BD!$B:$D,3,FALSE),"-") -> 1014502 | CY143: - | DJ143: FALSE | DL143: IL6 | DS143: FALSE | DU143: - | EF143: =IFERROR(VLOOKUP(EJ92,BD!$B:$D,3,FALSE),"-") -> 1015004 | EQ143: =IFERROR(VLOOKUP(EU92,BD!$B:$D,3,FALSE),"-") -> 1015018
DL145: =IFERROR(VLOOKUP(DN92,BD!$B:$D,3,FALSE),"-") -> 1012150 | DS145: FALSE
AX148: J | IX148: J
BE152: Orden de Trabajo: | BY152: APE : | DQ152: APM : | FI152: DPM : | HA152: LDP :
AZ153: #VALUE! | IW153: #VALUE!
BE157: OT: | BY157: Fecha de Entrega : | CU157: =TODAY() -> 46007 | DQ157: Fecha de Entrega : | FI157: Fecha de Entrega : | HA157: Fecha de Entrega :
AX161: K | IX161: K
AZ165: #VALUE! | IW165: #VALUE!
BA166: Dibujó: | BH166: =EO111 -> 0 | BR166: Aprobó: | BY166: =EO117 -> 0 | CL166: #VALUE! | CZ166: Cliente: | DG166: =EO123 -> 0 | EY166: OT: | FC166: =EO126 -> 0 | FP166: Producto: | FY166: =EO132 -> 0 | HO166: Tipo de Aplicación: | IF166: =EO135 -> 0
BA170: Revisó: | BH170: =EO114 -> 0 | BR170: Fecha: | BY170: =TODAY() -> 46007 | CZ170: Industrias CTS. Todos los derechos reservados. Está prohibido cualquier uso sin previa autorización por parte de Industrias CTS S.A.S | EY170: Versión N°: | FH170: =EO129 -> 0 | FP170: Descripción de página: | HO170: Formato: | HV170: A4 | IF170: Página N°:
BH174: #VALUE! | BY174: #VALUE! | CP174: #VALUE! | DG174: #VALUE! | DX174: #VALUE! | EO174: #VALUE! | FF174: #VALUE! | FW174: #VALUE! | GN174: #VALUE! | HE174: #VALUE! | HV174: #VALUE! | IM174: #VALUE!
BA175: 1 | BR175: 2 | CI175: 3 | CZ175: 4 | DQ175: 5 | EH175: 6 | EY175: 7 | FP175: 8 | GG175: 9 | GX175: 10 | HO175: 11 | IF175: 12
EK199: <

Sheet Vacio
GW4: #VALUE! | HD4: xxxx
BA28: 1 | BR28: 2 | CI28: 3 | CZ28: 4 | DQ28: 5 | EH28: 6 | EY28: 7 | FP28: 8 | GG28: 9 | GX28: 10 | HO28: 11 | IF28: 12
BH30: #VALUE! | BY30: #VALUE! | CP30: #VALUE! | DG30: #VALUE! | DX30: #VALUE! | EO30: #VALUE! | FF30: #VALUE! | FW30: #VALUE! | GN30: #VALUE! | HE30: #VALUE! | HV30: #VALUE! | IM30: #VALUE!
AX31: A | IX31: A
AZ36: #VALUE!
AX44: B | IX44: B
AZ49: #VALUE! | EO49: FALSE | IG49: FALSE
IG52: FALSE
AX57: C | IX57: C
AZ62: #VALUE!
AX70: D | IX70: D
AZ75: #VALUE!
AX83: E | IX83: E
AZ88: #VALUE!
AX96: F | IX96: F
AZ101: #VALUE!
AX109: G | IX109: G
AZ114: #VALUE!
AX122: H | IX122: H
AZ127: #VALUE!
AX135: I | IX135: I
AZ140: #VALUE!
AX148: J | IX148: J
AZ153: #VALUE!
AX161: K | IX161: K
AZ165: #VALUE!
BH174: #VALUE! | BY174: #VALUE! | CP174: #VALUE! | DG174: #VALUE! | DX174: #VALUE! | EO174: #VALUE! | FF174: #VALUE! | FW174: #VALUE! | GN174: #VALUE! | HE174: #VALUE! | HV174: #VALUE! | IM174: #VALUE!
BA175: 1 | BR175: 2 | CI175: 3 | CZ175: 4 | DQ175: 5 | EH175: 6 | EY175: 7 | FP175: 8 | GG175: 9 | GX175: 10 | HO175: 11 | IF175: 12
EK199: <

Sheet Envolvente (3)
GW4: #VALUE! | HD4: xxxx
CD12: Envolvente
LU18: Orden de Trabajo: | MO18: APE : | OC18: APM : | PQ18: DPM : | RE18: LDP :
LU23: OT: | MO23: Fecha de Entrega : | NI23: =TODAY() -> 46007 | OC23: Fecha de Entrega : | PQ23: Fecha de Entrega : | RE23: Fecha de Entrega :
BA28: 1 | BR28: 2 | CI28: 3 | CZ28: 4 | DQ28: 5 | EH28: 6 | EY28: 7 | FP28: 8 | GG28: 9 | GX28: 10 | HO28: 11 | IF28: 12
BH30: #VALUE! | BY30: #VALUE! | CP30: #VALUE! | DG30: #VALUE! | DX30: #VALUE! | EO30: #VALUE! | FF30: #VALUE! | FW30: #VALUE! | GN30: #VALUE! | HE30: #VALUE! | HV30: #VALUE! | IM30: #VALUE!
AX31: A | IX31: A
CC34: Ma | CE34: =AV37&AV39&AV40 -> 202060 | CF34: =AV37&AV43&AV44 -> 207260 | CG34: =AV37&AV47&AV48 -> 204060 | CH34: . | CI34: =AV37&AV39&AV41 -> 202040 | CJ34: =AV37&AV43&AV45 -> 207240 | CK34: =AV37&AV47&AV49 -> 204040 | CL34: . | CN34: MaL | CP34: =AV37&AV39 -> 2020 | CQ34: =AV37&AV43 -> 2072 | CR34: =AV37&AV47 -> 2040 | CS34: . | CY34: PuP | DA34: =AV37&AV39 -> 2020 | DB34: =AV37&AV43 -> 2072 | DC34: =AV37&AV47 -> 2040 | DD34: . | DU34: PaLP | DW34: =AV37&AV40 -> 2060 | DX34: =AV37&AV44 -> 2060 | DY34: =AV37&AV48 -> 2060 | DZ34: . | EA34: =AV37&AV41 -> 2040 | EB34: =AV37&AV45 -> 2040 | EC34: =AV37&AV49 -> 2040 | ED34: . | EF34: PaPP | EH34: =AV37&AV39 -> 2020 | EI34: =AV37&AV43 -> 2072 | EJ34: =AV37&AV47 -> 2040 | EK34: . | EQ34: PaS | ES34: =AV39&AV40 -> 2060 | ET34: =AV43&AV44 -> 7260 | EU34: =AV47&AV48 -> 4060 | EV34: . | EW34: =AV39&AV41 -> 2040 | EX34: =AV43&AV45 -> 7240 | EY34: =AV47&AV49 -> 4040 | EZ34: . | FB34: PaI | FD34: =AV39&AV40 -> 2060 | FE34: =AV43&AV44 -> 7260 | FF34: =AV47&AV48 -> 4060 | FG34: . | FH34: =AV39&AV41 -> 2040 | FI34: =AV43&AV45 -> 7240 | FJ34: =AV47&AV49 -> 4040 | FK34: . | FM34: PaIVT | FO34: =AV39 -> 20 | FX34: PaIV | FZ34: 60 | GA34: 90 | GB34: 10 | GI34: PaIH | GT34: SeF | GV34: =AV37&AV39 -> 2020 | GW34: =AV37&AV43 -> 2072 | GX34: =AV37&AV47 -> 2040 | GY34: , | HE34: DuC | HG34: =AV39 -> 20 | HH34: =AV43 -> 72 | HI34: =AV47 -> 40 | HJ34: . | HP34: BaZ | IA34: ZoL | IC34: =AV40 -> 60 | ID34: =AV44 -> 60 | IE34: =AV48 -> 60 | IF34: . | IG34: =AV41 -> 40 | IH34: =AV45 -> 40 | II34: =AV49 -> 40 | IL34: ZoF | IN34: =AV39 -> 20 | IO34: =AV43 -> 72 | IP34: =AV47 -> 40 | IQ34: .
CE35: =CE34&CC34 -> 202060Ma | CF35: =CF34&CC34 -> 207260Ma | CG35: =CG34&CC34 -> 204060Ma | CH35: . | CI35: =CI34&CC34 -> 202040Ma | CJ35: =CJ34&CC34 -> 207240Ma | CK35: =CK34&CC34 -> 204040Ma | CL35: . | CP35: =CP34&CN34 -> 2020MaL | CQ35: =CQ34&CN34 -> 2072MaL | CR35: =CR34&CN34 -> 2040MaL | CS35: . | DA35: =DA34&CY34 -> 2020PuP | DB35: =DB34&CY34 -> 2072PuP | DC35: =DC34&CY34 -> 2040PuP | DD35: . | DW35: =DW34&DU34 -> 2060PaLP | DX35: =DX34&DU34 -> 2060PaLP | DY35: =DY34&DU34 -> 2060PaLP | DZ35: . | EA35: =EA34&DU34 -> 2040PaLP | EB35: =EB34&DU34 -> 2040PaLP | EC35: =EC34&DU34 -> 2040PaLP | ED35: . | EH35: =EH34&EF34 -> 2020PaPP | EI35: =EI34&EF34 -> 2072PaPP | EJ35: =EJ34&EF34 -> 2040PaPP | EK35: . | ES35: =ES34&EQ34 -> 2060PaS | ET35: =ET34&EQ34 -> 7260PaS | EU35: =EU34&EQ34 -> 4060PaS | EV35: . | EW35: =EW34&EQ34 -> 2040PaS | EX35: =EX34&EQ34 -> 7240PaS | EY35: =EY34&EQ34 -> 4040PaS | EZ35: . | FD35: =FD34&FB34 -> 2060PaI | FE35: =FE34&FB34 -> 7260PaI | FF35: =FF34&FB34 -> 4060PaI | FG35: . | FH35: =FH34&FB34 -> 2040PaI | FI35: =FI34&FB34 -> 7240PaI | FJ35: =FJ34&FB34 -> 4040PaI | FK35: . | FO35: =FO34&FM34 -> 20PaIVT | FZ35: =FZ34&FX34 -> 60PaIV | GV35: =GV34&GT34 -> 2020SeF | GW35: =GW34&GT34 -> 2072SeF | GX35: =GX34&GT34 -> 2040SeF | GY35: . | HG35: =HG34&HE34 -> 20DuC | HH35: =HH34&HE34 -> 72DuC | HI35: =HI34&HE34 -> 40DuC | HJ35: . | IC35: =IC34&IA34 -> 60ZoL | ID35: =ID34&IA34 -> 60ZoL | IE35: =IE34&IA34 -> 60ZoL | IF35: . | IG35: =IG34&IA34 -> 40ZoL | IH35: =IH34&IA34 -> 40ZoL | II35: =II34&IA34 -> 40ZoL | IJ35: . | IN35: =IN34&IL34 -> 20ZoF | IO35: =IO34&IL34 -> 72ZoF | IP35: =IP34&IL34 -> 40ZoF | IQ35: .
AZ36: #VALUE! | IW36: #VALUE!
AT37: HT | AV37: =IF(BO43<>"",MID(BO43,1,2)) -> 20 | BA37: Envolventes | CC37: Marco | CN37: Marco Liso | CY37: Puerta | DJ37: Abatible | DU37: Panel Lateral | EF37: Panel Posterior | EQ37: Panel Superior | FB37: Panel Inferior | FM37: Para interno Vertical Total | FX37: Para interno Vertical Parcial | GI37: Para interno Horizontal | GT37: Segregacion Frontal (+NB) | HE37: Pasa Cables | HP37: Kit de Zócalo | IA37: Tapa Zócalo Lateral | IL37: Tapa Zócalo Frontal
AT39: W1 | AV39: =IF(BA61<>"",MID(AT59,1,2)) -> 20
AT40: D | AU40: A | AV40: =IF(BA61<>"",MID(BV66,1,2)) -> 60
AU41: B | AV41: =IF(BA61<>"",MID(BV61,1,2)) -> 40
AT43: W2 | AV43: =IF(BA71<>"",MID(AT69,1,2)) -> 72 | BA43: Altura : | BO43: =IF(Proyecto!HG58<>"",Proyecto!HG58,"") -> 2000 | BW43: [ mm ] | EQ43: #VALUE!
AT44: D | AU44: A | AV44: =IF(BA71<>"",MID(BV76,1,2)) -> 60 | AX44: B | IX44: B
AU45: B | AV45: =IF(BA71<>"",MID(BV71,1,2)) -> 40 | CC45: #VALUE! | CN45: #VALUE! | CY45: #VALUE! | DU45: #VALUE! | EF45: #VALUE! | FB45: #VALUE! | FM45: #VALUE! | FX45: #VALUE! | GI45: #VALUE! | GT45: #VALUE! | HE45: #VALUE! | IA45: #VALUE! | IL45: #VALUE!
BA46: Protección : | BO46: =IF(Proyecto!HG64<>"",Proyecto!HG64,"") -> IP31
AT47: W3 | AV47: =IF(BA81<>"",MID(AT79,1,2)) -> 40
AT48: D | AU48: A | AV48: =IF(BA81<>"",MID(BV86,1,2)) -> 60
AU49: B | AV49: =IF(BA81<>"",MID(BV81,1,2)) -> 40 | AZ49: #VALUE! | BA49: Icc : | BO49: =IF(Proyecto!HG88<>"",Proyecto!HG88,"") -> 10 - 65 | BW49: [ kA ] | IW49: #VALUE!
AT51: IP | AV51: =IF(BO46<>"",MID(BO46,3,2),"") -> 31 | HS51: #VALUE!
BA52: In : | BO52: =IF(Proyecto!HG94<>"",Proyecto!HG94,"") -> 250 | BW52: [ A ]
AT53: Icc
AT54: =IF(BO49<>"",BO49,"") -> 10 - 65
BA55: Color : | BO55: =IF(Proyecto!HG70<>"",Proyecto!HG70,"") -> RAL7035
AT56: =_xlfn.IFS(BV66=400,"Prof1",BV66=600,"Prof",BV66=1000,"Prof") -> Prof
AX57: C | IX57: C
BA58: Gaveta Tipo : | BO58: Abatible
AT59: =_xlfn.IFS(BA61="+NB","200",BA61="+NI","400",BA61="+NE","720",BA61="+NL","800",BA61="+NE*","1120") -> 200 | CS59: IP30
AT61: =IF(BA61<>"","VERDADERO","") -> VERDADERO | BA61: +NB | BG61: Posterior | BR61: D: | BV61: 400 | CC61: FALSE | CE61: =IFERROR(VLOOKUP(CI35,BD!$B:$D,3,FALSE),"-") -> 1017012 | CL61: FALSE | CN61: =IFERROR(IF(AV51="30",VLOOKUP(CP35,BD!$B:$D,3,FALSE),"-"),"-") -> - | CY61: =IFERROR(IF(AV51>="31",VLOOKUP(DA35,BD!$B:$D,3,FALSE),"-"),"-") -> 1014103 | DJ61: =IFERROR(IF(BG51>="31",VLOOKUP(DL35,BD!$B:$D,3,FALSE),"-"),"-") -> - | DU61: =IFERROR(VLOOKUP(EA35,BD!$B:$D,3,FALSE),"-") -> 1014028 | EF61: =IFERROR(IF(BV61<>"",VLOOKUP(EH35,BD!$B:$D,3,FALSE),"-"),"-") -> 1014054 | EQ61: =IFERROR(VLOOKUP(EW35,BD!$B:$D,3,FALSE),"-") -> 1010050 | FB61: =IFERROR(VLOOKUP(FH35,BD!$B:$D,3,FALSE),"-") -> 1014250 | FM61: =IFERROR(VLOOKUP(FO35,BD!$B:$D,3,FALSE),"-") -> 1014153 | FX61: =IFERROR(VLOOKUP(FZ35,BD!$B:$D,3,FALSE),"-") -> - | GI61: =IFERROR(VLOOKUP(GI34,BD!$B:$D,3,FALSE),"-") -> - | GT61: =IFERROR(VLOOKUP(GV35,BD!$B:$D,3,FALSE),"-") -> 1024601 | HE61: =IFERROR(VLOOKUP(HG35,BD!$B:$D,3,FALSE),"-") -> - | HP61: =IFERROR(VLOOKUP(HP34,BD!$B:$D,3,FALSE),"-") -> 1014500 | IA61: =IFERROR(VLOOKUP(IG35,BD!$B:$D,3,FALSE),"-") -> 1010176 | IL61: =IFERROR(VLOOKUP(IN35,BD!$B:$D,3,FALSE),"-") -> 1010175
AZ62: #VALUE! | IW62: #VALUE!
AT63: =MID(BA61,3,1) -> B | CL63: FALSE
BG66: Frontal | BR66: D: | BV66: 600 | CC66: =IFERROR(VLOOKUP(CE35,BD!$B:$D,3,FALSE),"-") -> 1017013 | CN66: =IFERROR(IF(AV51="30",VLOOKUP(CP35,BD!$B:$D,3,FALSE),"-"),"-") -> - | CY66: =IFERROR(IF(AV51>="31",VLOOKUP(DA35,BD!$B:$D,3,FALSE),"-"),"-") -> 1014103 | DJ66: =IFERROR(IF(BG51>="31",VLOOKUP(DL35,BD!$B:$D,3,FALSE),"-"),"-") -> - | DU66: =IFERROR(VLOOKUP(DW35,BD!$B:$D,3,FALSE),"-") -> 1014029 | EF66: =IFERROR(IF(EF61<>"-","-",VLOOKUP(EH35,BD!$B:$D,3,FALSE)),"-") -> - | EQ66: =IFERROR(VLOOKUP(ES35,BD!$B:$D,3,FALSE),"-") -> 1010051 | FB66: =IFERROR(VLOOKUP(FD35,BD!$B:$D,3,FALSE),"-") -> 1014251 | FM66: =IFERROR(VLOOKUP(FO35,BD!$B:$D,3,FALSE),"-") -> 1014153 | FX66: =IFERROR(VLOOKUP(FZ35,BD!$B:$D,3,FALSE),"-") -> - | GI66: =IFERROR(VLOOKUP(GI34,BD!$B:$D,3,FALSE),"-") -> - | GT66: =IFERROR(VLOOKUP(GV35,BD!$B:$D,3,FALSE),"-") -> 1024601 | HE66: =IFERROR(VLOOKUP(HG35,BD!$B:$D,3,FALSE),"-") -> - | HP66: =IFERROR(VLOOKUP(HP34,BD!$B:$D,3,FALSE),"-") -> 1014500 | IA66: =IFERROR(VLOOKUP(IC35,BD!$B:$D,3,FALSE),"-") -> 1010177 | IL66: =IFERROR(VLOOKUP(IN35,BD!$B:$D,3,FALSE),"-") -> 1010175
AT69: =_xlfn.IFS(BA71="+NB","200",BA71="+NI","400",BA71="+NE","720",BA71="+NL","800",BA71="+NE*","1120") -> 720
AX70: D | IX70: D
AT71: =IF(BA71<>"","VERDADERO","") -> VERDADERO | BA71: +NE | BG71: Posterior | BR71: D: | BV71: 400 | CC71: =IFERROR(VLOOKUP(CJ35,BD!$B:$D,3,FALSE),"-") -> 1017018 | CN71: =IFERROR(IF(AV51="30",VLOOKUP(CQ35,BD!$B:$D,3,FALSE),"-"),"-") -> - | CY71: =IFERROR(IF(AV51>="31",VLOOKUP(DB35,BD!$B:$D,3,FALSE),"-"),"-") -> 1014105 | DJ71: =IFERROR(IF(BG51>="31",VLOOKUP(DM35,BD!$B:$D,3,FALSE),"-"),"-") -> - | DU71: =IFERROR(VLOOKUP(EB35,BD!$B:$D,3,FALSE),"-") -> 1014028 | EF71: =IFERROR(IF(BV71<>"",VLOOKUP(EI35,BD!$B:$D,3,FALSE),"-"),"-") -> 1014056 | EQ71: =IFERROR(VLOOKUP(EX35,BD!$B:$D,3,FALSE),"-") -> 1010056 | FB71: =IFERROR(VLOOKUP(FI35,BD!$B:$D,3,FALSE),"-") -> 1014256 | FM71: =IFERROR(VLOOKUP(FO35,BD!$B:$D,3,FALSE),"-") -> 1014153 | FX71: =IFERROR(VLOOKUP(FZ35,BD!$B:$D,3,FALSE),"-") -> - | GI71: =IFERROR(VLOOKUP(GI34,BD!$B:$D,3,FALSE),"-") -> - | GT71: =IFERROR(VLOOKUP(GW35,BD!$B:$D,3,FALSE),"-") -> - | HE71: =IFERROR(VLOOKUP(HH35,BD!$B:$D,3,FALSE),"-") -> 1014301 | HP71: =IFERROR(VLOOKUP(HP34,BD!$B:$D,3,FALSE),"-") -> 1014500 | IA71: =IFERROR(VLOOKUP(IH35,BD!$B:$D,3,FALSE),"-") -> 1010176 | IL71: =IFERROR(VLOOKUP(IO35,BD!$B:$D,3,FALSE),"-") -> 1010178
AT73: =MID(BA71,3,1) -> E
AZ75: #VALUE! | IW75: #VALUE!
BG76: Frontal | BR76: D: | BV76: 600 | CC76: =IFERROR(VLOOKUP(CF35,BD!$B:$D,3,FALSE),"-") -> 1017019 | CN76: =IFERROR(IF(AV51="30",VLOOKUP(CQ35,BD!$B:$D,3,FALSE),"-"),"-") -> - | CY76: =IFERROR(IF(AV51>="31",VLOOKUP(DB35,BD!$B:$D,3,FALSE),"-"),"-") -> 1014105 | DJ76: =IFERROR(IF(BG51>="31",VLOOKUP(DM35,BD!$B:$D,3,FALSE),"-"),"-") -> - | DU76: =IFERROR(VLOOKUP(DX35,BD!$B:$D,3,FALSE),"-") -> 1014029 | EF76: =IFERROR(IF(EF71<>"-","-",VLOOKUP(EI35,BD!$B:$D,3,FALSE)),"-") -> - | EQ76: =IFERROR(VLOOKUP(ET35,BD!$B:$D,3,FALSE),"-") -> 1010057 | FB76: =IFERROR(VLOOKUP(FE35,BD!$B:$D,3,FALSE),"-") -> 1014257 | FM76: =IFERROR(VLOOKUP(FO35,BD!$B:$D,3,FALSE),"-") -> 1014153 | FX76: =IFERROR(VLOOKUP(FZ35,BD!$B:$D,3,FALSE),"-") -> - | GI76: =IFERROR(VLOOKUP(GI34,BD!$B:$D,3,FALSE),"-") -> - | GT76: =IFERROR(VLOOKUP(GW35,BD!$B:$D,3,FALSE),"-") -> - | HE76: =IFERROR(VLOOKUP(HH35,BD!$B:$D,3,FALSE),"-") -> 1014301 | HP76: =IFERROR(VLOOKUP(HP34,BD!$B:$D,3,FALSE),"-") -> 1014500 | IA76: =IFERROR(VLOOKUP(ID35,BD!$B:$D,3,FALSE),"-") -> 1010177 | IL76: =IFERROR(VLOOKUP(IO35,BD!$B:$D,3,FALSE),"-") -> 1010178
AT79: =_xlfn.IFS(BA81="+NB","200",BA81="+NI","400",BA81="+NE","720",BA81="+NL","800",BA81="+NE*","1120") -> 400
AT81: =IF(BA81<>"","VERDADERO","") -> VERDADERO | BA81: +NI | BG81: Posterior | BR81: D: | BV81: 400 | CC81: =IFERROR(VLOOKUP(CK35,BD!$B:$D,3,FALSE),"-") -> 1017015 | CN81: =IFERROR(IF(AV51="30",VLOOKUP(CR35,BD!$B:$D,3,FALSE),"-"),"-") -> - | CY81: =IFERROR(IF(AV51>="31",VLOOKUP(DC35,BD!$B:$D,3,FALSE),"-"),"-") -> 1014104 | DJ81: =IFERROR(IF(BG51>="31",VLOOKUP(DN35,BD!$B:$D,3,FALSE),"-"),"-") -> - | DU81: =IFERROR(VLOOKUP(EC35,BD!$B:$D,3,FALSE),"-") -> 1014028 | EF81: =IFERROR(IF(BV81<>"",VLOOKUP(EJ35,BD!$B:$D,3,FALSE),"-"),"-") -> 1014055 | EQ81: =IFERROR(VLOOKUP(EY35,BD!$B:$D,3,FALSE),"-") -> 1010053 | FB81: =IFERROR(VLOOKUP(FJ35,BD!$B:$D,3,FALSE),"-") -> 1014253 | FM81: =IFERROR(VLOOKUP(FO35,BD!$B:$D,3,FALSE),"-") -> 1014153 | FX81: =IFERROR(VLOOKUP(FZ35,BD!$B:$D,3,FALSE),"-") -> - | GI81: =IFERROR(VLOOKUP(GI34,BD!$B:$D,3,FALSE),"-") -> - | GT81: =IFERROR(VLOOKUP(GX35,BD!$B:$D,3,FALSE),"-") -> 1021041 | HE81: =IFERROR(VLOOKUP(HI35,BD!$B:$D,3,FALSE),"-") -> 1014300 | HP81: =IFERROR(VLOOKUP(HP34,BD!$B:$D,3,FALSE),"-") -> 1014500 | IA81: =IFERROR(VLOOKUP(II35,BD!$B:$D,3,FALSE),"-") -> 1010176 | IL81: =IFERROR(VLOOKUP(IP35,BD!$B:$D,3,FALSE),"-") -> 1010176
AT83: =MID(BA81,3,1) -> I | AX83: E | IX83: E
BG86: Frontal | BR86: D: | BV86: 600 | CC86: =IFERROR(VLOOKUP(CG35,BD!$B:$D,3,FALSE),"-") -> 1017016 | CN86: =IFERROR(IF(AV51="30",VLOOKUP(CR35,BD!$B:$D,3,FALSE),"-"),"-") -> - | CY86: =IFERROR(IF(AV51>="31",VLOOKUP(DC35,BD!$B:$D,3,FALSE),"-"),"-") -> 1014104 | DJ86: =IFERROR(IF(BG51>="31",VLOOKUP(DN35,BD!$B:$D,3,FALSE),"-"),"-") -> - | DU86: =IFERROR(VLOOKUP(DY35,BD!$B:$D,3,FALSE),"-") -> 1014029 | EF86: =IFERROR(IF(EF81<>"-","-",VLOOKUP(EJ35,BD!$B:$D,3,FALSE)),"-") -> - | EQ86: =IFERROR(VLOOKUP(EU35,BD!$B:$D,3,FALSE),"-") -> 1010054 | FB86: =IFERROR(VLOOKUP(FF35,BD!$B:$D,3,FALSE),"-") -> 1014254 | FM86: =IFERROR(VLOOKUP(FO35,BD!$B:$D,3,FALSE),"-") -> 1014153 | FX86: =IFERROR(VLOOKUP(FZ35,BD!$B:$D,3,FALSE),"-") -> - | GI86: =IFERROR(VLOOKUP(GI34,BD!$B:$D,3,FALSE),"-") -> - | GT86: =IFERROR(VLOOKUP(GX35,BD!$B:$D,3,FALSE),"-") -> 1021041 | HE86: =IFERROR(VLOOKUP(HI35,BD!$B:$D,3,FALSE),"-") -> 1014300 | HP86: =IFERROR(VLOOKUP(HP34,BD!$B:$D,3,FALSE),"-") -> 1014500 | IA86: =IFERROR(VLOOKUP(IE35,BD!$B:$D,3,FALSE),"-") -> 1010177 | IL86: =IFERROR(VLOOKUP(IP35,BD!$B:$D,3,FALSE),"-") -> 1010176
AZ88: #VALUE! | IW88: #VALUE!
CC93: CaE | CN93: AnI | DU93: TaM | DW93: =DW125 -> PM6 | DX93: =DW135 -> ATS | DY93: =DW145 -> IL6 | DZ93: . | EA93: =DW120 -> ATS | EB93: =DW130 -> IL6 | EC93: =DW140 -> PM6 | ED93: . | EF93: BaE | EH93: =AV39&AV40 -> 2060 | EI93: =AV43&AV44 -> 7260 | EJ93: =AV47&AV48 -> 4060 | EK93: . | EL93: =AV39&AV41 -> 2040 | EM93: =AV43&AV45 -> 7240 | EN93: =AV47&AV49 -> 4040 | EO93: . | EQ93: BaE | ES93: =AV39&AV40 -> 2060 | ET93: =AV43&AV44 -> 7260 | EU93: =AV47&AV48 -> 4060 | EV93: . | EW93: =AV39&AV41 -> 2040 | EX93: =AV43&AV45 -> 7240 | EY93: =AV47&AV49 -> 4040 | EZ93: . | FA93: H4 | FB93: CuTI | FD93: =AV39&AV40 -> 2060 | FE93: =AV43&AV44 -> 7260 | FF93: =AV47&AV48 -> 4060 | FG93: . | FH93: =AV39&AV41 -> 2040 | FI93: =AV43&AV45 -> 7240 | FJ93: =AV47&AV49 -> 4040 | FK93: . | GI93: KiUP
DW94: =DU93&DW93 -> TaMPM6 | DX94: =DU93&DX93 -> TaMATS | DY94: =DU93&DY93 -> TaMIL6 | DZ94: . | EA94: =DU93&EA93 -> TaMATS | EB94: =DU93&EB93 -> TaMIL6 | EC94: =DU93&EC93 -> TaMPM6 | ED94: . | EH94: =EH93&EF93 -> 2060BaE | EI94: =EI93&EF93 -> 7260BaE | EJ94: =EJ93&EF93 -> 4060BaE | EK94: . | EL94: =EL93&EF93 -> 2040BaE | EM94: =EM93&EF93 -> 7240BaE | EN94: =EN93&EF93 -> 4040BaE | EO94: . | ES94: =ES93&EQ93&FA93 -> 2060BaEH4 | ET94: =ET93&EQ93&FA93 -> 7260BaEH4 | EU94: =EU93&EQ93&FA93 -> 4060BaEH4 | EV94: . | EW94: =EW93&EQ93&FA93 -> 2040BaEH4 | EX94: =EX93&EQ93&FA93 -> 7240BaEH4 | EY94: =EY93&EQ93&FA93 -> 4040BaEH4 | EZ94: . | FD94: =FD93&FB93 -> 2060CuTI | FE94: =FE93&FB93 -> 7260CuTI | FF94: =FF93&FB93 -> 4060CuTI | FG94: . | FH94: =FH93&FB93 -> 2040CuTI | FI94: =FI93&FB93 -> 7240CuTI | FJ94: =FJ93&FB93 -> 4040CuTI | FK94: .
AX96: F | BA96: Complementos MTM | CC96: Cancamo | CN96: Angulo de Izaje | CY96: Hablador | DJ96: Placa de Control | DU96: Tapa Placa de Control | EF96: Base Estructural | EQ96: Base H:400 mm | FB96: Cubierta Superior | FM96: Cubierta de Ventilación | FX96: Cubierta para Moculo | GI96: Kit de Union Posterior | GT96: xxxx | HE96: xxxx | HP96: xxxx | IA96: xxxx | IL96: Grua T-Power NEO | IX96: F
AZ101: #VALUE! | IW101: #VALUE!
BA102: Altura : | BO102: =IF(Proyecto!HG58<>"",Proyecto!HG58,"") -> 2000 | BW102: [ mm ] | FB102: #VALUE!
FZ103: En Desarrollo
BA105: Protección : | BO105: =IF(Proyecto!HG64<>"",Proyecto!HG64,"") -> IP31
DM106: #VALUE! | FP106: #VALUE!
BA108: Icc : | BO108: =IF(Proyecto!HG88<>"",Proyecto!HG88,"") -> 10 - 65 | BW108: [ kA ] | DX108: #VALUE! | EG108: #VALUE! | ER108: #VALUE! | GA108: #VALUE!
AX109: G | CF109: #VALUE! | CQ109: #VALUE! | GL109: #VALUE! | IX109: G
BA111: In : | BO111: =IF(Proyecto!HG94<>"",Proyecto!HG94,"") -> 250 | BW111: [ A ]
AZ114: #VALUE! | BA114: Color : | BO114: =IF(Proyecto!HG70<>"",Proyecto!HG70,"") -> RAL7035 | IW114: #VALUE!
BA117: Gaveta Tipo : | BO117: =IF(BO58="","",BO58) -> Abatible
FG118: IP55 | FR118: IP55 | GC118: IP55
BA120: +NB | BG120: Posterior | BR120: D: | BV120: 400 | CC120: =IFERROR(VLOOKUP(CC93,BD!$B:$D,3,FALSE),"-") -> 1014501 | CN120: =IFERROR(VLOOKUP(CN93,BD!$B:$D,3,FALSE),"-") -> 1014502 | CY120: - | DJ120: - | DU120: FALSE | DW120: ATS | ED120: FALSE | EF120: =IFERROR(VLOOKUP(EL94,BD!$B:$D,3,FALSE),"-") -> 1015000 | EQ120: =IFERROR(VLOOKUP(EW94,BD!$B:$D,3,FALSE),"-") -> 1015014 | FB120: =IFERROR(VLOOKUP(FH94,BD!$B:$D,3,FALSE),"-") -> 1013275 | FX120: - | GI120: =IFERROR(VLOOKUP(GI93,BD!$B:$D,3,FALSE),"-") -> 1012001 | GT120: FALSE | GV120: - | HC120: FALSE | HE120: FALSE | HG120: - | HN120: FALSE | HP120: FALSE | HR120: - | HY120: FALSE | IA120: FALSE | IC120: - | IJ120: FALSE | IL120: FALSE | IN120: - | IU120: FALSE
AX122: H | DW122: =IFERROR(VLOOKUP(EA94,BD!$B:$D,3,FALSE),"-") -> 1012110 | ED122: FALSE | HC122: FALSE | HN122: FALSE | HY122: FALSE | IJ122: FALSE | IU122: FALSE | IX122: H
BG125: Frontal | BR125: D: | BV125: 600 | CC125: =IFERROR(VLOOKUP(CC93,BD!$B:$D,3,FALSE),"-") -> 1014501 | CN125: =IFERROR(VLOOKUP(CN93,BD!$B:$D,3,FALSE),"-") -> 1014502 | CY125: - | DJ125: - | DU125: FALSE | DW125: PM6 | ED125: FALSE | EF125: =IFERROR(VLOOKUP(EH94,BD!$B:$D,3,FALSE),"-") -> 1015001 | EQ125: =IFERROR(VLOOKUP(ES94,BD!$B:$D,3,FALSE),"-") -> 1015015 | FB125: =IFERROR(VLOOKUP(FD94,BD!$B:$D,3,FALSE),"-") -> 1013276 | FX125: - | GI125: - | GT125: FALSE | GV125: - | HC125: FALSE | HE125: FALSE | HG125: - | HN125: FALSE | HP125: FALSE | HR125: - | HY125: FALSE | IA125: FALSE | IC125: - | IJ125: FALSE | IL125: FALSE | IN125: - | IU125: FALSE
AZ127: #VALUE! | DW127: =IFERROR(VLOOKUP(DW94,BD!$B:$D,3,FALSE),"-") -> 1012111 | ED127: FALSE | HC127: FALSE | HN127: FALSE | HY127: FALSE | IJ127: FALSE | IU127: FALSE | IW127: #VALUE!
BA130: +NE | BG130: Posterior | BR130: D: | BV130: 400 | CC130: =IFERROR(VLOOKUP(CC93,BD!$B:$D,3,FALSE),"-") -> 1014501 | CN130: =IFERROR(VLOOKUP(CN93,BD!$B:$D,3,FALSE),"-") -> 1014502 | CY130: - | DJ130: - | DU130: FALSE | DW130: IL6 | ED130: FALSE | EF130: =IFERROR(VLOOKUP(EM94,BD!$B:$D,3,FALSE),"-") -> 1015006 | FB130: =IFERROR(VLOOKUP(FI94,BD!$B:$D,3,FALSE),"-") -> 1013281 | FX130: - | GI130: =IFERROR(VLOOKUP(GI93,BD!$B:$D,3,FALSE),"-") -> 1012001 | GT130: FALSE | GV130: - | HC130: FALSE | HE130: FALSE | HG130: - | HN130: FALSE | HP130: FALSE | HR130: - | HY130: FALSE | IA130: FALSE | IC130: - | IJ130: FALSE | IL130: FALSE | IN130: - | IU130: FALSE
DW132: =IFERROR(VLOOKUP(EB94,BD!$B:$D,3,FALSE),"-") -> 1012150 | ED132: FALSE | HC132: FALSE | HN132: FALSE | HY132: FALSE | IJ132: FALSE | IU132: FALSE
AX135: I | BG135: Frontal | BR135: D: | BV135: 600 | CC135: =IFERROR(VLOOKUP(CC93,BD!$B:$D,3,FALSE),"-") -> 1014501 | CN135: =IFERROR(VLOOKUP(CN93,BD!$B:$D,3,FALSE),"-") -> 1014502 | CY135: - | DJ135: - | DU135: FALSE | DW135: ATS | ED135: FALSE | EF135: =IFERROR(VLOOKUP(EI94,BD!$B:$D,3,FALSE),"-") -> 1015007 | EQ135: =IFERROR(VLOOKUP(ET94,BD!$B:$D,3,FALSE),"-") -> 1015021 | FB135: =IFERROR(VLOOKUP(FE94,BD!$B:$D,3,FALSE),"-") -> 1013282 | FX135: - | GI135: - | GT135: FALSE | GV135: - | HC135: FALSE | HE135: FALSE | HG135: - | HN135: FALSE | HP135: FALSE | HR135: - | HY135: FALSE | IA135: FALSE | IC135: - | IJ135: FALSE | IL135: FALSE | IN135: - | IU135: FALSE | IX135: I
DW137: =IFERROR(VLOOKUP(DX94,BD!$B:$D,3,FALSE),"-") -> 1012110 | ED137: FALSE | HC137: FALSE | HN137: FALSE | HY137: FALSE | IJ137: FALSE | IU137: FALSE
AZ140: #VALUE! | BA140: +NI | BG140: Posterior | BR140: D: | BV140: 400 | CC140: =IFERROR(VLOOKUP(CC93,BD!$B:$D,3,FALSE),"-") -> 1014501 | CN140: =IFERROR(VLOOKUP(CN93,BD!$B:$D,3,FALSE),"-") -> 1014502 | CY140: - | DJ140: - | DU140: FALSE | DW140: PM6 | ED140: FALSE | EF140: =IFERROR(VLOOKUP(EN94,BD!$B:$D,3,FALSE),"-") -> 1015003 | EQ140: =IFERROR(VLOOKUP(EY94,BD!$B:$D,3,FALSE),"-") -> 1015017 | FB140: =IFERROR(VLOOKUP(FJ94,BD!$B:$D,3,FALSE),"-") -> 1013278 | FX140: - | GI140: =IFERROR(VLOOKUP(GI93,BD!$B:$D,3,FALSE),"-") -> 1012001 | GT140: FALSE | GV140: - | HC140: FALSE | HE140: FALSE | HG140: - | HN140: FALSE | HP140: FALSE | HR140: - | HY140: FALSE | IA140: FALSE | IC140: - | IJ140: FALSE | IL140: FALSE | IN140: - | IU140: FALSE | IW140: #VALUE!
DW142: =IFERROR(VLOOKUP(EC94,BD!$B:$D,3,FALSE),"-") -> 1012111 | ED142: FALSE | HC142: FALSE | HN142: FALSE | HY142: FALSE | IJ142: FALSE | IU142: FALSE
BG145: Frontal | BR145: D: | BV145: 600 | CC145: =IFERROR(VLOOKUP(CC93,BD!$B:$D,3,FALSE),"-") -> 1014501 | CN145: =IFERROR(VLOOKUP(CN93,BD!$B:$D,3,FALSE),"-") -> 1014502 | CY145: - | DJ145: - | DU145: FALSE | DW145: IL6 | ED145: FALSE | EF145: =IFERROR(VLOOKUP(EJ94,BD!$B:$D,3,FALSE),"-") -> 1015004 | EQ145: =IFERROR(VLOOKUP(EU94,BD!$B:$D,3,FALSE),"-") -> 1015018 | FB145: =IFERROR(VLOOKUP(FF94,BD!$B:$D,3,FALSE),"-") -> 1013279 | FX145: - | GI145: - | GT145: FALSE | GV145: - | HC145: FALSE | HE145: FALSE | HG145: - | HN145: FALSE | HP145: FALSE | HR145: - | HY145: FALSE | IA145: FALSE | IC145: - | IJ145: FALSE | IL145: FALSE | IN145: - | IU145: FALSE
DW147: =IFERROR(VLOOKUP(DY94,BD!$B:$D,3,FALSE),"-") -> 1012150 | ED147: FALSE | HC147: FALSE | HN147: FALSE | HY147: FALSE | IJ147: FALSE | IU147: FALSE
AX148: J | IX148: J
AZ153: #VALUE! | IH153: CHECK | IW153: #VALUE!
BF154: Orden de Trabajo: | BZ154: APE : | DN154: APM : | FB154: Sede B | GP154: LDP :
IH156: TRUE | IL156: LEM
BF159: OT: | BZ159: Fecha de Entrega : | CT159: =TODAY() -> 46007 | DN159: Fecha de Entrega : | FB159: Fecha de Entrega : | GP159: Fecha de Entrega :
IH160: TRUE | IL160: LDP
AX161: K | IX161: K
AZ165: #VALUE! | IW165: #VALUE!
BA166: Dibujó: | BH166: =EO113 -> 0 | BR166: Aprobó: | BY166: =EO119 -> 0 | CL166: #VALUE! | CZ166: Cliente: | DG166: =EO125 -> 0 | EY166: OT: | FC166: =EO128 -> 0 | FP166: Producto: | FY166: =EO134 -> 0 | HO166: Tipo de Aplicación: | IF166: =EO137 -> 0
BA170: Revisó: | BH170: =EO116 -> 0 | BR170: Fecha: | BY170: =TODAY() -> 46007 | CZ170: Industrias CTS. Todos los derechos reservados. Está prohibido cualquier uso sin previa autorización por parte de Industrias CTS S.A.S | EY170: Versión N°: | FH170: =EO131 -> 0 | FP170: Descripción de página: | HO170: Formato: | HV170: A4 | IF170: Página N°:
BH174: #VALUE! | BY174: #VALUE! | CP174: #VALUE! | DG174: #VALUE! | DX174: #VALUE! | EO174: #VALUE! | FF174: #VALUE! | FW174: #VALUE! | GN174: #VALUE! | HE174: #VALUE! | HV174: #VALUE! | IM174: #VALUE!
BA175: 1 | BR175: 2 | CI175: 3 | CZ175: 4 | DQ175: 5 | EH175: 6 | EY175: 7 | FP175: 8 | GG175: 9 | GX175: 10 | HO175: 11 | IF175: 12
EK199: <
AZ203: Orden de Trabajo: | BT203: APE : | DL203: APM : | FD203: DPM : | GV203: LDP :
AZ208: OT: | BT208: Fecha de Entrega : | CP208: =TODAY() -> 46007 | DL208: Fecha de Entrega : | FD208: Fecha de Entrega : | GV208: Fecha de Entrega :

Sheet Envolvente (6)
GW4: #VALUE! | HD4: xxxx
CD12: Envolvente
BA28: 1 | BR28: 2 | CI28: 3 | CZ28: 4 | DQ28: 5 | EH28: 6 | EY28: 7 | FP28: 8 | GG28: 9 | GX28: 10 | HO28: 11 | IF28: 12
BH30: #VALUE! | BY30: #VALUE! | CP30: #VALUE! | DG30: #VALUE! | DX30: #VALUE! | EO30: #VALUE! | FF30: #VALUE! | FW30: #VALUE! | GN30: #VALUE! | HE30: #VALUE! | HV30: #VALUE! | IM30: #VALUE!
AX31: A | IX31: A
BM33: Ma | BO33: =#REF!&#REF!&#REF! -> #REF! | BP33: =#REF!&#REF!&#REF! -> #REF! | BQ33: =#REF!&#REF!&#REF! -> #REF! | BS33: . | BT33: =#REF!&#REF!&#REF! -> #REF! | BU33: =#REF!&#REF!&#REF! -> #REF! | BV33: =#REF!&#REF!&#REF! -> #REF! | BW33: . | BY33: MaL | CA33: =#REF!&#REF! -> #REF! | CB33: =#REF!&#REF! -> #REF! | CC33: =#REF!&#REF! -> #REF! | CE33: . | CK33: PuP | CM33: =#REF!&#REF! -> #REF! | CN33: =#REF!&#REF! -> #REF! | CO33: =#REF!&#REF! -> #REF! | CQ33: . | DI33: PaLP | DK33: =#REF!&#REF! -> #REF! | DL33: =#REF!&#REF! -> #REF! | DM33: =#REF!&#REF! -> #REF! | DO33: . | DP33: =#REF!&#REF! -> #REF! | DQ33: =#REF!&#REF! -> #REF! | DR33: =#REF!&#REF! -> #REF! | DS33: . | DU33: PaPP | DW33: =#REF!&#REF! -> #REF! | DX33: =#REF!&#REF! -> #REF! | DY33: =#REF!&#REF! -> #REF! | EA33: . | EG33: PaS | EI33: =#REF!&#REF! -> #REF! | EJ33: =#REF!&#REF! -> #REF! | EK33: =#REF!&#REF! -> #REF! | EM33: . | EN33: =#REF!&#REF! -> #REF! | EO33: =#REF!&#REF! -> #REF! | EP33: =#REF!&#REF! -> #REF! | EQ33: . | ES33: PaI | EU33: =#REF!&#REF! -> #REF! | EV33: =#REF!&#REF! -> #REF! | EW33: =#REF!&#REF! -> #REF! | EY33: . | EZ33: =#REF!&#REF! -> #REF! | FA33: =#REF!&#REF! -> #REF! | FB33: =#REF!&#REF! -> #REF! | FC33: . | FE33: PaIVT | FG33: =#REF! -> #REF! | FQ33: PaIV | FS33: 60 | FT33: 90 | FU33: 10 | GC33: PaIH | GO33: SeF | GQ33: =#REF!&#REF! -> #REF! | GR33: =#REF!&#REF! -> #REF! | GS33: =#REF!&#REF! -> #REF! | GU33: , | HA33: DuC | HC33: =#REF! -> #REF! | HD33: =#REF! -> #REF! | HE33: =#REF! -> #REF! | HG33: . | HM33: BaZ | HY33: ZoL | IA33: =#REF! -> #REF! | IB33: =#REF! -> #REF! | IC33: =#REF! -> #REF! | IE33: . | IF33: =#REF! -> #REF! | IG33: =#REF! -> #REF! | IH33: =#REF! -> #REF! | IK33: ZoF | IM33: =#REF! -> #REF! | IN33: =#REF! -> #REF! | IO33: =#REF! -> #REF! | IQ33: .
BO34: =BO33&BM33 -> #REF! | BP34: =BP33&BM33 -> #REF! | BQ34: =BQ33&BM33 -> #REF! | BS34: . | BT34: =BT33&BM33 -> #REF! | BU34: =BU33&BM33 -> #REF! | BV34: =BV33&BM33 -> #REF! | BW34: . | CA34: =CA33&BY33 -> #REF! | CB34: =CB33&BY33 -> #REF! | CC34: =CC33&BY33 -> #REF! | CE34: . | CM34: =CM33&CK33 -> #REF! | CN34: =CN33&CK33 -> #REF! | CO34: =CO33&CK33 -> #REF! | CQ34: . | DK34: =DK33&DI33 -> #REF! | DL34: =DL33&DI33 -> #REF! | DM34: =DM33&DI33 -> #REF! | DO34: . | DP34: =DP33&DI33 -> #REF! | DQ34: =DQ33&DI33 -> #REF! | DR34: =DR33&DI33 -> #REF! | DS34: . | DW34: =DW33&DU33 -> #REF! | DX34: =DX33&DU33 -> #REF! | DY34: =DY33&DU33 -> #REF! | EA34: . | EI34: =EI33&EG33 -> #REF! | EJ34: =EJ33&EG33 -> #REF! | EK34: =EK33&EG33 -> #REF! | EM34: . | EN34: =EN33&EG33 -> #REF! | EO34: =EO33&EG33 -> #REF! | EP34: =EP33&EG33 -> #REF! | EQ34: . | EU34: =EU33&ES33 -> #REF! | EV34: =EV33&ES33 -> #REF! | EW34: =EW33&ES33 -> #REF! | EY34: . | EZ34: =EZ33&ES33 -> #REF! | FA34: =FA33&ES33 -> #REF! | FB34: =FB33&ES33 -> #REF! | FC34: . | FG34: =FG33&FE33 -> #REF! | FS34: =FS33&FQ33 -> 60PaIV | GQ34: =GQ33&GO33 -> #REF! | GR34: =GR33&GO33 -> #REF! | GS34: =GS33&GO33 -> #REF! | GU34: . | HC34: =HC33&HA33 -> #REF! | HD34: =HD33&HA33 -> #REF! | HE34: =HE33&HA33 -> #REF! | HG34: . | IA34: =IA33&HY33 -> #REF! | IB34: =IB33&HY33 -> #REF! | IC34: =IC33&HY33 -> #REF! | IE34: . | IF34: =IF33&HY33 -> #REF! | IG34: =IG33&HY33 -> #REF! | IH34: =IH33&HY33 -> #REF! | II34: . | IM34: =IM33&IK33 -> #REF! | IN34: =IN33&IK33 -> #REF! | IO34: =IO33&IK33 -> #REF! | IQ34: .
AZ36: #VALUE!
BA37: Complementos MTM | BM37: Marco | BY37: Marco Liso | CK37: Puerta | CW37: Abatible | DI37: Panel Lateral | DU37: Panel Posterior | EG37: Panel Superior | ES37: Panel Inferior | FE37: Para interno Vertical Total | FQ37: Para interno Vertical Parcial | GC37: Para interno Horizontal | GO37: Segregacion Frontal (+NB) | HA37: Pasa Cables | HM37: Kit de Zócalo | HY37: Tapa Zócalo Lateral | IK37: Tapa Zócalo Frontal
BA43: H: | BE43: 2200 | BJ43: [mm] | EG43: #VALUE!
AX44: B | IX44: B
